2025-05-14 15:33:30.616 INFO  [restartedMain] c.dantri.crawler.CrawlerApplication [StartupInfoLogger.java:53] - Starting CrawlerApplication using Java 21.0.7 with PID 19003 (/home/son/Documents/hoc_java/Crawler/target/classes started by son in /home/son/Documents/hoc_java/Crawler)
2025-05-14 15:33:30.618 INFO  [restartedMain] c.dantri.crawler.CrawlerApplication [SpringApplication.java:652] - No active profile set, falling back to 1 default profile: "default"
2025-05-14 15:33:30.659 INFO  [restartedMain] o.s.b.d.e.DevToolsPropertyDefaultsPostProcessor [DeferredLog.java:252] - Devtools property defaults active! Set 'spring.devtools.add-properties' to 'false' to disable
2025-05-14 15:33:30.660 INFO  [restartedMain] o.s.b.d.e.DevToolsPropertyDefaultsPostProcessor [DeferredLog.java:252] - For additional web related logging consider setting the 'logging.level.web' property to 'DEBUG'
2025-05-14 15:33:31.098 INFO  [restartedMain] o.s.d.r.c.RepositoryConfigurationDelegate [RepositoryConfigurationDelegate.java:295] - Multiple Spring Data modules found, entering strict repository configuration mode
2025-05-14 15:33:31.101 INFO  [restartedMain] o.s.d.r.c.RepositoryConfigurationDelegate [RepositoryConfigurationDelegate.java:143] - Bootstrapping Spring Data Redis repositories in DEFAULT mode.
2025-05-14 15:33:31.146 INFO  [restartedMain] o.s.d.r.c.RepositoryConfigurationDelegate [RepositoryConfigurationDelegate.java:211] - Finished Spring Data repository scanning in 23 ms. Found 0 Redis repository interfaces.
2025-05-14 15:33:31.541 INFO  [restartedMain] o.s.b.w.e.tomcat.TomcatWebServer [TomcatWebServer.java:111] - Tomcat initialized with port 8080 (http)
2025-05-14 15:33:31.553 INFO  [restartedMain] o.a.coyote.http11.Http11NioProtocol [DirectJDKLog.java:168] - Initializing ProtocolHandler ["http-nio-8080"]
2025-05-14 15:33:31.558 INFO  [restartedMain] o.a.catalina.core.StandardService [DirectJDKLog.java:168] - Starting service [Tomcat]
2025-05-14 15:33:31.559 INFO  [restartedMain] o.a.catalina.core.StandardEngine [DirectJDKLog.java:168] - Starting Servlet engine: [Apache Tomcat/10.1.40]
2025-05-14 15:33:31.591 INFO  [restartedMain] o.a.c.c.C.[Tomcat].[localhost].[/] [DirectJDKLog.java:168] - Initializing Spring embedded WebApplicationContext
2025-05-14 15:33:31.592 INFO  [restartedMain] o.s.b.w.s.c.ServletWebServerApplicationContext [ServletWebServerApplicationContext.java:301] - Root WebApplicationContext: initialization completed in 932 ms
2025-05-14 15:33:31.646 INFO  [restartedMain] c.d.crawler.queue.CrawlQueueManager [CrawlQueueManager.java:20] - Queue capacity = 50000
2025-05-14 15:33:31.691 INFO  [restartedMain] org.quartz.impl.StdSchedulerFactory [StdSchedulerFactory.java:1220] - Using default implementation for ThreadExecutor
2025-05-14 15:33:31.698 INFO  [restartedMain] o.quartz.core.SchedulerSignalerImpl [SchedulerSignalerImpl.java:61] - Initialized Scheduler Signaller of type: class org.quartz.core.SchedulerSignalerImpl
2025-05-14 15:33:31.699 INFO  [restartedMain] org.quartz.core.QuartzScheduler [QuartzScheduler.java:229] - Quartz Scheduler v.2.3.2 created.
2025-05-14 15:33:31.699 INFO  [restartedMain] org.quartz.simpl.RAMJobStore [RAMJobStore.java:155] - RAMJobStore initialized.
2025-05-14 15:33:31.700 INFO  [restartedMain] org.quartz.core.QuartzScheduler [QuartzScheduler.java:294] - Scheduler meta-data: Quartz Scheduler (v2.3.2) 'quartzScheduler' with instanceId 'NON_CLUSTERED'
  Scheduler class: 'org.quartz.core.QuartzScheduler' - running locally.
  NOT STARTED.
  Currently in standby mode.
  Number of jobs executed: 0
  Using thread pool 'org.quartz.simpl.SimpleThreadPool' - with 10 threads.
  Using job-store 'org.quartz.simpl.RAMJobStore' - which does not support persistence. and is not clustered.

2025-05-14 15:33:31.700 INFO  [restartedMain] org.quartz.impl.StdSchedulerFactory [StdSchedulerFactory.java:1374] - Quartz scheduler 'quartzScheduler' initialized from an externally provided properties instance.
2025-05-14 15:33:31.700 INFO  [restartedMain] org.quartz.impl.StdSchedulerFactory [StdSchedulerFactory.java:1378] - Quartz scheduler version: 2.3.2
2025-05-14 15:33:31.700 INFO  [restartedMain] org.quartz.core.QuartzScheduler [QuartzScheduler.java:2293] - JobFactory set to: org.springframework.scheduling.quartz.SpringBeanJobFactory@5b36a899
2025-05-14 15:33:32.278 INFO  [restartedMain] o.s.b.d.a.OptionalLiveReloadServer [OptionalLiveReloadServer.java:59] - LiveReload server is running on port 35729
2025-05-14 15:33:32.288 INFO  [restartedMain] o.a.coyote.http11.Http11NioProtocol [DirectJDKLog.java:168] - Starting ProtocolHandler ["http-nio-8080"]
2025-05-14 15:33:32.300 INFO  [restartedMain] o.s.b.w.e.tomcat.TomcatWebServer [TomcatWebServer.java:243] - Tomcat started on port 8080 (http) with context path '/'
2025-05-14 15:33:32.303 INFO  [restartedMain] o.s.s.quartz.SchedulerFactoryBean [SchedulerFactoryBean.java:730] - Starting Quartz Scheduler now
2025-05-14 15:33:32.307 INFO  [restartedMain] org.quartz.core.QuartzScheduler [QuartzScheduler.java:547] - Scheduler quartzScheduler_$_NON_CLUSTERED started.
2025-05-14 15:33:32.323 INFO  [restartedMain] c.dantri.crawler.CrawlerApplication [StartupInfoLogger.java:59] - Started CrawlerApplication in 2.117 seconds (process running for 2.359)
2025-05-14 15:33:32.329 INFO  [Worker-0] c.dantri.crawler.worker.CrawlWorker [CrawlWorker.java:67] - Worker Worker-0 started
2025-05-14 15:33:32.329 INFO  [Worker-1] c.dantri.crawler.worker.CrawlWorker [CrawlWorker.java:67] - Worker Worker-1 started
2025-05-14 15:33:32.329 INFO  [Worker-2] c.dantri.crawler.worker.CrawlWorker [CrawlWorker.java:67] - Worker Worker-2 started
2025-05-14 15:33:32.329 INFO  [Worker-3] c.dantri.crawler.worker.CrawlWorker [CrawlWorker.java:67] - Worker Worker-3 started
2025-05-14 15:33:32.329 INFO  [Worker-4] c.dantri.crawler.worker.CrawlWorker [CrawlWorker.java:67] - Worker Worker-4 started
2025-05-14 15:33:32.330 INFO  [Worker-5] c.dantri.crawler.worker.CrawlWorker [CrawlWorker.java:67] - Worker Worker-5 started
2025-05-14 15:33:32.330 INFO  [restartedMain] c.d.crawler.service.CrawlService [CrawlService.java:47] - Started 6 CrawlWorker threads (maxLevel=4)
2025-05-14 15:33:32.333 INFO  [restartedMain] org.quartz.core.QuartzScheduler [QuartzScheduler.java:547] - Scheduler quartzScheduler_$_NON_CLUSTERED started.
2025-05-14 15:33:32.333 INFO  [restartedMain] c.d.crawler.service.CrawlService [CrawlService.java:72] - Quartz scheduler started: CrawlJob every 5 minutes
2025-05-14 15:33:32.343 INFO  [quartzScheduler_Worker-1] com.dantri.crawler.job.CrawlJob [CrawlJob.java:26] - Scheduled startUrl: https://dantri.com.vn/
2025-05-14 15:33:32.344 INFO  [quartzScheduler_Worker-1] com.dantri.crawler.job.CrawlJob [CrawlJob.java:26] - Scheduled startUrl: https://vnexpress.net/
2025-05-14 15:33:32.345 INFO  [quartzScheduler_Worker-1] com.dantri.crawler.job.CrawlJob [CrawlJob.java:26] - Scheduled startUrl: https://tuoitre.vn/
2025-05-14 15:33:32.345 INFO  [quartzScheduler_Worker-1] com.dantri.crawler.job.CrawlJob [CrawlJob.java:26] - Scheduled startUrl: https://vietnamnet.vn/
2025-05-14 15:33:32.345 INFO  [quartzScheduler_Worker-1] com.dantri.crawler.job.CrawlJob [CrawlJob.java:26] - Scheduled startUrl: https://tienphong.vn/
2025-05-14 15:33:32.345 INFO  [quartzScheduler_Worker-1] com.dantri.crawler.job.CrawlJob [CrawlJob.java:26] - Scheduled startUrl: https://thanhnien.vn/
2025-05-14 15:33:32.345 INFO  [quartzScheduler_Worker-1] com.dantri.crawler.job.CrawlJob [CrawlJob.java:26] - Scheduled startUrl: https://vtcnews.vn/
2025-05-14 15:33:32.345 INFO  [quartzScheduler_Worker-1] com.dantri.crawler.job.CrawlJob [CrawlJob.java:26] - Scheduled startUrl: https://danviet.vn/
2025-05-14 15:33:32.345 INFO  [quartzScheduler_Worker-1] com.dantri.crawler.job.CrawlJob [CrawlJob.java:26] - Scheduled startUrl: https://nhandan.vn/
2025-05-14 15:33:32.345 INFO  [quartzScheduler_Worker-1] com.dantri.crawler.job.CrawlJob [CrawlJob.java:26] - Scheduled startUrl: https://www.qdnd.vn/
2025-05-14 15:33:32.345 INFO  [quartzScheduler_Worker-1] com.dantri.crawler.job.CrawlJob [CrawlJob.java:26] - Scheduled startUrl: https://soha.vn/
2025-05-14 15:33:32.345 INFO  [quartzScheduler_Worker-1] com.dantri.crawler.job.CrawlJob [CrawlJob.java:26] - Scheduled startUrl: https://baochinhphu.vn/
2025-05-14 15:33:41.302 INFO  [Worker-0] c.d.crawler.storage.ArticleStorage [ArticleStorage.java:52] - Saved article: https://vnexpress.net/sau-tru-cot-dinh-hinh-chien-luoc-an-ninh-quoc-gia-my-4885701.html via JSON-LD+Tags
2025-05-14 15:33:42.755 INFO  [Worker-3] c.d.crawler.storage.ArticleStorage [ArticleStorage.java:52] - Saved article: https://vnexpress.net/dai-bieu-dan-bi-oan-se-nho-cay-ai-neu-bo-chat-van-chanh-an-vien-truong-4885742.html via JSON-LD+Tags
2025-05-14 15:33:43.687 INFO  [Worker-1] c.d.crawler.storage.ArticleStorage [ArticleStorage.java:52] - Saved article: https://tuoitre.vn/ti-le-choi-vao-lop-10-tung-truong-thpt-o-tp-hcm-20250514150325587.htm via JSON-LD+Tags
2025-05-14 15:33:43.995 INFO  [Worker-2] c.d.crawler.storage.ArticleStorage [ArticleStorage.java:52] - Saved article: https://vnexpress.net/kpi-khong-phai-dua-than-4885558.html via JSON-LD+Tags
2025-05-14 15:33:44.072 INFO  [Worker-0] c.d.crawler.storage.ArticleStorage [ArticleStorage.java:52] - Saved article: https://tuoitre.vn/dinh-chi-dieu-tra-doi-voi-cuu-bi-thu-ben-cat-nguyen-hong-khanh-20250514115419108.htm via JSON-LD+Tags
2025-05-14 15:33:44.312 INFO  [Worker-2] c.d.crawler.storage.ArticleStorage [ArticleStorage.java:52] - Saved article: https://thanhnien.vn/thu-tuong-xu-ly-nguoi-noi-tieng-quang-cao-kieu-thuoc-chua-bach-benh-185250514124714996.htm via JSON-LD+Tags
2025-05-14 15:33:44.450 INFO  [Worker-1] c.d.crawler.storage.ArticleStorage [ArticleStorage.java:52] - Saved article: https://tuoitre.vn/truong-cong-an-xa-tong-lien-hoan-6-xe-may-co-duoc-roi-hien-truong-sau-tai-nan-20250514131616876.htm via JSON-LD+Tags
2025-05-14 15:33:44.716 INFO  [Worker-5] c.d.crawler.storage.ArticleStorage [ArticleStorage.java:52] - Saved article: https://tuoitre.vn/ca-mac-covid-19-o-thai-lan-gia-tang-tinh-hinh-tai-viet-nam-the-nao-20250514104145848.htm via JSON-LD+Tags
2025-05-14 15:33:44.926 INFO  [Worker-1] c.d.crawler.storage.ArticleStorage [ArticleStorage.java:52] - Saved article: https://tuoitre.vn/nu-pho-hieu-truong-bi-ky-luat-vi-quan-he-voi-nguoi-da-co-vo-20250514090841484.htm via JSON-LD+Tags
2025-05-14 15:33:45.110 INFO  [Worker-5] c.d.crawler.storage.ArticleStorage [ArticleStorage.java:52] - Saved article: https://thanhnien.vn/csgt-to-chuc-thi-sat-hach-bang-lai-xe-thi-rot-1-noi-dung-van-duoc-thi-tiep-18525051411313312.htm via JSON-LD+Tags
2025-05-14 15:33:45.286 INFO  [Worker-3] c.d.crawler.storage.ArticleStorage [ArticleStorage.java:52] - Saved article: https://tuoitre.vn/yeu-cau-xu-nghiem-vu-xay-dung-nhieu-nha-tien-che-tren-dat-nong-nghiep-20250513074925513.htm via JSON-LD+Tags
2025-05-14 15:33:45.350 INFO  [Worker-0] c.d.crawler.storage.ArticleStorage [ArticleStorage.java:52] - Saved article: https://vnexpress.net/thu-tuong-yeu-cau-som-ket-luan-thanh-tra-ve-kinh-doanh-vang-4885630.html via JSON-LD+Tags
2025-05-14 15:33:45.535 INFO  [Worker-5] c.d.crawler.storage.ArticleStorage [ArticleStorage.java:52] - Saved article: https://tuoitre.vn/bat-tam-giam-nguyen-cuc-truong-cuc-an-toan-thuc-pham-bo-y-te-cung-4-dong-pham-20250513164600081.htm via JSON-LD+Tags
2025-05-14 15:33:45.717 INFO  [Worker-0] c.d.crawler.storage.ArticleStorage [ArticleStorage.java:52] - Saved article: https://thanhnien.vn/nguoi-viet-chi-1000-ti-dong-moi-thang-an-tao-my-185250514143220522.htm via JSON-LD+Tags
2025-05-14 15:33:45.768 INFO  [Worker-2] c.d.crawler.storage.ArticleStorage [ArticleStorage.java:52] - Saved article: https://tuoitre.vn/campuchia-va-trung-quoc-khoi-dong-tap-tran-quan-su-lon-nhat-truoc-nay-20250514134414101.htm via JSON-LD+Tags
2025-05-14 15:33:46.070 INFO  [Worker-1] c.d.crawler.storage.ArticleStorage [ArticleStorage.java:52] - Saved article: https://tuoitre.vn/bo-truong-pham-thi-thanh-tra-cac-truong-hop-chu-tich-tinh-se-dieu-hanh-cong-viec-o-xa-20250514132602626.htm via JSON-LD+Tags
2025-05-14 15:33:46.508 INFO  [Worker-2] c.d.crawler.storage.ArticleStorage [ArticleStorage.java:52] - Saved article: https://vnexpress.net/ty-le-choi-vao-lop-10-cong-lap-cua-108-truong-thpt-o-tp-hcm-4885836.html via JSON-LD+Tags
2025-05-14 15:33:46.547 INFO  [Worker-5] c.d.crawler.storage.ArticleStorage [ArticleStorage.java:52] - Saved article: https://thanhnien.vn/sieu-gia-dinh-co-10-nguoi-con-day-du-nep-te-dan-mang-khen-sinh-kheo-qua-185250506094247337.htm via JSON-LD+Tags
2025-05-14 15:33:46.568 INFO  [Worker-1] c.d.crawler.storage.ArticleStorage [ArticleStorage.java:52] - Saved article: https://tuoitre.vn/vinspeed-dang-ky-dau-tu-du-an-duong-sat-cao-toc-bac-nam-2025051413584511.htm via JSON-LD+Tags
2025-05-14 15:33:46.865 INFO  [Worker-5] c.d.crawler.storage.ArticleStorage [ArticleStorage.java:52] - Saved article: https://thanhnien.vn/doi-tuyen-viet-nam-sac-net-hon-nho-nhan-to-moi-185250513224514117.htm via JSON-LD+Tags
2025-05-14 15:33:47.484 INFO  [Worker-5] c.d.crawler.storage.ArticleStorage [ArticleStorage.java:52] - Saved article: https://tuoitre.vn/phat-thuoc-2-thang-lan-de-giam-tai-benh-vien-va-giam-thoi-gian-cho-kham-bao-hiem-20250514090143109.htm via JSON-LD+Tags
2025-05-14 15:33:47.773 INFO  [Worker-0] c.d.crawler.storage.ArticleStorage [ArticleStorage.java:52] - Saved article: https://thanhnien.vn/xe-may-o-ha-noi-tphcm-phai-kiem-dinh-khi-thai-tu-112027-185250514131537828.htm via JSON-LD+Tags
2025-05-14 15:33:48.209 INFO  [Worker-0] c.d.crawler.storage.ArticleStorage [ArticleStorage.java:52] - Saved article: https://vnexpress.net/vinspeed-muon-dau-tu-duong-sat-cao-toc-bac-nam-4885865.html via JSON-LD+Tags
2025-05-14 15:33:48.286 INFO  [Worker-1] c.d.crawler.storage.ArticleStorage [ArticleStorage.java:52] - Saved article: https://tuoitre.vn/can-bo-cong-an-bi-to-tat-co-gai-to-cong-tac-mac-thuong-phuc-den-cong-ty-kiem-tra-gi-20250514114629704.htm via JSON-LD+Tags
2025-05-14 15:33:48.759 INFO  [Worker-2] c.d.crawler.storage.ArticleStorage [ArticleStorage.java:52] - Saved article: https://thanhnien.vn/kien-nghi-thanh-tra-cac-chung-cu-cho-thue-luu-tru-ngan-ngay-185250514120252186.htm via JSON-LD+Tags
2025-05-14 15:33:49.429 INFO  [Worker-2] c.d.crawler.storage.ArticleStorage [ArticleStorage.java:52] - Saved article: https://vnexpress.net/quang-mat-troi-xuat-hien-hon-2-gio-tren-bau-troi-quang-ngai-4885844.html via JSON-LD+Tags
2025-05-14 15:33:49.461 INFO  [Worker-1] c.d.crawler.storage.ArticleStorage [ArticleStorage.java:52] - Saved article: https://thanhnien.vn/bo-pho-ve-que-vo-chong-tre-tao-manh-vuon-3000-m-dep-nhu-mo-185250514132358846.htm via JSON-LD+Tags
2025-05-14 15:33:50.114 INFO  [Worker-3] c.d.crawler.storage.ArticleStorage [ArticleStorage.java:52] - Saved article: https://thanhnien.vn/thi-tot-nghiep-thpt-3-bai-hoc-giup-nam-chac-9-diem-mon-toan-185250514082135033.htm via JSON-LD+Tags
2025-05-14 15:33:50.534 INFO  [Worker-3] c.d.crawler.storage.ArticleStorage [ArticleStorage.java:52] - Saved article: https://vnexpress.net/csgt-tp-hcm-lan-dau-to-chuc-thi-sat-hach-bang-lai-4885798.html via JSON-LD+Tags
2025-05-14 15:33:50.622 INFO  [Worker-2] c.d.crawler.storage.ArticleStorage [ArticleStorage.java:52] - Saved article: https://tuoitre.vn/ngay-dinh-duong-cong-dong-viet-nam-lan-4-xay-dung-mot-dat-nuoc-khoe-manh-20250512151047122.htm via JSON-LD+Tags
2025-05-14 15:33:50.849 INFO  [Worker-3] c.d.crawler.storage.ArticleStorage [ArticleStorage.java:52] - Saved article: https://thanhnien.vn/ca-xom-o-mien-tay-ru-nhau-tat-dia-loi-bun-bat-ca-dong-185250503140721335.htm via JSON-LD+Tags
2025-05-14 15:33:51.428 INFO  [Worker-3] c.d.crawler.storage.ArticleStorage [ArticleStorage.java:52] - Saved article: https://thanhnien.vn/mua-tai-san-dau-gia-thi-hanh-an-can-tranh-nhung-rui-ro-gi-185250514100056939.htm via JSON-LD+Tags
2025-05-14 15:33:51.442 INFO  [Worker-1] c.d.crawler.storage.ArticleStorage [ArticleStorage.java:52] - Saved article: https://vnexpress.net/cuu-bi-thu-ben-cat-nguyen-hong-khanh-duoc-dinh-chi-dieu-tra-4885819.html via JSON-LD+Tags
2025-05-14 15:33:51.450 INFO  [Worker-4] c.d.crawler.storage.ArticleStorage [ArticleStorage.java:52] - Saved article: https://tuoitre.vn/loat-co-thu-manh-the-gioi-tham-du-giai-billiards-sctv-cup-co-tien-thuong-cao-ky-luc-2025051415032817.htm via JSON-LD+Tags
2025-05-14 15:33:51.959 INFO  [Worker-2] c.d.crawler.storage.ArticleStorage [ArticleStorage.java:52] - Saved article: https://thanhnien.vn/ca-mau-doi-tien-lai-khong-duoc-chem-con-no-bi-thuong-185250514025937707.htm via JSON-LD+Tags
2025-05-14 15:33:52.358 INFO  [Worker-0] c.d.crawler.storage.ArticleStorage [ArticleStorage.java:52] - Saved article: https://vnexpress.net/vietnam-airlines-doi-toan-bo-chuyen-bay-noi-dia-sang-ga-t3-tan-son-nhat-4885785.html via JSON-LD+Tags
2025-05-14 15:33:52.443 INFO  [Worker-3] c.d.crawler.storage.ArticleStorage [ArticleStorage.java:52] - Saved article: https://tuoitre.vn/bi-thu-tinh-uy-ca-mau-tham-va-khao-sat-cang-hon-khoai-20250514145333026.htm via JSON-LD+Tags
2025-05-14 15:33:52.956 INFO  [Worker-5] c.d.crawler.storage.ArticleStorage [ArticleStorage.java:52] - Saved article: https://thanhnien.vn/hang-thai-canh-tranh-quyet-liet-voi-hang-viet-185250514150345678.htm via JSON-LD+Tags
2025-05-14 15:33:53.067 INFO  [Worker-0] c.d.crawler.storage.ArticleStorage [ArticleStorage.java:52] - Saved article: https://tuoitre.vn/giao-vien-nghi-thai-san-bi-cat-phu-cap-vung-dac-biet-kho-khan-20250514142502121.htm via JSON-LD+Tags
2025-05-14 15:33:53.259 INFO  [Worker-5] c.d.crawler.storage.ArticleStorage [ArticleStorage.java:52] - Saved article: https://thanhnien.vn/thoi-trang-tre/phong-cach-chat-lu-cua-me-mot-con-suboi-o-tuoi-35-185250514141128374.htm via JSON-LD+Tags
2025-05-14 15:33:53.367 INFO  [Worker-1] c.d.crawler.storage.ArticleStorage [ArticleStorage.java:52] - Saved article: https://vnexpress.net/nha-dau-tu-thua-lo-vi-om-dat-theo-sap-nhap-tinh-4884647.html via JSON-LD+Tags
2025-05-14 15:33:53.556 INFO  [Worker-5] c.d.crawler.storage.ArticleStorage [ArticleStorage.java:52] - Saved article: https://thanhnien.vn/malaysia-he-lo-chieu-thuc-danh-bai-doi-tuyen-viet-nam-ong-kim-khong-de-hoa-giai-18525051415120445.htm via JSON-LD+Tags
2025-05-14 15:33:53.778 INFO  [Worker-4] c.d.crawler.storage.ArticleStorage [ArticleStorage.java:52] - Saved article: https://thanhnien.vn/apple-dung-ai-cai-thien-thoi-gian-su-dung-pin-cho-iphone-185250514145532605.htm via JSON-LD+Tags
2025-05-14 15:33:53.876 INFO  [Worker-0] c.d.crawler.storage.ArticleStorage [ArticleStorage.java:52] - Saved article: https://tuoitre.vn/khac-phuc-sat-lo-duong-giao-thong-moi-nang-cap-o-can-tho-20250514133744375.htm via JSON-LD+Tags
2025-05-14 15:33:54.081 INFO  [Worker-4] c.d.crawler.storage.ArticleStorage [ArticleStorage.java:52] - Saved article: https://thanhnien.vn/quang-mat-troi-vua-xuat-hien-o-quang-ngai-4-ngay-lien-viet-nam-co-hien-tuong-nay-185250514151608883.htm via JSON-LD+Tags
2025-05-14 15:33:54.353 INFO  [Worker-2] c.d.crawler.storage.ArticleStorage [ArticleStorage.java:52] - Saved article: https://vnexpress.net/ong-zelensky-muon-ong-trump-tham-du-dam-phan-o-tho-nhi-ky-4885614.html via JSON-LD+Tags
2025-05-14 15:33:54.473 INFO  [Worker-3] c.d.crawler.storage.ArticleStorage [ArticleStorage.java:52] - Saved article: https://thanhnien.vn/benh-vien-cho-ray-cap-cuu-4-nan-nhan-trong-vu-tai-nan-o-to-cho-24-nguoi-di-hanh-huong-185250514142952895.htm via JSON-LD+Tags
2025-05-14 15:33:54.791 INFO  [Worker-2] c.d.crawler.storage.ArticleStorage [ArticleStorage.java:52] - Saved article: https://tuoitre.vn/jollibee-va-highlands-coffee-mang-ve-bao-nhieu-tien-cho-tap-doan-me-o-philippines-20250514125910336.htm via JSON-LD+Tags
2025-05-14 15:33:55.176 INFO  [Worker-2] c.d.crawler.storage.ArticleStorage [ArticleStorage.java:52] - Saved article: https://thanhnien.vn/bit-lo-hong-du-lieu-ca-nhan-185250513231358744.htm via JSON-LD+Tags
2025-05-14 15:33:55.344 INFO  [Worker-0] c.d.crawler.storage.ArticleStorage [ArticleStorage.java:52] - Saved article: https://tuoitre.vn/se-dua-cang-hanh-khach-rach-gia-hoat-dong-truoc-khi-co-nha-ga-20250514093259673.htm via JSON-LD+Tags
2025-05-14 15:33:55.440 INFO  [Worker-1] c.d.crawler.storage.ArticleStorage [ArticleStorage.java:52] - Saved article: https://vnexpress.net/cuu-thu-truong-duoc-de-nghi-an-treo-trong-vu-khai-thac-lau-736-ty-dong-dat-hiem-4885689.html via JSON-LD+Tags
2025-05-14 15:33:56.120 INFO  [Worker-0] c.d.crawler.storage.ArticleStorage [ArticleStorage.java:52] - Saved article: https://tuoitre.vn/truong-thpt-mac-dinh-chi-co-so-thi-sinh-dang-ky-vao-lop-10-cao-nhat-tp-hcm-20250514134947595.htm via JSON-LD+Tags
2025-05-14 15:33:56.123 INFO  [Worker-2] c.d.crawler.storage.ArticleStorage [ArticleStorage.java:52] - Saved article: https://thanhnien.vn/thanh-pho-cua-nhung-se-chia-185250512193721394.htm via JSON-LD+Tags
2025-05-14 15:33:56.573 INFO  [Worker-3] c.d.crawler.storage.ArticleStorage [ArticleStorage.java:52] - Saved article: https://vnexpress.net/10-muc-tieu-nong-nhat-ky-chuyen-nhuong-he-ngoai-hang-anh-4885847.html via JSON-LD+Tags
2025-05-14 15:33:57.322 INFO  [Worker-0] c.d.crawler.storage.ArticleStorage [ArticleStorage.java:52] - Saved article: https://thanhnien.vn/dang-cong-san-viet-nam-doc-lap-dan-toc-gan-lien-voi-chu-nghia-xa-hoi-18525021615093155.htm via JSON-LD+Tags
2025-05-14 15:33:57.364 INFO  [Worker-5] c.d.crawler.storage.ArticleStorage [ArticleStorage.java:52] - Saved article: https://tuoitre.vn/tp-hcm-cong-bo-so-thi-sinh-dang-ky-du-thi-tuyen-sinh-lop-10-cong-lap-20250514080554499.htm via JSON-LD+Tags
2025-05-14 15:33:57.584 INFO  [Worker-1] c.d.crawler.storage.ArticleStorage [ArticleStorage.java:52] - Saved article: https://tuoitre.vn/thi-sinh-giam-chi-tieu-tang-thi-lop-10-ha-noi-nam-nay-co-bot-nong-20250506100921991.htm via JSON-LD+Tags
2025-05-14 15:33:57.645 INFO  [Worker-4] c.d.crawler.storage.ArticleStorage [ArticleStorage.java:52] - Saved article: https://vnexpress.net/hai-nguoi-tu-vong-bat-thuong-o-tp-hcm-4885692.html via JSON-LD+Tags
2025-05-14 15:33:58.113 INFO  [Worker-4] c.d.crawler.storage.ArticleStorage [ArticleStorage.java:52] - Saved article: https://tuoitre.vn/phu-trach-chi-nhanh-ngan-hang-hach-toan-khong-nuong-10-5-ti-vao-co-bac-online-20250514141138465.htm via JSON-LD+Tags
2025-05-14 15:33:58.297 INFO  [Worker-2] c.d.crawler.storage.ArticleStorage [ArticleStorage.java:52] - Saved article: https://thanhnien.vn/ky-viii-quy-coc-tu-muu-luoc-toan-thu-suy-thien-185250505161641386.htm via JSON-LD+Tags
2025-05-14 15:33:58.588 INFO  [Worker-4] c.d.crawler.storage.ArticleStorage [ArticleStorage.java:52] - Saved article: https://tuoitre.vn/khoi-dong-chuong-trinh-kham-pha-truong-hoc-nam-2025-20250514111523823.htm via JSON-LD+Tags
2025-05-14 15:33:58.618 INFO  [Worker-3] c.d.crawler.storage.ArticleStorage [ArticleStorage.java:52] - Saved article: https://vnexpress.net/xuyen-dem-xep-hang-cho-chiem-bai-xa-loi-phat-o-chua-quan-su-4885569.html via JSON-LD+Tags
2025-05-14 15:33:59.252 INFO  [Worker-1] c.d.crawler.storage.ArticleStorage [ArticleStorage.java:52] - Saved article: https://thanhnien.vn/ky-110-hang-quan-ca-phe-trong-qua-trinh-phat-trien-nganh-thoi-trang-185250421171215706.htm via JSON-LD+Tags
2025-05-14 15:33:59.286 INFO  [Worker-2] c.d.crawler.storage.ArticleStorage [ArticleStorage.java:52] - Saved article: https://tuoitre.vn/ukraine-to-nga-tan-cong-du-doi-truoc-ngay-dam-phan-2025051414380167.htm via JSON-LD+Tags
2025-05-14 15:33:59.307 INFO  [Worker-4] c.d.crawler.storage.ArticleStorage [ArticleStorage.java:52] - Saved article: https://thanhnien.vn/ky-vii-quy-coc-tu-muu-luoc-toan-thu-ngo-hop-185250408111515417.htm via JSON-LD+Tags
2025-05-14 15:33:59.684 INFO  [Worker-1] c.d.crawler.storage.ArticleStorage [ArticleStorage.java:52] - Saved article: https://vnexpress.net/kinh-te-tu-nhan-phat-trien-ra-sao-tu-nam-2000-den-nay-4869228.html via JSON-LD+Tags
2025-05-14 15:33:59.715 INFO  [Worker-2] c.d.crawler.storage.ArticleStorage [ArticleStorage.java:52] - Saved article: https://thanhnien.vn/ky-109-ca-phe-va-vo-hoc-trong-tien-trinh-ren-luyen-than-tam-tri-185250324190010603.htm via JSON-LD+Tags
2025-05-14 15:34:00.066 INFO  [Worker-1] c.d.crawler.storage.ArticleStorage [ArticleStorage.java:52] - Saved article: https://tuoitre.vn/nhan-may-bay-400-trieu-usd-tu-qatar-ong-trump-co-dang-vi-hien-20250514104740613.htm via JSON-LD+Tags
2025-05-14 15:34:00.280 INFO  [Worker-3] c.d.crawler.storage.ArticleStorage [ArticleStorage.java:52] - Saved article: https://thanhnien.vn/buon-ma-thuot-va-tam-nhin-20-ti-usd-cho-nganh-ca-phe-viet-nam-185250313091920724.htm via JSON-LD+Tags
2025-05-14 15:34:00.414 INFO  [Worker-5] c.d.crawler.storage.ArticleStorage [ArticleStorage.java:52] - Saved article: https://tuoitre.vn/thu-tuong-nhat-ban-lao-dao-vi-be-boi-qua-tang-chiu-ap-luc-tu-chuc-20250317130040132.htm via JSON-LD+Tags
2025-05-14 15:34:00.567 INFO  [Worker-2] c.d.crawler.storage.ArticleStorage [ArticleStorage.java:52] - Saved article: https://thanhnien.vn/trung-nguyen-legend-dong-tho-nha-may-lon-bac-nhat-dong-nam-a-tai-buon-ma-thuot-185250310203136525.htm via JSON-LD+Tags
2025-05-14 15:34:00.692 INFO  [Worker-0] c.d.crawler.storage.ArticleStorage [ArticleStorage.java:52] - Saved article: https://vnexpress.net/suc-ep-sau-canh-cua-phong-cap-cuu-4884610.html via JSON-LD+Tags
2025-05-14 15:34:00.833 INFO  [Worker-3] c.d.crawler.storage.ArticleStorage [ArticleStorage.java:52] - Saved article: https://thanhnien.vn/xac-minh-vu-nguoi-bi-tai-nan-duoc-vo-va-nguoi-yeu-cung-den-cham-soc-185250513163524373.htm via JSON-LD+Tags
2025-05-14 15:34:01.098 INFO  [Worker-5] c.d.crawler.storage.ArticleStorage [ArticleStorage.java:52] - Saved article: https://tuoitre.vn/muon-tien-ngan-hang-cho-ban-vay-nhung-khong-lam-hop-dong-co-the-khoi-kien-khong-20250511232040694.htm via JSON-LD+Tags
2025-05-14 15:34:01.336 INFO  [Worker-3] c.d.crawler.storage.ArticleStorage [ArticleStorage.java:52] - Saved article: https://thanhnien.vn/nu-hieu-pho-bi-ky-luat-vi-quan-he-bat-chinh-voi-nguoi-da-co-vo-185250514090756987.htm via JSON-LD+Tags
2025-05-14 15:34:01.392 INFO  [Worker-1] c.d.crawler.storage.ArticleStorage [ArticleStorage.java:52] - Saved article: https://vnexpress.net/quan-doi-israel-se-doc-toan-luc-tien-vao-dai-gaza-4885582.html via JSON-LD+Tags
2025-05-14 15:34:01.605 INFO  [Worker-0] c.d.crawler.storage.ArticleStorage [ArticleStorage.java:52] - Saved article: https://tuoitre.vn/8-nguoi-2-xe-dien-vinfast-xuyen-6-nuoc-dong-nam-a-moi-km-ton-1-700-dong-sac-20250513214929774.htm via JSON-LD+Tags
2025-05-14 15:34:01.672 INFO  [Worker-4] c.d.crawler.storage.ArticleStorage [ArticleStorage.java:52] - Saved article: https://thanhnien.vn/tong-thong-ngheo-nhat-the-gioi-qua-doi-o-tuoi-90-18525051410155672.htm via JSON-LD+Tags
2025-05-14 15:34:01.756 INFO  [Worker-2] c.d.crawler.storage.ArticleStorage [ArticleStorage.java:52] - Saved article: https://thanhnien.vn/giam-doc-cong-an-ha-noi-chi-dao-xac-minh-thong-tin-can-bo-cong-an-bi-to-danh-nguoi-185250513204003793.htm via JSON-LD+Tags
2025-05-14 15:34:01.878 INFO  [Worker-5] c.d.crawler.storage.ArticleStorage [ArticleStorage.java:52] - Saved article: https://tuoitre.vn/microsoft-sa-thai-6-000-nhan-vien-giua-con-sot-ai-20250514142519133.htm via JSON-LD+Tags
2025-05-14 15:34:01.968 INFO  [Worker-4] c.d.crawler.storage.ArticleStorage [ArticleStorage.java:52] - Saved article: https://vnexpress.net/tong-thong-ngheo-nhat-the-gioi-qua-doi-4885588.html via JSON-LD+Tags
2025-05-14 15:34:02.347 INFO  [Worker-2] c.d.crawler.storage.ArticleStorage [ArticleStorage.java:52] - Saved article: https://thanhnien.vn/be-gai-so-sinh-bi-bo-roi-truoc-nha-dan-voi-la-thu-me-xin-loi-con-18525051411050134.htm via JSON-LD+Tags
2025-05-14 15:34:02.349 INFO  [Worker-5] c.d.crawler.storage.ArticleStorage [ArticleStorage.java:52] - Saved article: https://tuoitre.vn/giai-doc-dac-lien-tuc-xuat-hien-dan-mien-tay-dua-nhau-mua-ve-so-20250514110255553.htm via JSON-LD+Tags
2025-05-14 15:34:02.397 INFO  [Worker-1] c.d.crawler.storage.ArticleStorage [ArticleStorage.java:52] - Saved article: https://thanhnien.vn/nhieu-bat-ngo-voi-ket-qua-bau-cu-philippines-185250513230550088.htm via JSON-LD+Tags
2025-05-14 15:34:02.724 INFO  [Worker-1] c.d.crawler.storage.ArticleStorage [ArticleStorage.java:52] - Saved article: https://thanhnien.vn/dai-loan-giua-ap-luc-quan-su-moi-185250513221919838.htm via JSON-LD+Tags
2025-05-14 15:34:02.969 INFO  [Worker-4] c.d.crawler.storage.ArticleStorage [ArticleStorage.java:52] - Saved article: https://vnexpress.net/nghe-muoi-ca-hon-300-nam-tuoi-cua-ngoi-lang-ha-noi-4884625.html via JSON-LD+Tags
2025-05-14 15:34:02.986 INFO  [Worker-0] c.d.crawler.storage.ArticleStorage [ArticleStorage.java:52] - Saved article: https://tuoitre.vn/muc-ban-het-99-loi-nhuan-gan-5-000-ti-ve-so-mien-nam-tang-them-luong-ve-20250424150544205.htm via JSON-LD+Tags
2025-05-14 15:34:03.086 INFO  [Worker-3] c.d.crawler.storage.ArticleStorage [ArticleStorage.java:52] - Saved article: https://thanhnien.vn/phai-hoan-thanh-duong-noi-ninh-thuan-lam-dong-truoc-khi-sap-nhap-tinh-185250514115234988.htm via JSON-LD+Tags
2025-05-14 15:34:03.349 INFO  [Worker-1] c.d.crawler.storage.ArticleStorage [ArticleStorage.java:52] - Saved article: https://tuoitre.vn/xe-cuu-thuong-va-cham-manh-voi-xe-con-1-nguoi-chet-20250514135254909.htm via JSON-LD+Tags
2025-05-14 15:34:03.578 INFO  [Worker-0] c.d.crawler.storage.ArticleStorage [ArticleStorage.java:52] - Saved article: https://thanhnien.vn/hai-dai-dien-viet-nam-trong-danh-sach-44-diem-den-dep-nhat-the-gioi-18525051215200099.htm via JSON-LD+Tags
2025-05-14 15:34:03.675 INFO  [Worker-3] c.d.crawler.storage.ArticleStorage [ArticleStorage.java:52] - Saved article: https://tuoitre.vn/ban-thang-phut-cuoi-dua-sunderland-vao-tran-chien-trieu-do-tai-wembley-20250514134711379.htm via JSON-LD+Tags
2025-05-14 15:34:03.717 INFO  [Worker-1] c.d.crawler.storage.ArticleStorage [ArticleStorage.java:52] - Saved article: https://vnexpress.net/dich-covid-19-tang-tai-chau-a-4885540.html via JSON-LD+Tags
2025-05-14 15:34:04.088 INFO  [Worker-3] c.d.crawler.storage.ArticleStorage [ArticleStorage.java:52] - Saved article: https://thanhnien.vn/nghi-van-elon-musk-la-cha-2-con-sinh-doi-cua-amber-heard-185250513191805656.htm via JSON-LD+Tags
2025-05-14 15:34:04.140 INFO  [Worker-4] c.d.crawler.storage.ArticleStorage [ArticleStorage.java:52] - Saved article: https://tuoitre.vn/nguoi-phu-nu-tien-ve-phia-tau-hoa-dang-di-chuyen-bi-thuong-nang-20250514140259758.htm via JSON-LD+Tags
2025-05-14 15:34:04.195 INFO  [Worker-5] c.d.crawler.storage.ArticleStorage [ArticleStorage.java:52] - Saved article: https://vnexpress.net/vuon-loc-uyen-noi-duc-phat-thuyet-phap-lan-dau-4885425.html via JSON-LD+Tags
2025-05-14 15:34:04.428 INFO  [Worker-1] c.d.crawler.storage.ArticleStorage [ArticleStorage.java:52] - Saved article: https://thanhnien.vn/nu-chinh-xinh-nhu-hoa-hau-tu-choi-chang-trai-tren-show-hen-ho-185250513220250546.htm via JSON-LD+Tags
2025-05-14 15:34:04.492 INFO  [Worker-2] c.d.crawler.storage.ArticleStorage [ArticleStorage.java:52] - Saved article: https://tuoitre.vn/video/can-bo-cong-an-phuong-bi-tam-dinh-chi-cong-tac-de-xac-minh-clip-to-danh-co-gai-180045.htm via JSON-LD+Tags
2025-05-14 15:34:04.531 INFO  [Worker-4] c.d.crawler.storage.ArticleStorage [ArticleStorage.java:52] - Saved article: https://vnexpress.net/cac-quoc-gia-kiem-soat-khi-thai-xe-may-oto-the-nao-4885557.html via JSON-LD+Tags
2025-05-14 15:34:04.688 INFO  [Worker-5] c.d.crawler.storage.ArticleStorage [ArticleStorage.java:52] - Saved article: https://thanhnien.vn/san-khau-lan-anh-trong-dong-ngay-thao-do-dung-hoat-dong-185250513132115939.htm via JSON-LD+Tags
2025-05-14 15:34:04.790 INFO  [Worker-1] c.d.crawler.storage.ArticleStorage [ArticleStorage.java:52] - Saved article: https://tuoitre.vn/video/nguoi-phu-nu-bi-tau-hoa-huc-vang-o-quang-ninh-180060.htm via JSON-LD+Tags
2025-05-14 15:34:04.894 INFO  [Worker-4] c.d.crawler.storage.ArticleStorage [ArticleStorage.java:52] - Saved article: https://tuoitre.vn/video/tam-dinh-chi-truong-cong-an-xa-vu-o-to-tong-lien-hoan-voi-6-xe-may-180041.htm via JSON-LD+Tags
2025-05-14 15:34:04.943 INFO  [Worker-0] c.d.crawler.storage.ArticleStorage [ArticleStorage.java:52] - Saved article: https://vnexpress.net/ong-trump-khien-chau-au-vo-mong-chung-thuyen-voi-my-4885099.html via JSON-LD+Tags
2025-05-14 15:34:04.992 INFO  [Worker-3] c.d.crawler.storage.ArticleStorage [ArticleStorage.java:52] - Saved article: https://thanhnien.vn/doc-la-quan-nuoc-tha-day-trong-hem-tphcm-khach-moi-co-vi-chu-quan-luoi-185250513194633939.htm via JSON-LD+Tags
2025-05-14 15:34:05.080 INFO  [Worker-5] c.d.crawler.storage.ArticleStorage [ArticleStorage.java:52] - Saved article: https://tuoitre.vn/video/mua-lon-kem-dong-loc-lam-cay-coi-nga-do-toc-mai-nha-dan-o-dong-nai-180029.htm via JSON-LD+Tags
2025-05-14 15:34:05.155 INFO  [Worker-1] c.d.crawler.storage.ArticleStorage [ArticleStorage.java:52] - Saved article: https://thanhnien.vn/nhung-tinh-tiet-moi-gay-chan-dong-trong-phien-toa-xet-xu-diddy-185250514111224834.htm via JSON-LD+Tags
2025-05-14 15:34:05.311 INFO  [Worker-0] c.d.crawler.storage.ArticleStorage [ArticleStorage.java:52] - Saved article: https://tuoitre.vn/video/can-bo-cong-an-phuong-bi-to-danh-nguoi-giam-doc-cong-an-ha-noi-chi-dao-kiem-tra-180028.htm via JSON-LD+Tags
2025-05-14 15:34:05.312 INFO  [Worker-3] c.d.crawler.storage.ArticleStorage [ArticleStorage.java:52] - Saved article: https://thanhnien.vn/vi-bac-si-no-luc-tung-ngay-de-xung-dang-loi-day-cua-bac-ho-185250513211547284.htm via JSON-LD+Tags
2025-05-14 15:34:05.362 INFO  [Worker-2] c.d.crawler.storage.ArticleStorage [ArticleStorage.java:52] - Saved article: https://tuoitre.vn/video/trich-xuat-camera-xac-dinh-nguyen-nhan-tai-nan-lam-2-nguoi-chet-o-quy-nhon-180023.htm via JSON-LD+Tags
2025-05-14 15:34:05.362 INFO  [Worker-4] c.d.crawler.storage.ArticleStorage [ArticleStorage.java:52] - Saved article: https://tuoitre.vn/video/doc-dao-can-nha-xoay-theo-y-muon-cua-chu-nhan-o-dak-lak-180025.htm via JSON-LD+Tags
2025-05-14 15:34:05.535 INFO  [Worker-1] c.d.crawler.storage.ArticleStorage [ArticleStorage.java:52] - Saved article: https://tuoitre.vn/nuoc-my-dang-phai-doi-mat-voi-khung-hoang-du-lich-chua-tung-co-20250514142154447.htm via JSON-LD+Tags
2025-05-14 15:34:05.611 INFO  [Worker-3] c.d.crawler.storage.ArticleStorage [ArticleStorage.java:52] - Saved article: https://thanhnien.vn/muon-xe-may-cua-cha-dieu-khien-tong-nguoi-khac-tu-vong-hai-cha-con-bi-tu-185250514100126466.htm via JSON-LD+Tags
2025-05-14 15:34:05.723 INFO  [Worker-4] c.d.crawler.storage.ArticleStorage [ArticleStorage.java:52] - Saved article: https://thanhnien.vn/30-guong-thanh-nien-khuyet-tat-se-duoc-tuyen-duong-va-ho-tro-khoi-nghiep-185250514104634224.htm via JSON-LD+Tags
2025-05-14 15:34:05.811 INFO  [Worker-2] c.d.crawler.storage.ArticleStorage [ArticleStorage.java:52] - Saved article: https://tuoitre.vn/hanh-dong-dep-cua-amorim-truoc-them-chung-ket-europa-league-2025051412461683.htm via JSON-LD+Tags
2025-05-14 15:34:05.966 INFO  [Worker-0] c.d.crawler.storage.ArticleStorage [ArticleStorage.java:52] - Saved article: https://thanhnien.vn/dai-bieu-chau-ngoan-bac-ho-xuc-dong-bao-cong-dang-bac-185250514094226967.htm via JSON-LD+Tags
2025-05-14 15:34:06.270 INFO  [Worker-3] c.d.crawler.storage.ArticleStorage [ArticleStorage.java:52] - Saved article: https://tuoitre.vn/du-kien-bat-dau-mo-rong-cao-toc-cam-lo-la-son-vao-thang-8-20250514135013772.htm via JSON-LD+Tags
2025-05-14 15:34:06.283 INFO  [Worker-0] c.d.crawler.storage.ArticleStorage [ArticleStorage.java:52] - Saved article: https://thanhnien.vn/ngoi-chua-san-ho-doc-dao-noi-tho-tuong-quan-am-phat-hien-ngoai-bien-185250506171111296.htm via JSON-LD+Tags
2025-05-14 15:34:06.531 INFO  [Worker-5] c.d.crawler.storage.ArticleStorage [ArticleStorage.java:52] - Saved article: https://tuoitre.vn/thu-tuong-chi-dao-lap-to-cong-tac-dac-biet-tan-cong-truy-quet-hang-gia-20250514133604118.htm via JSON-LD+Tags
2025-05-14 15:34:06.580 INFO  [Worker-0] c.d.crawler.storage.ArticleStorage [ArticleStorage.java:52] - Saved article: https://tienphong.vn/canh-tuong-linh-thieng-tren-duong-pho-ha-noi-post1741990.tpo via JSON-LD+Tags
2025-05-14 15:34:06.631 INFO  [Worker-1] c.d.crawler.storage.ArticleStorage [ArticleStorage.java:52] - Saved article: https://thanhnien.vn/xuyen-dem-xep-hang-cho-chiem-bai-xa-loi-duc-phat-o-ha-noi-185250514092804121.htm via JSON-LD+Tags
2025-05-14 15:34:06.656 INFO  [Worker-3] c.d.crawler.storage.ArticleStorage [ArticleStorage.java:52] - Saved article: https://tienphong.vn/dia-oc-24h-nhieu-can-bo-cong-chuc-xin-tra-lai-nha-o-xa-hoi-gia-nha-mat-pho-ha-noi-tang-cao-post1742036.tpo via JSON-LD+Tags
2025-05-14 15:34:06.843 INFO  [Worker-4] c.d.crawler.storage.ArticleStorage [ArticleStorage.java:52] - Saved article: https://tuoitre.vn/nam-thanh-nien-dam-chet-nguoi-tinh-ra-dau-thu-20250514124213858.htm via JSON-LD+Tags
2025-05-14 15:34:06.862 INFO  [Worker-0] c.d.crawler.storage.ArticleStorage [ArticleStorage.java:52] - Saved article: https://thanhnien.vn/dung-den-do-can-vach-bi-csgt-phat-nhu-vuot-den-do-nhieu-nguoi-thac-mac-muc-nguy-hiem-tuong-duong-185250513132748688.htm via JSON-LD+Tags
2025-05-14 15:34:06.928 INFO  [Worker-1] c.d.crawler.storage.ArticleStorage [ArticleStorage.java:52] - Saved article: https://tienphong.vn/loat-o-to-nga-vua-cap-ben-viet-nam-post1741573.tpo via JSON-LD+Tags
2025-05-14 15:34:07.010 INFO  [Worker-2] c.d.crawler.storage.ArticleStorage [ArticleStorage.java:52] - Saved article: https://thanhnien.vn/csgt-tphcm-to-chuc-ky-thi-sat-hach-cap-giay-phep-lai-xe-dau-tien-185250514075450448.htm via JSON-LD+Tags
2025-05-14 15:34:07.195 INFO  [Worker-4] c.d.crawler.storage.ArticleStorage [ArticleStorage.java:52] - Saved article: https://tienphong.vn/he-lo-hinh-anh-o-to-bay-thuong-mai-dau-tien-tren-the-gioi-post1741673.tpo via JSON-LD+Tags
2025-05-14 15:34:07.403 INFO  [Worker-2] c.d.crawler.storage.ArticleStorage [ArticleStorage.java:52] - Saved article: https://tuoitre.vn/7-dau-hieu-nho-bao-hieu-van-de-suc-khoe-lon-nhu-benh-tim-20250514132658336.htm via JSON-LD+Tags
2025-05-14 15:34:07.463 INFO  [Worker-4] c.d.crawler.storage.ArticleStorage [ArticleStorage.java:52] - Saved article: https://thanhnien.vn/doanh-nghiep-cung-gui-tiet-kiem-cho-thoi-185250513221503463.htm via JSON-LD+Tags
2025-05-14 15:34:07.463 INFO  [Worker-0] c.d.crawler.storage.ArticleStorage [ArticleStorage.java:52] - Saved article: https://tienphong.vn/futsal-nu-viet-nam-khong-the-tao-bat-ngo-truoc-nhat-ban-post1741670.tpo via JSON-LD+Tags
2025-05-14 15:34:07.598 INFO  [Worker-1] c.d.crawler.storage.ArticleStorage [ArticleStorage.java:52] - Saved article: https://tuoitre.vn/you-mua-5-ranh-gioi-giua-tinh-yeu-dich-thuc-va-doc-hai-2025051222034495.htm via JSON-LD+Tags
2025-05-14 15:34:07.635 INFO  [Worker-5] c.d.crawler.storage.ArticleStorage [ArticleStorage.java:52] - Saved article: https://tienphong.vn/nhung-buc-anh-dep-den-ngo-ngang-nhung-nhoi-long-doat-giai-thuong-nhiep-anh-moi-truong-post1741610.tpo via JSON-LD+Tags
2025-05-14 15:34:07.754 INFO  [Worker-0] c.d.crawler.storage.ArticleStorage [ArticleStorage.java:52] - Saved article: https://thanhnien.vn/gia-vang-tiep-tuc-sut-giam-185250513202240751.htm via JSON-LD+Tags
2025-05-14 15:34:07.876 INFO  [Worker-4] c.d.crawler.storage.ArticleStorage [ArticleStorage.java:52] - Saved article: https://tuoitre.vn/thanh-nien-khuyet-tat-khoi-nghiep-bang-cong-nghe-duoc-tiep-suc-20250514130749567.htm via JSON-LD+Tags
2025-05-14 15:34:07.982 INFO  [Worker-1] c.d.crawler.storage.ArticleStorage [ArticleStorage.java:52] - Saved article: https://tienphong.vn/highlights-dt-futsal-nu-viet-nam-0-2-nhat-ban-choi-kien-cuong-va-day-quyet-tam-nhung-post1741803.tpo via JSON-LD+Tags
2025-05-14 15:34:08.186 INFO  [Worker-5] c.d.crawler.storage.ArticleStorage [ArticleStorage.java:52] - Saved article: https://tienphong.vn/hoc-sinh-nghe-an-hao-huc-noi-khong-voi-thuoc-la-thuoc-la-dien-tu-post1741288.tpo via JSON-LD+Tags
2025-05-14 15:34:08.282 INFO  [Worker-0] c.d.crawler.storage.ArticleStorage [ArticleStorage.java:52] - Saved article: https://thanhnien.vn/3-loi-pho-bien-khien-tai-xe-bi-phat-khi-qua-tram-thu-phi-etc-185250512115531174.htm via JSON-LD+Tags
2025-05-14 15:34:08.351 INFO  [Worker-1] c.d.crawler.storage.ArticleStorage [ArticleStorage.java:52] - Saved article: https://tuoitre.vn/phim-me-bien-on-ao-cai-va-de-day-drama-20250514103617874.htm via JSON-LD+Tags
2025-05-14 15:34:08.429 INFO  [Worker-5] c.d.crawler.storage.ArticleStorage [ArticleStorage.java:52] - Saved article: https://tienphong.vn/hai-phong-ruc-ro-co-hoa-mung-ky-niem-70-nam-ngay-giai-phong-post1741458.tpo via JSON-LD+Tags
2025-05-14 15:34:08.612 INFO  [Worker-0] c.d.crawler.storage.ArticleStorage [ArticleStorage.java:52] - Saved article: https://thanhnien.vn/gia-vang-hom-nay-1452025-vang-mieng-sjc-dat-hon-the-gioi-18-trieu-dong-luong-185250514083813628.htm via JSON-LD+Tags
2025-05-14 15:34:08.663 INFO  [Worker-5] c.d.crawler.storage.ArticleStorage [ArticleStorage.java:52] - Saved article: https://tienphong.vn/thi-sinh-hoa-hau-viet-nam-2024-trinh-dien-vay-da-hoi-post1735701.tpo via JSON-LD+Tags
2025-05-14 15:34:08.680 INFO  [Worker-3] c.d.crawler.storage.ArticleStorage [ArticleStorage.java:52] - Saved article: https://tuoitre.vn/mot-cong-ty-tai-tp-hcm-dung-hang-tan-nguyen-lieu-het-han-san-xuat-bot-dam-20250514123009789.htm via JSON-LD+Tags
2025-05-14 15:34:08.736 INFO  [Worker-1] c.d.crawler.storage.ArticleStorage [ArticleStorage.java:52] - Saved article: https://thanhnien.vn/kiem-soat-khi-thai-xe-may-the-nao-185250513230828658.htm via JSON-LD+Tags
2025-05-14 15:34:08.843 INFO  [Worker-4] c.d.crawler.storage.ArticleStorage [ArticleStorage.java:52] - Saved article: https://tienphong.vn/clip-co-gai-bi-tau-hoa-huc-vang-khi-di-bo-qua-duong-ray-post1742176.tpo via JSON-LD+Tags
2025-05-14 15:34:08.863 INFO  [Worker-2] c.d.crawler.storage.ArticleStorage [ArticleStorage.java:52] - Saved article: https://tuoitre.vn/mua-nha-o-xa-hoi-ma-di-xe-hoi-chan-ca-loi-chung-cu-sao-gianh-nha-o-cua-nguoi-kho-khan-20250514083456282.htm via JSON-LD+Tags
2025-05-14 15:34:08.905 INFO  [Worker-0] c.d.crawler.storage.ArticleStorage [ArticleStorage.java:52] - Saved article: https://thanhnien.vn/hoi-dong-vang-the-gioi-viet-nam-can-ngan-chan-dau-co-vang-qua-muc-185250514095131713.htm via JSON-LD+Tags
2025-05-14 15:34:09.002 INFO  [Worker-1] c.d.crawler.storage.ArticleStorage [ArticleStorage.java:52] - Saved article: https://tienphong.vn/ham-chui-nut-giao-giai-phong-kim-dong-dat-hon-70-ve-dich-vao-cuoi-nam-post1742148.tpo via JSON-LD+Tags
2025-05-14 15:34:09.031 INFO  [Worker-5] c.d.crawler.storage.ArticleStorage [ArticleStorage.java:52] - Saved article: https://tuoitre.vn/nissan-chinh-thuc-cong-bo-lo-ky-luc-chua-du-doan-ket-qua-nam-toi-vi-qua-kho-doan-20250513173723754.htm via JSON-LD+Tags
2025-05-14 15:34:09.120 INFO  [Worker-4] c.d.crawler.storage.ArticleStorage [ArticleStorage.java:52] - Saved article: https://thanhnien.vn/siet-khi-thai-xe-may-xe-san-xuat-truoc-2008-co-the-phai-thay-the-185250513201142478.htm via JSON-LD+Tags
2025-05-14 15:34:09.188 INFO  [Worker-3] c.d.crawler.storage.ArticleStorage [ArticleStorage.java:52] - Saved article: https://tuoitre.vn/day-quan-nhau-khuya-ven-song-han-tai-pham-mo-nhac-choi-tai-tra-tan-nguoi-dan-20250514113101489.htm via JSON-LD+Tags
2025-05-14 15:34:09.232 INFO  [Worker-0] c.d.crawler.storage.ArticleStorage [ArticleStorage.java:52] - Saved article: https://tienphong.vn/may-bay-boeing-cho-170-nguoi-bi-de-doa-danh-bom-post1742086.tpo via JSON-LD+Tags
2025-05-14 15:34:09.277 INFO  [Worker-1] c.d.crawler.storage.ArticleStorage [ArticleStorage.java:52] - Saved article: https://thanhnien.vn/xe-tai-dien-vinfast-ec-van-co-loi-the-gi-de-canh-tranh-185250513190043624.htm via JSON-LD+Tags
2025-05-14 15:34:09.360 INFO  [Worker-2] c.d.crawler.storage.ArticleStorage [ArticleStorage.java:52] - Saved article: https://tuoitre.vn/cac-nha-khoa-hoc-bat-ngo-bien-chi-thanh-vang-20250514100130449.htm via JSON-LD+Tags
2025-05-14 15:34:09.507 INFO  [Worker-0] c.d.crawler.storage.ArticleStorage [ArticleStorage.java:52] - Saved article: https://vietnamnet.vn/dua-golf-vao-dien-chiu-thue-nhu-ruou-bia-thuoc-la-la-sai-lech-ve-ban-chat-2400882.html via JSON-LD+Tags
2025-05-14 15:34:09.549 INFO  [Worker-3] c.d.crawler.storage.ArticleStorage [ArticleStorage.java:52] - Saved article: https://tienphong.vn/bo-cong-an-kien-nghi-chan-chinh-tinh-trang-thoa-thuan-ngam-chay-thau-tu-vu-tap-doan-thuan-an-post1742096.tpo via JSON-LD+Tags
2025-05-14 15:34:09.672 INFO  [Worker-1] c.d.crawler.storage.ArticleStorage [ArticleStorage.java:52] - Saved article: https://tuoitre.vn/mo-cua-tu-do-san-quy-nhon-3-tran-cuoi-giai-lpbank-v-league-20250514114426457.htm via JSON-LD+Tags
2025-05-14 15:34:09.889 INFO  [Worker-0] c.d.crawler.storage.ArticleStorage [ArticleStorage.java:52] - Saved article: https://tienphong.vn/xuat-hien-sua-lua-o-bien-nha-trang-post1741802.tpo via JSON-LD+Tags
2025-05-14 15:34:09.894 INFO  [Worker-3] c.d.crawler.storage.ArticleStorage [ArticleStorage.java:52] - Saved article: https://vietnamnet.vn/cuoc-dot-kich-quan-bar-paris-night-club-luc-nua-dem-ven-man-su-that-ben-trong-2400828.html via JSON-LD+Tags
2025-05-14 15:34:10.102 INFO  [Worker-1] c.d.crawler.storage.ArticleStorage [ArticleStorage.java:52] - Saved article: https://thanhnien.vn/xu-huong-24-dong-nguoi-cho-chiem-bai-xa-loi-phat-thuc-hu-vu-chong-nhap-vien-vo-va-bo-den-cham-soc-185250514140810013.htm via JSON-LD+Tags
2025-05-14 15:34:10.174 INFO  [Worker-3] c.d.crawler.storage.ArticleStorage [ArticleStorage.java:52] - Saved article: https://vietnamnet.vn/ty-le-choi-vao-lop-10-cong-lap-o-tphcm-nam-2025-2400906.html via JSON-LD+Tags
2025-05-14 15:34:10.414 INFO  [Worker-1] c.d.crawler.storage.ArticleStorage [ArticleStorage.java:52] - Saved article: https://thanhnien.vn/xem-nhanh-12h-tam-dinh-chi-2-cong-an-o-ha-noi-vi-sao-ong-nguyen-thanh-phong-bi-bat-185250514103230607.htm via JSON-LD+Tags
2025-05-14 15:34:10.669 INFO  [Worker-2] c.d.crawler.storage.ArticleStorage [ArticleStorage.java:52] - Saved article: https://thanhnien.vn/reply-2000s-hien-thuc-lan-dau-tiet-lo-bi-quyet-vuc-day-cam-xuc-va-cach-chon-ban-doi-dac-biet-185250514091735486.htm via JSON-LD+Tags
2025-05-14 15:34:10.708 INFO  [Worker-1] c.d.crawler.storage.ArticleStorage [ArticleStorage.java:52] - Saved article: https://vietnamnet.vn/bi-an-7-ho-sau-bat-ngo-xuat-hien-giua-lang-nhieu-nha-phai-di-doi-2401059.html via JSON-LD+Tags
2025-05-14 15:34:10.900 INFO  [Worker-0] c.d.crawler.storage.ArticleStorage [ArticleStorage.java:52] - Saved article: https://tienphong.vn/ly-hai-nen-cham-lai-post1741489.tpo via JSON-LD+Tags
2025-05-14 15:34:10.983 INFO  [Worker-2] c.d.crawler.storage.ArticleStorage [ArticleStorage.java:52] - Saved article: https://thanhnien.vn/can-canh-cung-ruoc-xa-loi-phat-ve-chua-qua-su-185250513180324442.htm via JSON-LD+Tags
2025-05-14 15:34:11.164 INFO  [Worker-0] c.d.crawler.storage.ArticleStorage [ArticleStorage.java:52] - Saved article: https://vietnamnet.vn/de-xuat-tang-gap-doi-che-do-cho-nguoi-hoat-dong-khong-chuyen-trach-thoi-viec-2400971.html via JSON-LD+Tags
2025-05-14 15:34:11.276 INFO  [Worker-3] c.d.crawler.storage.ArticleStorage [ArticleStorage.java:52] - Saved article: https://thanhnien.vn/thoi-trang-tre/vay-so-mi-vay-maxi-chat-lieu-tu-nhien-giai-nhiet-mua-he-185250512091046097.htm via JSON-LD+Tags
2025-05-14 15:34:11.329 INFO  [Worker-5] c.d.crawler.storage.ArticleStorage [ArticleStorage.java:52] - Saved article: https://tienphong.vn/bo-phim-mo-man-cannes-nhan-trang-phao-tay-5-phut-gay-tranh-cai-post1742052.tpo via JSON-LD+Tags
2025-05-14 15:34:11.662 INFO  [Worker-0] c.d.crawler.storage.ArticleStorage [ArticleStorage.java:52] - Saved article: https://thanhnien.vn/nguoi-phu-nu-mua-5000-bong-hong-bien-san-thuong-thanh-vuon-hoa-185250505111453561.htm via JSON-LD+Tags
2025-05-14 15:34:11.677 INFO  [Worker-4] c.d.crawler.storage.ArticleStorage [ArticleStorage.java:52] - Saved article: https://vietnamnet.vn/clip-co-gai-bi-tau-hoa-huc-vang-khi-di-bo-qua-duong-ray-2401019.html via JSON-LD+Tags
2025-05-14 15:34:11.827 INFO  [Worker-5] c.d.crawler.storage.ArticleStorage [ArticleStorage.java:52] - Saved article: https://tienphong.vn/dan-my-nhan-doi-pho-voi-lenh-cam-khoa-than-tren-tham-do-khai-mac-cannes-2025-post1742020.tpo via JSON-LD+Tags
2025-05-14 15:34:11.980 INFO  [Worker-0] c.d.crawler.storage.ArticleStorage [ArticleStorage.java:52] - Saved article: https://thanhnien.vn/truc-tiep-quoc-hoi-thao-luan-ve-du-thao-nghi-quyet-sua-doi-bo-sung-mot-so-dieu-cua-hien-phap-185250514005745487.htm via JSON-LD+Tags
2025-05-14 15:34:12.085 INFO  [Worker-5] c.d.crawler.storage.ArticleStorage [ArticleStorage.java:52] - Saved article: https://vietnamnet.vn/cap-huyen-hoan-thanh-su-menh-lich-su-dia-danh-than-thuong-chi-con-la-hoai-niem-2400948.html via JSON-LD+Tags
2025-05-14 15:34:12.254 INFO  [Worker-1] c.d.crawler.storage.ArticleStorage [ArticleStorage.java:52] - Saved article: https://tienphong.vn/phim-kinh-di-viet-ve-song-trung-bi-so-sanh-voi-us-post1742080.tpo via JSON-LD+Tags
2025-05-14 15:34:12.524 INFO  [Worker-2] c.d.crawler.storage.ArticleStorage [ArticleStorage.java:52] - Saved article: https://tienphong.vn/nam-bo-vao-mua-mua-luong-mua-tang-10-20-ket-thuc-muon-hon-post1742144.tpo via JSON-LD+Tags
2025-05-14 15:34:12.534 INFO  [Worker-3] c.d.crawler.storage.ArticleStorage [ArticleStorage.java:52] - Saved article: https://vietnamnet.vn/chuyen-chua-ke-sau-cuoc-hoi-ngo-cha-va-con-gai-sau-57-nam-lac-nhau-o-ga-ha-noi-2398311.html via JSON-LD+Tags
2025-05-14 15:34:12.782 INFO  [Worker-2] c.d.crawler.storage.ArticleStorage [ArticleStorage.java:52] - Saved article: https://vietnamnet.vn/hang-nghin-nguoi-do-ve-chua-quan-su-tu-sang-som-de-chiem-bai-xa-loi-duc-phat-2400879.html via JSON-LD+Tags
2025-05-14 15:34:12.836 INFO  [Worker-4] c.d.crawler.storage.ArticleStorage [ArticleStorage.java:52] - Saved article: https://tienphong.vn/quan-he-bat-chinh-mot-nu-pho-hieu-truong-tai-hue-bi-cach-chuc-post1742102.tpo via JSON-LD+Tags
2025-05-14 15:34:13.082 INFO  [Worker-2] c.d.crawler.storage.ArticleStorage [ArticleStorage.java:52] - Saved article: https://vietnamnet.vn/bo-truong-noi-vu-chi-ro-truong-hop-chu-tich-tinh-cam-tay-chi-viec-cap-duoi-2401042.html via JSON-LD+Tags
2025-05-14 15:34:13.300 INFO  [Worker-0] c.d.crawler.storage.ArticleStorage [ArticleStorage.java:52] - Saved article: https://tienphong.vn/thu-tuong-an-do-ca-ngoi-rong-lua-s-400-do-nga-san-xuat-post1742163.tpo via JSON-LD+Tags
2025-05-14 15:34:13.556 INFO  [Worker-3] c.d.crawler.storage.ArticleStorage [ArticleStorage.java:52] - Saved article: https://vietnamnet.vn/thuong-ta-canh-sat-bi-thuong-van-quyet-tam-khong-che-dam-chay-o-ha-noi-2400956.html via JSON-LD+Tags
2025-05-14 15:34:13.739 INFO  [Worker-1] c.d.crawler.storage.ArticleStorage [ArticleStorage.java:52] - Saved article: https://tienphong.vn/clip-cua-hang-boc-chay-4-nguoi-dang-ngu-thoat-chet-nho-tieng-ho-hoan-post1742114.tpo via JSON-LD+Tags
2025-05-14 15:34:13.981 INFO  [Worker-1] c.d.crawler.storage.ArticleStorage [ArticleStorage.java:52] - Saved article: https://tienphong.vn/doc-la-binh-dinh-lang-trong-bi-dao-khong-lo-co-qua-nang-hon-nua-ta-post1742101.tpo via JSON-LD+Tags
2025-05-14 15:34:14.297 INFO  [Worker-2] c.d.crawler.storage.ArticleStorage [ArticleStorage.java:52] - Saved article: https://tienphong.vn/son-la-phat-hien-loai-cay-no-hoa-hinh-con-doi-rau-dai-nhu-rau-hum-post1741992.tpo via JSON-LD+Tags
2025-05-14 15:34:15.088 INFO  [Worker-1] c.d.crawler.storage.ArticleStorage [ArticleStorage.java:52] - Saved article: https://tienphong.vn/di-tim-loi-giai-post1739625.tpo via JSON-LD+Tags
2025-05-14 15:34:15.307 INFO  [Worker-0] c.d.crawler.storage.ArticleStorage [ArticleStorage.java:52] - Saved article: https://tienphong.vn/cam-on-post1737657.tpo via JSON-LD+Tags
2025-05-14 15:34:15.537 INFO  [Worker-3] c.d.crawler.storage.ArticleStorage [ArticleStorage.java:52] - Saved article: https://tienphong.vn/kinh-chieu-yeu-post1735785.tpo via JSON-LD+Tags
2025-05-14 15:34:15.641 INFO  [Worker-0] c.d.crawler.storage.ArticleStorage [ArticleStorage.java:52] - Saved article: https://tuoitre.vn/video/dong-nghet-nguoi-xep-hang-vao-chiem-bai-xa-loi-phat-tai-chua-quan-su-180064.htm via JSON-LD+Tags
2025-05-14 15:34:15.679 INFO  [Worker-2] c.d.crawler.storage.ArticleStorage [ArticleStorage.java:52] - Saved article: https://tienphong.vn/von-lieng-eo-hep-post1735476.tpo via JSON-LD+Tags
2025-05-14 15:34:15.725 INFO  [Worker-5] c.d.crawler.storage.ArticleStorage [ArticleStorage.java:52] - Saved article: https://tienphong.vn/luong-cuc-ai-post1733162.tpo via JSON-LD+Tags
2025-05-14 15:34:15.768 INFO  [Worker-1] c.d.crawler.storage.ArticleStorage [ArticleStorage.java:52] - Saved article: https://dantri.com.vn/xa-hoi/thu-tuong-lap-to-cong-tac-dac-biet-mo-dot-cao-diem-truy-quet-hang-gia-20250514131444854.htm via JSON-LD+Tags
2025-05-14 15:34:15.805 INFO  [Worker-4] c.d.crawler.storage.ArticleStorage [ArticleStorage.java:52] - Saved article: https://tuoitre.vn/video/canh-sat-giao-thong-tphcm-to-chuc-sat-hach-lai-xe-dot-dau-tien-180059.htm via JSON-LD+Tags
2025-05-14 15:34:15.880 INFO  [Worker-3] c.d.crawler.storage.ArticleStorage [ArticleStorage.java:52] - Saved article: https://tuoitre.vn/video/loi-khai-cua-bi-can-sat-hai-nu-chu-quan-ca-phe-sau-khi-mua-dam-180054.htm via JSON-LD+Tags
2025-05-14 15:34:15.923 INFO  [Worker-2] c.d.crawler.storage.ArticleStorage [ArticleStorage.java:52] - Saved article: https://tienphong.vn/quoc-hoi-ban-noi-dung-lien-quan-can-bo-cong-chuc-va-to-chuc-chinh-quyen-dia-phuong-post1741987.tpo via JSON-LD+Tags
2025-05-14 15:34:16.008 INFO  [Worker-5] c.d.crawler.storage.ArticleStorage [ArticleStorage.java:52] - Saved article: https://dantri.com.vn/noi-vu/chinh-quyen-dia-phuong-2-cap-la-buoc-chuyen-dot-pha-sau-80-nam-lap-nuoc-20250514124643891.htm via JSON-LD+Tags
2025-05-14 15:34:16.169 INFO  [Worker-4] c.d.crawler.storage.ArticleStorage [ArticleStorage.java:52] - Saved article: https://tienphong.vn/rao-can-lon-khien-quy-phat-trien-khoa-hoc-va-cong-nghe-bi-dong-bang-post1741905.tpo via JSON-LD+Tags
2025-05-14 15:34:16.198 INFO  [Worker-2] c.d.crawler.storage.ArticleStorage [ArticleStorage.java:52] - Saved article: https://dantri.com.vn/xa-hoi/don-vi-xay-cau-hoa-binh-la-nha-thau-quen-mat-tai-tay-ninh-20250514002635539.htm via JSON-LD+Tags
2025-05-14 15:34:16.256 INFO  [Worker-1] c.d.crawler.storage.ArticleStorage [ArticleStorage.java:52] - Saved article: https://tienphong.vn/tham-gia-gop-y-du-thao-sua-doi-hien-phap-2013-qua-vneid-la-nhiem-vu-chinh-tri-quan-trong-post1742142.tpo via JSON-LD+Tags
2025-05-14 15:34:16.279 INFO  [Worker-5] c.d.crawler.storage.ArticleStorage [ArticleStorage.java:52] - Saved article: https://dantri.com.vn/xa-hoi/bo-chat-van-chanh-an-va-vien-truong-vksnd-dan-bi-oan-se-nho-cay-ai-20250514103952756.htm via JSON-LD+Tags
2025-05-14 15:34:16.346 INFO  [Worker-3] c.d.crawler.storage.ArticleStorage [ArticleStorage.java:52] - Saved article: https://tuoitre.vn/thoi-tiet-hom-nay-14-5-ca-nuoc-co-mua-bac-bo-va-nam-bo-mua-to-chieu-toi-20250513155647801.htm via JSON-LD+Tags
2025-05-14 15:34:16.409 INFO  [Worker-4] c.d.crawler.storage.ArticleStorage [ArticleStorage.java:52] - Saved article: https://tienphong.vn/bac-giang-va-bac-ninh-ban-ve-du-thao-van-kien-dai-hoi-dang-bo-post1742023.tpo via JSON-LD+Tags
2025-05-14 15:34:16.501 INFO  [Worker-1] c.d.crawler.storage.ArticleStorage [ArticleStorage.java:52] - Saved article: https://tienphong.vn/khanh-hoa-van-hanh-bo-nao-so-post1742141.tpo via JSON-LD+Tags
2025-05-14 15:34:16.655 INFO  [Worker-4] c.d.crawler.storage.ArticleStorage [ArticleStorage.java:52] - Saved article: https://tienphong.vn/phat-hien-gan-nua-tan-chan-ga-duoi-lon-khong-ro-nguon-goc-o-co-so-thuc-pham-sach-post1742119.tpo via JSON-LD+Tags
2025-05-14 15:34:16.674 INFO  [Worker-0] c.d.crawler.storage.ArticleStorage [ArticleStorage.java:52] - Saved article: https://dantri.com.vn/the-gioi/ong-zelensky-du-kien-trao-doi-gi-neu-gap-ong-putin-tren-ban-dam-phan-20250514114752178.htm via JSON-LD+Tags
2025-05-14 15:34:16.693 INFO  [Worker-2] c.d.crawler.storage.ArticleStorage [ArticleStorage.java:52] - Saved article: https://tienphong.vn/nhieu-lanh-dao-chi-huy-cua-cong-an-tinh-thanh-hoa-nghi-huu-truoc-thoi-han-post1742128.tpo via JSON-LD+Tags
2025-05-14 15:34:16.715 INFO  [Worker-3] c.d.crawler.storage.ArticleStorage [ArticleStorage.java:52] - Saved article: https://dantri.com.vn/phap-luat/dinh-chi-dieu-tra-vu-an-hinh-su-voi-cuu-bi-thu-thi-xa-ben-cat-20250514115031597.htm via JSON-LD+Tags
2025-05-14 15:34:16.749 INFO  [Worker-1] c.d.crawler.storage.ArticleStorage [ArticleStorage.java:52] - Saved article: https://tienphong.vn/gia-vang-the-gioi-roi-manh-co-phieu-tiep-da-tang-post1742076.tpo via JSON-LD+Tags
2025-05-14 15:34:16.906 INFO  [Worker-4] c.d.crawler.storage.ArticleStorage [ArticleStorage.java:52] - Saved article: https://tienphong.vn/cong-ty-cua-ty-phu-pham-nhat-vuong-muon-lam-duong-sat-cao-toc-bac-nam-post1742118.tpo via JSON-LD+Tags
2025-05-14 15:34:16.948 INFO  [Worker-0] c.d.crawler.storage.ArticleStorage [ArticleStorage.java:52] - Saved article: https://tienphong.vn/nghien-cuu-xay-dung-them-6-tuyen-duong-sat-quoc-gia-post1741932.tpo via JSON-LD+Tags
2025-05-14 15:34:16.951 INFO  [Worker-2] c.d.crawler.storage.ArticleStorage [ArticleStorage.java:52] - Saved article: https://dantri.com.vn/tam-diem/bo-bang-tot-nghiep-thcs-hieu-truong-cap-bang-tot-nghiep-thpt-de-xuat-dung-20250513203240093.htm via JSON-LD+Tags
2025-05-14 15:34:17.145 INFO  [Worker-4] c.d.crawler.storage.ArticleStorage [ArticleStorage.java:52] - Saved article: https://tienphong.vn/sau-rieng-vap-nga-khien-xuat-khau-rau-qua-lao-doc-post1741911.tpo via JSON-LD+Tags
2025-05-14 15:34:17.208 INFO  [Worker-3] c.d.crawler.storage.ArticleStorage [ArticleStorage.java:52] - Saved article: https://tienphong.vn/nong-duong-dua-trai-phieu-bat-dong-san-post1742008.tpo via JSON-LD+Tags
2025-05-14 15:34:17.293 INFO  [Worker-2] c.d.crawler.storage.ArticleStorage [ArticleStorage.java:52] - Saved article: https://tienphong.vn/gia-vang-trong-nuoc-bo-xa-the-gioi-post1742030.tpo via JSON-LD+Tags
2025-05-14 15:34:17.401 INFO  [Worker-4] c.d.crawler.storage.ArticleStorage [ArticleStorage.java:52] - Saved article: https://dantri.com.vn/xa-hoi/csgt-tphcm-lan-dau-tien-to-chuc-thi-sat-hach-cap-giay-phep-lai-xe-20250514110938276.htm via JSON-LD+Tags
2025-05-14 15:34:17.459 INFO  [Worker-3] c.d.crawler.storage.ArticleStorage [ArticleStorage.java:52] - Saved article: https://tienphong.vn/viet-nam-rong-cua-xuat-khau-ca-tra-sang-brazil-post1742095.tpo via JSON-LD+Tags
2025-05-14 15:34:17.479 INFO  [Worker-0] c.d.crawler.storage.ArticleStorage [ArticleStorage.java:52] - Saved article: https://tienphong.vn/vu-can-bo-cong-an-bi-to-tat-co-gai-ly-do-to-cong-tac-kiem-tra-cong-ty-post1742140.tpo via JSON-LD+Tags
2025-05-14 15:34:17.539 INFO  [Worker-2] c.d.crawler.storage.ArticleStorage [ArticleStorage.java:52] - Saved article: https://dantri.com.vn/du-lich/an-pho-o-san-bay-viet-nam-het-gan-400000-dong-khach-tay-keu-dat-20250514101305723.htm via JSON-LD+Tags
2025-05-14 15:34:17.647 INFO  [Worker-4] c.d.crawler.storage.ArticleStorage [ArticleStorage.java:52] - Saved article: https://tienphong.vn/vu-buon-lau-dat-hiem-gay-thiet-hai-736-ty-dong-cuu-thu-truong-bo-tnmt-duoc-de-nghi-an-treo-post1742089.tpo via JSON-LD+Tags
2025-05-14 15:34:17.723 INFO  [Worker-0] c.d.crawler.storage.ArticleStorage [ArticleStorage.java:52] - Saved article: https://dantri.com.vn/noi-vu/xa-phuong-moi-can-om-duoc-nhung-do-thi-trieu-dan-trong-long-thanh-pho-20250513211106525.htm via JSON-LD+Tags
2025-05-14 15:34:17.791 INFO  [Worker-5] c.d.crawler.storage.ArticleStorage [ArticleStorage.java:52] - Saved article: https://tienphong.vn/sinh-lien-tiep-5-con-de-hoan-chap-hanh-an-tu-roi-lai-tiep-tuc-pham-phap-post1742175.tpo via JSON-LD+Tags
2025-05-14 15:34:18.036 INFO  [Worker-5] c.d.crawler.storage.ArticleStorage [ArticleStorage.java:52] - Saved article: https://tienphong.vn/ha-noi-tam-dinh-chi-truong-cong-an-xa-lien-quan-den-vu-tai-nan-lien-hoan-6-xe-may-post1742027.tpo via JSON-LD+Tags
2025-05-14 15:34:18.055 INFO  [Worker-1] c.d.crawler.storage.ArticleStorage [ArticleStorage.java:52] - Saved article: https://dantri.com.vn/cong-nghe/iphone-lai-giam-soc-reviewer-cong-nghe-chi-thoi-diem-bat-day-tot-nhat-20250514095037411.htm via JSON-LD+Tags
2025-05-14 15:34:18.190 INFO  [Worker-0] c.d.crawler.storage.ArticleStorage [ArticleStorage.java:52] - Saved article: https://tienphong.vn/bat-mot-giam-doc-doanh-nghiep-ve-toi-lua-dao-post1741888.tpo via JSON-LD+Tags
2025-05-14 15:34:18.319 INFO  [Worker-1] c.d.crawler.storage.ArticleStorage [ArticleStorage.java:52] - Saved article: https://tienphong.vn/ha-noi-tam-dinh-chi-cong-tac-can-bo-cong-an-phuong-bi-to-danh-mot-co-gai-post1742004.tpo via JSON-LD+Tags
2025-05-14 15:34:18.407 INFO  [Worker-5] c.d.crawler.storage.ArticleStorage [ArticleStorage.java:52] - Saved article: https://tuoitre.vn/doanh-nghiep-dong-bang-song-cuu-long-danh-gia-gi-ve-kinh-te-trong-nam-2025-20250514150115035.htm via JSON-LD+Tags
2025-05-14 15:34:18.434 INFO  [Worker-0] c.d.crawler.storage.ArticleStorage [ArticleStorage.java:52] - Saved article: https://dantri.com.vn/giao-duc/hieu-truong-giai-thich-viec-gui-nham-anh-nhay-cam-vao-nhom-chung-cua-truong-20250513072130681.htm via JSON-LD+Tags
2025-05-14 15:34:18.457 INFO  [Worker-2] c.d.crawler.storage.ArticleStorage [ArticleStorage.java:52] - Saved article: https://tienphong.vn/gia-mao-fanpage-cac-cong-ty-du-lich-lua-dao-gan-100-nguoi-post1742024.tpo via JSON-LD+Tags
2025-05-14 15:34:18.579 INFO  [Worker-3] c.d.crawler.storage.ArticleStorage [ArticleStorage.java:52] - Saved article: https://dantri.com.vn/phap-luat/ngay-mai-xu-phuc-tham-cuu-dai-bieu-quoc-hoi-luu-binh-nhuong-le-thanh-van-20250514115045852.htm via JSON-LD+Tags
2025-05-14 15:34:18.688 INFO  [Worker-1] c.d.crawler.storage.ArticleStorage [ArticleStorage.java:52] - Saved article: https://tuoitre.vn/de-xuat-phuong-an-phan-chia-thu-ngan-sach-dia-phuong-duoc-giu-lai-bao-nhieu-20250514150417364.htm via JSON-LD+Tags
2025-05-14 15:34:18.694 INFO  [Worker-0] c.d.crawler.storage.ArticleStorage [ArticleStorage.java:52] - Saved article: https://tienphong.vn/phep-tinh-can-nao-cua-tong-thong-putin-truoc-cuoc-gap-nga-ukraine-post1742090.tpo via JSON-LD+Tags
2025-05-14 15:34:18.719 INFO  [Worker-2] c.d.crawler.storage.ArticleStorage [ArticleStorage.java:52] - Saved article: https://dantri.com.vn/the-gioi/chien-su-ukraine-145-nga-tong-tan-cong-luc-luong-kiev-rut-lui-hang-loat-20250514113200957.htm via JSON-LD+Tags
2025-05-14 15:34:18.754 INFO  [Worker-4] c.d.crawler.storage.ArticleStorage [ArticleStorage.java:52] - Saved article: https://tuoitre.vn/cang-bien-tran-de-duoc-quy-hoach-tiep-nhan-tau-cho-hang-den-160-ngan-tan-20250514103958673.htm via JSON-LD+Tags
2025-05-14 15:34:18.944 INFO  [Worker-0] c.d.crawler.storage.ArticleStorage [ArticleStorage.java:52] - Saved article: https://tienphong.vn/tong-thong-putin-neu-dieu-kien-de-cac-cong-ty-phuong-tay-tro-lai-nga-post1742054.tpo via JSON-LD+Tags
2025-05-14 15:34:19.053 INFO  [Worker-1] c.d.crawler.storage.ArticleStorage [ArticleStorage.java:52] - Saved article: https://tienphong.vn/trung-quoc-huy-dong-nhieu-vu-khi-hien-dai-tap-tran-chung-voi-campuchia-post1742065.tpo via JSON-LD+Tags
2025-05-14 15:34:19.193 INFO  [Worker-0] c.d.crawler.storage.ArticleStorage [ArticleStorage.java:52] - Saved article: https://tienphong.vn/nga-tiet-lo-nhung-noi-dung-dam-phan-voi-ukraine-post1742029.tpo via JSON-LD+Tags
2025-05-14 15:34:19.295 INFO  [Worker-1] c.d.crawler.storage.ArticleStorage [ArticleStorage.java:52] - Saved article: https://tienphong.vn/tong-thong-ukraine-cho-gap-tong-thong-nga-o-tho-nhi-ky-post1742040.tpo via JSON-LD+Tags
2025-05-14 15:34:19.449 INFO  [Worker-2] c.d.crawler.storage.ArticleStorage [ArticleStorage.java:52] - Saved article: https://tienphong.vn/the-gioi-24h-tong-thong-my-donald-trump-bi-keu-goi-luan-toi-khi-dang-cong-du-trung-dong-post1742034.tpo via JSON-LD+Tags
2025-05-14 15:34:19.545 INFO  [Worker-1] c.d.crawler.storage.ArticleStorage [ArticleStorage.java:52] - Saved article: https://tienphong.vn/tong-thong-my-trump-dua-ra-tuyen-bo-bat-ngo-voi-syria-nhan-qua-lon-o-a-rap-xe-ut-post1742035.tpo via JSON-LD+Tags
2025-05-14 15:34:19.670 INFO  [Worker-3] c.d.crawler.storage.ArticleStorage [ArticleStorage.java:52] - Saved article: https://tuoitre.vn/luu-hieu-khanh-mang-quoc-bao-trung-quoc-den-cannes-tu-hy-vien-bi-rut-ong-tho-sau-cuoc-goi-cuoi-2025051414451614.htm via JSON-LD+Tags
2025-05-14 15:34:19.693 INFO  [Worker-4] c.d.crawler.storage.ArticleStorage [ArticleStorage.java:52] - Saved article: https://tuoitre.vn/truyen-thong-ban-ngay-cang-lam-chieu-20250514102751606.htm via JSON-LD+Tags
2025-05-14 15:34:19.748 INFO  [Worker-2] c.d.crawler.storage.ArticleStorage [ArticleStorage.java:52] - Saved article: https://dantri.com.vn/noi-vu/xem-xet-bo-tri-uy-vien-ban-thuong-vu-tinh-uy-lam-bi-thu-xa-20250514113001388.htm via JSON-LD+Tags
2025-05-14 15:34:20.106 INFO  [Worker-0] c.d.crawler.storage.ArticleStorage [ArticleStorage.java:52] - Saved article: https://tuoitre.vn/diddy-bi-to-hanh-ha-ban-gai-bang-dau-em-be-phim-concert-anh-trai-vuot-ngan-chong-gai-gay-sot-20250514092245062.htm via JSON-LD+Tags
2025-05-14 15:34:20.108 INFO  [Worker-3] c.d.crawler.storage.ArticleStorage [ArticleStorage.java:52] - Saved article: https://tienphong.vn/ky-viii-quy-coc-tu-muu-luoc-toan-thu-suy-thien-post1739547.tpo via JSON-LD+Tags
2025-05-14 15:34:20.120 INFO  [Worker-4] c.d.crawler.storage.ArticleStorage [ArticleStorage.java:52] - Saved article: https://dantri.com.vn/kinh-doanh/viec-trung-quoc-dang-rao-riet-gom-vang-bao-hieu-dieu-gi-20250509000522343.htm via JSON-LD+Tags
2025-05-14 15:34:20.153 INFO  [Worker-1] c.d.crawler.storage.ArticleStorage [ArticleStorage.java:52] - Saved article: https://dantri.com.vn/xa-hoi/vu-mat-cau-nut-giao-1350-ty-dong-sut-lun-lam-viec-voi-tap-doan-phuc-son-20250514115907593.htm via JSON-LD+Tags
2025-05-14 15:34:20.192 INFO  [Worker-2] c.d.crawler.storage.ArticleStorage [ArticleStorage.java:52] - Saved article: https://tienphong.vn/ky-110-hang-quan-ca-phe-trong-qua-trinh-phat-trien-nganh-thoi-trang-post1735574.tpo via JSON-LD+Tags
2025-05-14 15:34:20.280 INFO  [Worker-5] c.d.crawler.storage.ArticleStorage [ArticleStorage.java:52] - Saved article: https://tienphong.vn/ky-vii-quy-coc-tu-muu-luoc-toan-thu-ngo-hop-post1731009.tpo via JSON-LD+Tags
2025-05-14 15:34:20.443 INFO  [Worker-2] c.d.crawler.storage.ArticleStorage [ArticleStorage.java:52] - Saved article: https://tienphong.vn/dai-bieu-chau-ngoan-bac-ho-tham-dia-chi-do-dac-biet-tai-thu-do-ha-noi-post1742134.tpo via JSON-LD+Tags
2025-05-14 15:34:20.583 INFO  [Worker-3] c.d.crawler.storage.ArticleStorage [ArticleStorage.java:52] - Saved article: https://dantri.com.vn/the-gioi/ukraine-chap-nhan-moi-hinh-thuc-dam-phan-voi-nga-kem-dieu-kien-duy-nhat-20250514152846379.htm via JSON-LD+Tags
2025-05-14 15:34:20.690 INFO  [Worker-2] c.d.crawler.storage.ArticleStorage [ArticleStorage.java:52] - Saved article: https://dantri.com.vn/giai-tri/johnny-tri-nguyen-tu-tai-tu-phim-hanh-dong-den-cuoc-song-bi-an-o-tuoi-51-20250513232850965.htm via JSON-LD+Tags
2025-05-14 15:34:20.844 INFO  [Worker-3] c.d.crawler.storage.ArticleStorage [ArticleStorage.java:52] - Saved article: https://tienphong.vn/trang-bi-kien-thuc-ky-nang-an-toan-tren-khong-gian-mang-cho-thanh-nien-post1742165.tpo via JSON-LD+Tags
2025-05-14 15:34:20.950 INFO  [Worker-0] c.d.crawler.storage.ArticleStorage [ArticleStorage.java:52] - Saved article: https://tienphong.vn/nu-sinh-nha-su-hoc-nho-tuoi-vinh-du-doc-bao-cong-dang-bac-post1742038.tpo via JSON-LD+Tags
2025-05-14 15:34:20.979 INFO  [Worker-5] c.d.crawler.storage.ArticleStorage [ArticleStorage.java:52] - Saved article: https://tienphong.vn/chu-re-long-an-run-ban-bat-trong-dam-hoi-dien-bien-sau-do-khien-2-ho-bat-cuoi-post1742177.tpo via JSON-LD+Tags
2025-05-14 15:34:21.221 INFO  [Worker-0] c.d.crawler.storage.ArticleStorage [ArticleStorage.java:52] - Saved article: https://dantri.com.vn/doi-song/nguoi-dan-ong-lam-nha-dac-biet-gia-400-trieu-dong-tu-xoay-theo-y-muon-20250513211015197.htm via JSON-LD+Tags
2025-05-14 15:34:21.253 INFO  [Worker-5] c.d.crawler.storage.ArticleStorage [ArticleStorage.java:52] - Saved article: https://tienphong.vn/dai-bieu-chau-ngoan-bac-ho-vao-lang-vieng-chu-tich-ho-chi-minh-post1742133.tpo via JSON-LD+Tags
2025-05-14 15:34:21.418 INFO  [Worker-1] c.d.crawler.storage.ArticleStorage [ArticleStorage.java:52] - Saved article: https://tienphong.vn/co-chung-chi-ielts-80-giai-nhat-hoc-sinh-gioi-tinh-van-khoc-vi-so-truot-dai-hoc-chuyen-gia-khuyen-gi-post1741858.tpo via JSON-LD+Tags
2025-05-14 15:34:21.530 INFO  [Worker-3] c.d.crawler.storage.ArticleStorage [ArticleStorage.java:52] - Saved article: https://tienphong.vn/thi-vao-cac-truong-chuyen-ha-noi-canh-tranh-gay-gat-co-mon-1-choi-gan-25-post1742063.tpo via JSON-LD+Tags
2025-05-14 15:34:21.657 INFO  [Worker-1] c.d.crawler.storage.ArticleStorage [ArticleStorage.java:52] - Saved article: https://dantri.com.vn/kinh-doanh/ong-nhua-europipe-tu-nha-may-hien-dai-hang-dau-den-nhung-cong-trinh-trong-diem-20250402154017538.htm via JSON-LD+Tags
2025-05-14 15:34:21.763 INFO  [Worker-3] c.d.crawler.storage.ArticleStorage [ArticleStorage.java:52] - Saved article: https://tienphong.vn/truong-co-diem-chuan-rot-tham-nam-ngoai-nam-nay-ti-le-choi-ra-sao-post1742097.tpo via JSON-LD+Tags
2025-05-14 15:34:21.873 INFO  [Worker-4] c.d.crawler.storage.ArticleStorage [ArticleStorage.java:52] - Saved article: https://tuoitre.vn/tp-hcm-mo-lop-hoc-boi-mien-phi-cho-nguoi-dan-2025051410001369.htm via JSON-LD+Tags
2025-05-14 15:34:21.900 INFO  [Worker-0] c.d.crawler.storage.ArticleStorage [ArticleStorage.java:52] - Saved article: https://tienphong.vn/hon-1000-giao-vien-hoc-sinh-cho-don-chuong-trinh-noi-khong-voi-thuoc-la-dien-tu-post1742105.tpo via JSON-LD+Tags
2025-05-14 15:34:21.997 INFO  [Worker-3] c.d.crawler.storage.ArticleStorage [ArticleStorage.java:52] - Saved article: https://tienphong.vn/cong-dong-mang-day-song-vi-thai-do-vo-cam-truoc-su-ra-di-cua-nha-nghien-cuu-tung-de-xuat-cai-cach-tieng-viet-post1742085.tpo via JSON-LD+Tags
2025-05-14 15:34:22.038 INFO  [Worker-5] c.d.crawler.storage.ArticleStorage [ArticleStorage.java:52] - Saved article: https://tuoitre.vn/hlv-amorim-thuc-hien-gan-500-cuoc-phong-van-sau-nua-nam-dan-dat-man-united-20250514092647724.htm via JSON-LD+Tags
2025-05-14 15:34:22.071 INFO  [Worker-2] c.d.crawler.storage.ArticleStorage [ArticleStorage.java:52] - Saved article: https://dantri.com.vn/bat-dong-san/ban-quan-tri-chung-cu-conic-dong-nam-a-o-tphcm-bi-phat-hon-119-ty-dong-20250514110144410.htm via JSON-LD+Tags
2025-05-14 15:34:22.232 INFO  [Worker-3] c.d.crawler.storage.ArticleStorage [ArticleStorage.java:52] - Saved article: https://tienphong.vn/vi-sao-mot-so-nguoi-chi-ngu-4-gio-moi-ngay-ma-van-khoe-manh-post1741570.tpo via JSON-LD+Tags
2025-05-14 15:34:22.257 INFO  [Worker-0] c.d.crawler.storage.ArticleStorage [ArticleStorage.java:52] - Saved article: https://tuoitre.vn/xac-dinh-4-doi-vao-ban-ket-giai-futsal-nu-chau-a-2025-20250514082950571.htm via JSON-LD+Tags
2025-05-14 15:34:22.292 INFO  [Worker-1] c.d.crawler.storage.ArticleStorage [ArticleStorage.java:52] - Saved article: https://tuoitre.vn/lich-truc-tiep-chung-ket-luot-di-shopee-cup-cong-an-ha-noi-dau-buriram-20250514080630024.htm via JSON-LD+Tags
2025-05-14 15:34:22.332 INFO  [Worker-2] c.d.crawler.storage.ArticleStorage [ArticleStorage.java:52] - Saved article: https://dantri.com.vn/the-thao/bao-han-quoc-lo-cho-tuyen-viet-nam-va-hlv-kim-sang-sik-truoc-tran-dai-chien-20250514121609415.htm via JSON-LD+Tags
2025-05-14 15:34:22.390 INFO  [Worker-5] c.d.crawler.storage.ArticleStorage [ArticleStorage.java:52] - Saved article: https://tienphong.vn/canh-bao-di-vat-song-trong-duong-tho-gay-nguy-co-tu-vong-post1742113.tpo via JSON-LD+Tags
2025-05-14 15:34:22.468 INFO  [Worker-3] c.d.crawler.storage.ArticleStorage [ArticleStorage.java:52] - Saved article: https://tienphong.vn/18-loai-thuc-pham-bao-ve-suc-khoe-cua-abbott-healthcare-viet-nam-bi-bo-y-te-thu-hoi-post1742001.tpo via JSON-LD+Tags
2025-05-14 15:34:22.614 INFO  [Worker-0] c.d.crawler.storage.ArticleStorage [ArticleStorage.java:52] - Saved article: https://dantri.com.vn/suc-khoe/tphcm-co-so-mac-covid-19-nhieu-nhat-ca-nuoc-20250514100858448.htm via JSON-LD+Tags
2025-05-14 15:34:22.646 INFO  [Worker-1] c.d.crawler.storage.ArticleStorage [ArticleStorage.java:52] - Saved article: https://tienphong.vn/soi-san-ho-an-het-than-benh-nhan-post1742099.tpo via JSON-LD+Tags
2025-05-14 15:34:22.805 INFO  [Worker-4] c.d.crawler.storage.ArticleStorage [ArticleStorage.java:52] - Saved article: https://tienphong.vn/can-benh-ung-thu-co-nguyen-nhan-tu-moi-truong-va-loi-song-hang-ngay-dau-hieu-chi-la-mot-cham-be-nhu-dau-tam-post1741881.tpo via JSON-LD+Tags
2025-05-14 15:34:22.896 INFO  [Worker-1] c.d.crawler.storage.ArticleStorage [ArticleStorage.java:52] - Saved article: https://dantri.com.vn/noi-vu/thu-tuong-muon-tram-chu-tich-tinh-phai-cho-xin-hdnd-kho-dung-quyen-20250514140207986.htm via JSON-LD+Tags
2025-05-14 15:34:23.156 INFO  [Worker-3] c.d.crawler.storage.ArticleStorage [ArticleStorage.java:52] - Saved article: https://dantri.com.vn/tam-long-nhan-ai/bi-kich-tiep-noi-chong-vua-do-tai-bien-cung-la-luc-con-toi-gap-nan-20250512122949458.htm via JSON-LD+Tags
2025-05-14 15:34:23.429 INFO  [Worker-3] c.d.crawler.storage.ArticleStorage [ArticleStorage.java:52] - Saved article: https://dantri.com.vn/o-to-xe-may/khong-lo-o-to-cu-se-bi-cam-luu-hanh-neu-chu-xe-luu-y-den-dieu-nay-20250514090004023.htm via JSON-LD+Tags
2025-05-14 15:34:23.466 INFO  [Worker-0] c.d.crawler.storage.ArticleStorage [ArticleStorage.java:52] - Saved article: https://tuoitre.vn/tp-hcm-cung-binh-duong-ba-ria-vung-tau-chuan-bi-ha-tang-so-dam-bao-van-hanh-sau-sap-nhap-20250513170005037.htm via JSON-LD+Tags
2025-05-14 15:34:23.508 INFO  [Worker-5] c.d.crawler.storage.ArticleStorage [ArticleStorage.java:52] - Saved article: https://tienphong.vn/ngang-nhien-xay-khu-trai-nghiem-du-lich-khung-tren-dat-rung-san-xuat-post1740719.tpo via JSON-LD+Tags
2025-05-14 15:34:23.578 INFO  [Worker-2] c.d.crawler.storage.ArticleStorage [ArticleStorage.java:52] - Saved article: https://tuoitre.vn/cong-bo-32-san-pham-khoa-hoc-cong-nghe-tieu-bieu-tren-cong-thong-tin-doi-moi-sang-tao-2025051311490939.htm via JSON-LD+Tags
2025-05-14 15:34:23.604 INFO  [Worker-4] c.d.crawler.storage.ArticleStorage [ArticleStorage.java:52] - Saved article: https://tuoitre.vn/trung-tuong-nguyen-minh-duc-doi-tuong-goi-dien-neu-ro-so-can-cuoc-vay-lo-lot-o-dau-20250512171157249.htm via JSON-LD+Tags
2025-05-14 15:34:23.685 INFO  [Worker-3] c.d.crawler.storage.ArticleStorage [ArticleStorage.java:52] - Saved article: https://tienphong.vn/dai-bieu-thieu-nhi-mang-niem-vinh-du-tu-hao-den-dai-hoi-chau-ngoan-bac-ho-post1741991.tpo via JSON-LD+Tags
2025-05-14 15:34:23.844 INFO  [Worker-0] c.d.crawler.storage.ArticleStorage [ArticleStorage.java:52] - Saved article: https://dantri.com.vn/giao-duc/de-xuat-bo-hai-dai-hoc-quoc-gia-va-cac-dai-hoc-vung-20250514144416536.htm via JSON-LD+Tags
2025-05-14 15:34:23.957 INFO  [Worker-2] c.d.crawler.storage.ArticleStorage [ArticleStorage.java:52] - Saved article: https://tienphong.vn/clip-trom-dot-nhap-can-ho-o-ha-noi-giua-dem-manh-dong-khi-bi-phat-hien-post1741967.tpo via JSON-LD+Tags
2025-05-14 15:34:24.098 INFO  [Worker-0] c.d.crawler.storage.ArticleStorage [ArticleStorage.java:52] - Saved article: https://tienphong.vn/dai-bieu-thieu-nhi-kham-pha-bao-tang-cong-nghe-so-post1741959.tpo via JSON-LD+Tags
2025-05-14 15:34:24.186 INFO  [Worker-5] c.d.crawler.storage.ArticleStorage [ArticleStorage.java:52] - Saved article: https://dantri.com.vn/noi-vu/de-xuat-tang-gap-doi-tro-cap-voi-can-bo-khong-chuyen-trach-mat-viec-20250514123839277.htm via JSON-LD+Tags
2025-05-14 15:34:24.329 INFO  [Worker-2] c.d.crawler.storage.ArticleStorage [ArticleStorage.java:52] - Saved article: https://tuoitre.vn/thi-lech-nen-hoc-lech-20250514093442542.htm via JSON-LD+Tags
2025-05-14 15:34:24.338 INFO  [Worker-0] c.d.crawler.storage.ArticleStorage [ArticleStorage.java:52] - Saved article: https://tienphong.vn/ukraine-pha-huy-vu-khi-tri-gia-45-trieu-usd-cua-nga-post1741928.tpo via JSON-LD+Tags
2025-05-14 15:34:24.450 INFO  [Worker-5] c.d.crawler.storage.ArticleStorage [ArticleStorage.java:52] - Saved article: https://dantri.com.vn/phap-luat/vu-can-bo-cong-an-bi-to-danh-nguoi-to-cong-tac-den-cong-ty-lam-gi-20250514130016956.htm via JSON-LD+Tags
2025-05-14 15:34:24.472 INFO  [Worker-1] c.d.crawler.storage.ArticleStorage [ArticleStorage.java:52] - Saved article: https://dantri.com.vn/du-lich/doc-dao-to-pho-gan-1kg-co-mieng-suon-to-nhat-tphcm-20250513174815513.htm via JSON-LD+Tags
2025-05-14 15:34:24.500 INFO  [Worker-3] c.d.crawler.storage.ArticleStorage [ArticleStorage.java:52] - Saved article: https://tuoitre.vn/nhieu-truong-dai-hoc-mo-cong-tuyen-sinh-som-2025051409183802.htm via JSON-LD+Tags
2025-05-14 15:34:24.528 INFO  [Worker-4] c.d.crawler.storage.ArticleStorage [ArticleStorage.java:52] - Saved article: https://tuoitre.vn/dinh-huong-nghien-cuu-cua-ueh-trong-ky-nguyen-moi-20250514061815707.htm via JSON-LD+Tags
2025-05-14 15:34:24.582 INFO  [Worker-0] c.d.crawler.storage.ArticleStorage [ArticleStorage.java:52] - Saved article: https://tienphong.vn/binh-duong-dau-tu-tren-320-ty-dong-xay-dung-khu-luu-niem-cu-pho-bang-nguyen-sinh-sac-post1742147.tpo via JSON-LD+Tags
2025-05-14 15:34:24.720 INFO  [Worker-5] c.d.crawler.storage.ArticleStorage [ArticleStorage.java:52] - Saved article: https://dantri.com.vn/doi-song/dap-cua-cuu-nguoi-luc-xe-chim-o-bien-lua-sap-phat-no-nguoi-dan-ong-noi-gi-20250514132815477.htm via JSON-LD+Tags
2025-05-14 15:34:24.824 INFO  [Worker-0] c.d.crawler.storage.ArticleStorage [ArticleStorage.java:52] - Saved article: https://tienphong.vn/chua-co-gan-voi-phong-trao-dong-du-khang-phap-o-mien-tay-post1741761.tpo via JSON-LD+Tags
2025-05-14 15:34:24.869 INFO  [Worker-3] c.d.crawler.storage.ArticleStorage [ArticleStorage.java:52] - Saved article: https://dantri.com.vn/tinh-yeu-gioi-tinh/cuoi-nguoi-yeu-cu-cua-toi-ban-than-con-vo-tu-nho-giup-mot-viec-20250514145355799.htm via JSON-LD+Tags
2025-05-14 15:34:24.878 INFO  [Worker-4] c.d.crawler.storage.ArticleStorage [ArticleStorage.java:52] - Saved article: https://tienphong.vn/tim-ra-30-tac-pham-xuat-sac-nhat-cuoc-thi-bao-ve-nen-tang-tu-tuong-cua-dang-trong-tinh-hinh-moi-post1741782.tpo via JSON-LD+Tags
2025-05-14 15:34:24.995 INFO  [Worker-5] c.d.crawler.storage.ArticleStorage [ArticleStorage.java:52] - Saved article: https://dantri.com.vn/khoa-hoc/toan-hoc-duoc-phat-minh-khi-nao-20250513235311483.htm via JSON-LD+Tags
2025-05-14 15:34:25.127 INFO  [Worker-4] c.d.crawler.storage.ArticleStorage [ArticleStorage.java:52] - Saved article: https://tienphong.vn/dong-nguoi-do-ve-pho-di-bo-ho-guom-post1741966.tpo via JSON-LD+Tags
2025-05-14 15:34:25.371 INFO  [Worker-5] c.d.crawler.storage.ArticleStorage [ArticleStorage.java:52] - Saved article: https://tuoitre.vn/bat-ngo-phat-hien-hanh-tinh-lanh-gia-trong-vung-cam-vu-tru-20250514091849874.htm via JSON-LD+Tags
2025-05-14 15:34:25.437 INFO  [Worker-4] c.d.crawler.storage.ArticleStorage [ArticleStorage.java:52] - Saved article: https://tienphong.vn/nhan-dinh-cong-an-ha-noi-vs-buriram-united-19h30-ngay-145-mo-duong-toi-dinh-cao-post1742048.tpo via JSON-LD+Tags
2025-05-14 15:34:25.539 INFO  [Worker-2] c.d.crawler.storage.ArticleStorage [ArticleStorage.java:52] - Saved article: https://tuoitre.vn/khoa-hoc-sung-sot-truoc-cuc-quang-du-doi-tren-sao-moc-20250513192739625.htm via JSON-LD+Tags
2025-05-14 15:34:25.544 INFO  [Worker-0] c.d.crawler.storage.ArticleStorage [ArticleStorage.java:52] - Saved article: https://tienphong.vn/nhan-dinh-ac-milan-vs-bologna-02h00-ngay-155-mon-no-kho-tra-post1742093.tpo via JSON-LD+Tags
2025-05-14 15:34:25.549 INFO  [Worker-3] c.d.crawler.storage.ArticleStorage [ArticleStorage.java:52] - Saved article: https://tuoitre.vn/ngay-ket-thuc-cua-vu-tru-co-the-den-som-hon-du-doan-20250513171245611.htm via JSON-LD+Tags
2025-05-14 15:34:25.631 INFO  [Worker-1] c.d.crawler.storage.ArticleStorage [ArticleStorage.java:52] - Saved article: https://dantri.com.vn/ban-doc/bang-cap-khong-phai-la-ganh-nang-neu-duoc-cai-cach-dung-cach-20250514141545862.htm via JSON-LD+Tags
2025-05-14 15:34:25.729 INFO  [Worker-5] c.d.crawler.storage.ArticleStorage [ArticleStorage.java:52] - Saved article: https://tienphong.vn/rory-mcilroy-scheffler-schauffele-chung-nhom-dau-trong-mo-tai-pga-championship-2025-post1742083.tpo via JSON-LD+Tags
2025-05-14 15:34:25.914 INFO  [Worker-2] c.d.crawler.storage.ArticleStorage [ArticleStorage.java:52] - Saved article: https://dantri.com.vn/cong-nghe/can-canh-chiec-galaxy-s-mong-nhat-cua-samsung-20250514104340010.htm via JSON-LD+Tags
2025-05-14 15:34:25.915 INFO  [Worker-3] c.d.crawler.storage.ArticleStorage [ArticleStorage.java:52] - Saved article: https://tienphong.vn/clb-werder-bremen-mang-doi-hinh-manh-den-ha-noi-dau-tuyen-nu-viet-nam-post1742162.tpo via JSON-LD+Tags
2025-05-14 15:34:26.219 INFO  [Worker-3] c.d.crawler.storage.ArticleStorage [ArticleStorage.java:52] - Saved article: https://dantri.com.vn/suc-khoe/ghep-gan-cho-benh-nhi-8-thang-tuoi-tu-nguoi-chet-nao-ky-tich-y-hoc-viet-20250510173721969.htm via JSON-LD
2025-05-14 15:34:26.247 INFO  [Worker-0] c.d.crawler.storage.ArticleStorage [ArticleStorage.java:52] - Saved article: https://tienphong.vn/my-co-the-rut-khoi-tien-trinh-dam-phan-nga-ukraine-post1741944.tpo via JSON-LD+Tags
2025-05-14 15:34:26.295 INFO  [Worker-4] c.d.crawler.storage.ArticleStorage [ArticleStorage.java:52] - Saved article: https://tuoitre.vn/doc-dao-can-nha-go-co-the-xoay-theo-huong-mong-muon-2025051410023369.htm via JSON-LD+Tags
2025-05-14 15:34:26.443 INFO  [Worker-5] c.d.crawler.storage.ArticleStorage [ArticleStorage.java:52] - Saved article: https://tienphong.vn/tau-san-bay-han-quoc-se-trang-bi-phi-doi-uav-thay-vi-may-bay-chien-dau-f-35-post1741916.tpo via JSON-LD+Tags
2025-05-14 15:34:26.462 INFO  [Worker-1] c.d.crawler.storage.ArticleStorage [ArticleStorage.java:52] - Saved article: https://tuoitre.vn/da-nang-tiep-tuc-rot-100-ti-dau-tu-pho-tay-an-thuong-se-co-nhac-nuoc-20250513153903516.htm via JSON-LD+Tags
2025-05-14 15:34:26.492 INFO  [Worker-0] c.d.crawler.storage.ArticleStorage [ArticleStorage.java:52] - Saved article: https://tienphong.vn/mon-qua-sang-tao-cua-nguoi-linh-cong-binh-viet-nam-o-abyei-post1741819.tpo via JSON-LD+Tags
2025-05-14 15:34:26.508 INFO  [Worker-2] c.d.crawler.storage.ArticleStorage [ArticleStorage.java:52] - Saved article: https://tuoitre.vn/tim-thi-sinh-cua-lon-nhat-tai-ngay-hoi-cua-ca-mau-lan-2-2025051310041591.htm via JSON-LD+Tags
2025-05-14 15:34:26.731 INFO  [Worker-0] c.d.crawler.storage.ArticleStorage [ArticleStorage.java:52] - Saved article: https://tienphong.vn/tiet-lo-ly-do-duc-ngung-cong-khai-thong-tin-vien-tro-vu-khi-cho-ukraine-post1741774.tpo via JSON-LD+Tags
2025-05-14 15:34:26.964 INFO  [Worker-0] c.d.crawler.storage.ArticleStorage [ArticleStorage.java:52] - Saved article: https://tienphong.vn/phe-duyet-quy-hoach-chi-tiet-sieu-cang-bien-hon-61500-ty-post1742123.tpo via JSON-LD+Tags
2025-05-14 15:34:27.051 INFO  [Worker-3] c.d.crawler.storage.ArticleStorage [ArticleStorage.java:52] - Saved article: https://tuoitre.vn/thuong-nho-nhung-mua-tram-chin-mien-tay-20250514110530068.htm via JSON-LD+Tags
2025-05-14 15:34:27.107 INFO  [Worker-4] c.d.crawler.storage.ArticleStorage [ArticleStorage.java:52] - Saved article: https://dantri.com.vn/noi-vu/bom-nguon-luc-cho-xa-phuong-de-ganh-vai-tro-moi-20250514134249833.htm via JSON-LD+Tags
2025-05-14 15:34:27.218 INFO  [Worker-0] c.d.crawler.storage.ArticleStorage [ArticleStorage.java:52] - Saved article: https://tienphong.vn/phan-hoi-thong-tin-trai-chieu-ve-kiem-dinh-khi-thai-o-to-xe-may-post1742057.tpo via JSON-LD+Tags
2025-05-14 15:34:27.236 INFO  [Worker-5] c.d.crawler.storage.ArticleStorage [ArticleStorage.java:52] - Saved article: https://tuoitre.vn/dong-nguoi-bat-tan-xep-hang-vao-chiem-bai-xa-loi-phat-tai-chua-quan-su-20250514102645216.htm via JSON-LD+Tags
2025-05-14 15:34:27.327 INFO  [Worker-2] c.d.crawler.storage.ArticleStorage [ArticleStorage.java:52] - Saved article: https://tienphong.vn/nong-dan-dung-ngoi-khong-yen-vi-nguy-co-mat-trang-hon-150ha-lua-post1741713.tpo via JSON-LD+Tags
2025-05-14 15:34:27.421 INFO  [Worker-3] c.d.crawler.storage.ArticleStorage [ArticleStorage.java:52] - Saved article: https://dantri.com.vn/noi-vu/18-lanh-dao-cap-phong-chi-huy-cap-doi-cong-an-tinh-xin-nghi-huu-som-20250514092052840.htm via JSON-LD+Tags
2025-05-14 15:34:27.424 INFO  [Worker-1] c.d.crawler.storage.ArticleStorage [ArticleStorage.java:52] - Saved article: https://tuoitre.vn/top-10-manga-kinh-dien-thap-nien-1990-one-piece-khong-lot-noi-top-5-20250513154130728.htm via JSON-LD+Tags
2025-05-14 15:34:27.566 INFO  [Worker-2] c.d.crawler.storage.ArticleStorage [ArticleStorage.java:52] - Saved article: https://tienphong.vn/lien-ket-o-dbscl-kieu-toi-dat-coc-toi-vu-toi-lay-lua-the-thoi-post1741936.tpo via JSON-LD+Tags
2025-05-14 15:34:27.685 INFO  [Worker-3] c.d.crawler.storage.ArticleStorage [ArticleStorage.java:52] - Saved article: https://dantri.com.vn/noi-vu/hoan-doan-di-hoc-tap-kinh-nghiem-vi-thoi-diem-khong-phu-hop-20250513165023313.htm via JSON-LD+Tags
2025-05-14 15:34:27.807 INFO  [Worker-4] c.d.crawler.storage.ArticleStorage [ArticleStorage.java:52] - Saved article: https://tienphong.vn/chot-khoi-cong-duong-sat-lao-cai-ha-noi-hai-phong-hon-8-ty-usd-post1741983.tpo via JSON-LD+Tags
2025-05-14 15:34:27.939 INFO  [Worker-3] c.d.crawler.storage.ArticleStorage [ArticleStorage.java:52] - Saved article: https://tienphong.vn/bat-ngo-thi-truong-tai-che-pin-xe-dien-post1741797.tpo via JSON-LD+Tags
2025-05-14 15:34:28.024 INFO  [Worker-0] c.d.crawler.storage.ArticleStorage [ArticleStorage.java:52] - Saved article: https://tuoitre.vn/covid-19-quay-lai-tai-thai-lan-hon-16-000-ca-mac-trong-tuan-truoc-20250514112539434.htm via JSON-LD+Tags
2025-05-14 15:34:28.177 INFO  [Worker-5] c.d.crawler.storage.ArticleStorage [ArticleStorage.java:52] - Saved article: https://tuoitre.vn/tuoi-trung-binh-mac-dot-quy-o-viet-nam-la-bao-nhieu-20250513190410882.htm via JSON-LD+Tags
2025-05-14 15:34:28.186 INFO  [Worker-4] c.d.crawler.storage.ArticleStorage [ArticleStorage.java:52] - Saved article: https://tuoitre.vn/canh-bao-benh-ban-xuat-huyet-schonlein-henoch-gay-bien-chung-than-nguy-hiem-o-tre-em-20250514093019957.htm via JSON-LD+Tags
2025-05-14 15:34:28.193 INFO  [Worker-3] c.d.crawler.storage.ArticleStorage [ArticleStorage.java:52] - Saved article: https://dantri.com.vn/kinh-doanh/giua-on-ao-phat-ngon-ve-phu-nu-ong-chu-bao-tin-minh-chau-lam-an-ra-sao-20250514102858867.htm via JSON-LD+Tags
2025-05-14 15:34:28.241 INFO  [Worker-1] c.d.crawler.storage.ArticleStorage [ArticleStorage.java:52] - Saved article: https://tienphong.vn/nghe-an-dan-thay-xe-buyt-xe-khach-noi-tinh-sang-o-to-dien-post1741660.tpo via JSON-LD+Tags
2025-05-14 15:34:28.418 INFO  [Worker-0] c.d.crawler.storage.ArticleStorage [ArticleStorage.java:52] - Saved article: https://tienphong.vn/dong-nai-cho-thue-hon-200000-m2-dat-xay-dung-thuy-dien-post1741526.tpo via JSON-LD+Tags
2025-05-14 15:34:28.592 INFO  [Worker-4] c.d.crawler.storage.ArticleStorage [ArticleStorage.java:52] - Saved article: https://dantri.com.vn/kinh-doanh/cong-ty-vinspeed-dang-ky-dau-tu-du-an-duong-sat-cao-toc-bac-nam-20250514115409992.htm via JSON-LD+Tags
2025-05-14 15:34:28.669 INFO  [Worker-0] c.d.crawler.storage.ArticleStorage [ArticleStorage.java:52] - Saved article: https://tienphong.vn/do-dung-vo-cung-quen-thuoc-bat-ngo-bien-mat-o-nhieu-khach-san-post1741672.tpo via JSON-LD+Tags
2025-05-14 15:34:28.851 INFO  [Worker-4] c.d.crawler.storage.ArticleStorage [ArticleStorage.java:52] - Saved article: https://dantri.com.vn/kinh-doanh/microsoft-sa-thai-6000-nhan-vien-cho-canh-bac-ai-ty-do-20250514104353451.htm via JSON-LD+Tags
2025-05-14 15:34:28.922 INFO  [Worker-1] c.d.crawler.storage.ArticleStorage [ArticleStorage.java:52] - Saved article: https://tienphong.vn/co-che-dac-biet-cho-dien-hat-nhan-post1741485.tpo via JSON-LD+Tags
2025-05-14 15:34:29.036 INFO  [Worker-0] c.d.crawler.storage.ArticleStorage [ArticleStorage.java:52] - Saved article: https://tuoitre.vn/bo-xay-dung-bao-cao-quoc-hoi-tinh-trang-khan-hiem-nguon-cung-nha-o-keo-dai-20250514103104081.htm via JSON-LD+Tags
2025-05-14 15:34:29.158 INFO  [Worker-2] c.d.crawler.storage.ArticleStorage [ArticleStorage.java:52] - Saved article: https://tienphong.vn/can-canh-la-phoi-xanh-o-trung-tam-ha-noi-dang-duoc-cai-tao-post1740935.tpo via JSON-LD+Tags
2025-05-14 15:34:29.224 INFO  [Worker-4] c.d.crawler.storage.ArticleStorage [ArticleStorage.java:52] - Saved article: https://tuoitre.vn/chua-xac-dinh-duoc-nguyen-nhan-dan-den-vet-sut-lun-tren-nut-giao-ngan-ti-o-nha-trang-2025051408564416.htm via JSON-LD+Tags
2025-05-14 15:34:29.236 INFO  [Worker-5] c.d.crawler.storage.ArticleStorage [ArticleStorage.java:52] - Saved article: https://dantri.com.vn/kinh-doanh/3-doi-tuong-van-chuyen-9kg-ma-tuy-tong-hop-bi-bat-giu-20250514101945650.htm via JSON-LD+Tags
2025-05-14 15:34:29.283 INFO  [Worker-1] c.d.crawler.storage.ArticleStorage [ArticleStorage.java:52] - Saved article: https://tuoitre.vn/giam-lai-vay-mua-nha-o-xa-hoi-goi-tin-dung-120-000-ti-dong-xuong-6-1-nam-2025051407114871.htm via JSON-LD+Tags
2025-05-14 15:34:29.346 INFO  [Worker-3] c.d.crawler.storage.ArticleStorage [ArticleStorage.java:52] - Saved article: https://dantri.com.vn/kinh-doanh/thu-tuong-yeu-cau-khan-truong-ban-hanh-ket-luan-thanh-tra-doanh-nghiep-vang-20250514085153480.htm via JSON-LD+Tags
2025-05-14 15:34:29.399 INFO  [Worker-0] c.d.crawler.storage.ArticleStorage [ArticleStorage.java:52] - Saved article: https://tienphong.vn/tang-gia-dien-nguoi-dan-lo-ap-luc-doanh-nghiep-so-du-phi-post1741025.tpo via JSON-LD+Tags
2025-05-14 15:34:29.531 INFO  [Worker-2] c.d.crawler.storage.ArticleStorage [ArticleStorage.java:52] - Saved article: https://tuoitre.vn/moi-ban-doc-tham-gia-cuoc-thi-thu-thach-song-xanh-cung-viet-nam-xanh-20250512185444432.htm via JSON-LD+Tags
2025-05-14 15:34:29.624 INFO  [Worker-5] c.d.crawler.storage.ArticleStorage [ArticleStorage.java:52] - Saved article: https://tuoitre.vn/vinpearl-len-san-ky-nguyen-moi-cua-thuong-hieu-nghi-duong-hang-dau-viet-nam-20250512164250132.htm via JSON-LD+Tags
2025-05-14 15:34:29.668 INFO  [Worker-0] c.d.crawler.storage.ArticleStorage [ArticleStorage.java:52] - Saved article: https://tienphong.vn/bat-dau-kiem-dinh-khi-thai-xe-may-khi-nao-post1740843.tpo via JSON-LD+Tags
2025-05-14 15:34:29.849 INFO  [Worker-4] c.d.crawler.storage.ArticleStorage [ArticleStorage.java:52] - Saved article: https://tuoitre.vn/shb-tang-8-bac-ve-muc-do-hai-long-cua-khach-hang-20250507183359099.htm via JSON-LD+Tags
2025-05-14 15:34:29.941 INFO  [Worker-2] c.d.crawler.storage.ArticleStorage [ArticleStorage.java:52] - Saved article: https://tienphong.vn/gia-dien-tang-tu-ngay-mai-post1740821.tpo via JSON-LD+Tags
2025-05-14 15:34:29.986 INFO  [Worker-3] c.d.crawler.storage.ArticleStorage [ArticleStorage.java:52] - Saved article: https://tuoitre.vn/ky-uc-nhung-lan-tach-nhap-tinh-ky-7-binh-tri-thien-sau-thoi-khoi-lua-2025051410090126.htm via JSON-LD+Tags
2025-05-14 15:34:30.162 INFO  [Worker-5] c.d.crawler.storage.ArticleStorage [ArticleStorage.java:52] - Saved article: https://tuoitre.vn/ky-uc-nhung-lan-tach-nhap-tinh-ky-6-quang-nam-da-nang-ve-lai-mot-nha-sau-28-nam-2025051309412293.htm via JSON-LD+Tags
2025-05-14 15:34:30.177 INFO  [Worker-0] c.d.crawler.storage.ArticleStorage [ArticleStorage.java:52] - Saved article: https://dantri.com.vn/xa-hoi/ca-mau-ban-phao-hoa-ky-niem-ngay-sinh-chu-tich-ho-chi-minh-20250513153944936.htm via JSON-LD+Tags
2025-05-14 15:34:30.240 INFO  [Worker-2] c.d.crawler.storage.ArticleStorage [ArticleStorage.java:52] - Saved article: https://tienphong.vn/dong-tho-nha-may-cong-nghe-cao-gan-1400-ty-tai-ninh-binh-post1740465.tpo via JSON-LD+Tags
2025-05-14 15:34:30.327 INFO  [Worker-1] c.d.crawler.storage.ArticleStorage [ArticleStorage.java:52] - Saved article: https://tuoitre.vn/ai-banh-mi-nong-gion-day-o-himalayas-20250511231753883.htm via JSON-LD+Tags
2025-05-14 15:34:30.401 INFO  [Worker-3] c.d.crawler.storage.ArticleStorage [ArticleStorage.java:52] - Saved article: https://dantri.com.vn/xa-hoi/de-xuat-bo-sung-quyen-han-cua-thu-tuong-ve-du-toan-ngan-sach-nha-nuoc-20250514092113286.htm via JSON-LD+Tags
2025-05-14 15:34:30.537 INFO  [Worker-0] c.d.crawler.storage.ArticleStorage [ArticleStorage.java:52] - Saved article: https://tienphong.vn/san-phu-bat-ngo-chuyen-da-de-tren-may-bay-post1742074.tpo via JSON-LD+Tags
2025-05-14 15:34:30.559 INFO  [Worker-2] c.d.crawler.storage.ArticleStorage [ArticleStorage.java:52] - Saved article: https://dantri.com.vn/xa-hoi/co-chan-chiec-xe-buyt-dang-troi-phu-xe-bi-tong-tu-vong-20250514135738233.htm via JSON-LD+Tags
2025-05-14 15:34:30.709 INFO  [Worker-3] c.d.crawler.storage.ArticleStorage [ArticleStorage.java:52] - Saved article: https://tienphong.vn/viet-nam-la-diem-du-lich-hap-dan-nhat-chau-a-post1742033.tpo via JSON-LD+Tags
2025-05-14 15:34:30.775 INFO  [Worker-5] c.d.crawler.storage.ArticleStorage [ArticleStorage.java:52] - Saved article: https://tuoitre.vn/xe-buyt-thay-moi-o-nghe-an-tu-nam-2025-se-la-xe-dien-20250512151958152.htm via JSON-LD+Tags
2025-05-14 15:34:30.836 INFO  [Worker-0] c.d.crawler.storage.ArticleStorage [ArticleStorage.java:52] - Saved article: https://dantri.com.vn/xa-hoi/nhung-cuoc-duyet-binh-trong-lich-su-viet-nam-20250513191008999.htm via JSON-LD+Tags
2025-05-14 15:34:30.853 INFO  [Worker-1] c.d.crawler.storage.ArticleStorage [ArticleStorage.java:52] - Saved article: https://tuoitre.vn/ttc-agris-cam-ket-phat-trien-ben-vung-20250508180618658.htm via JSON-LD+Tags
2025-05-14 15:34:30.953 INFO  [Worker-4] c.d.crawler.storage.ArticleStorage [ArticleStorage.java:52] - Saved article: https://dantri.com.vn/xa-hoi/de-xuat-cong-chuc-vien-chuc-duoc-tham-gia-luc-luong-gin-giu-hoa-binh-20250514112228623.htm via JSON-LD+Tags
2025-05-14 15:34:30.957 INFO  [Worker-3] c.d.crawler.storage.ArticleStorage [ArticleStorage.java:52] - Saved article: https://tienphong.vn/cach-san-phong-khach-san-re-dep-xin-min-post1741835.tpo via JSON-LD+Tags
2025-05-14 15:34:31.071 INFO  [Worker-2] c.d.crawler.storage.ArticleStorage [ArticleStorage.java:52] - Saved article: https://tienphong.vn/cang-long-thanh-vuot-tien-do-san-sang-bay-hieu-chuan-post1741874.tpo via JSON-LD+Tags
2025-05-14 15:34:31.140 INFO  [Worker-5] c.d.crawler.storage.ArticleStorage [ArticleStorage.java:52] - Saved article: https://tienphong.vn/1300-chuyen-bay-khong-the-cat-ha-canh-o-phap-post1741682.tpo via JSON-LD+Tags
2025-05-14 15:34:31.196 INFO  [Worker-3] c.d.crawler.storage.ArticleStorage [ArticleStorage.java:52] - Saved article: https://tienphong.vn/tai-dien-van-nan-du-khach-toi-ban-dao-son-tra-cho-khi-an-post1741760.tpo via JSON-LD+Tags
2025-05-14 15:34:31.322 INFO  [Worker-2] c.d.crawler.storage.ArticleStorage [ArticleStorage.java:52] - Saved article: https://tienphong.vn/hon-100-ty-dong-len-doi-pho-choi-xuyen-dem-o-da-nang-post1741809.tpo via JSON-LD+Tags
2025-05-14 15:34:31.349 INFO  [Worker-0] c.d.crawler.storage.ArticleStorage [ArticleStorage.java:52] - Saved article: https://dantri.com.vn/the-gioi/ty-le-ung-ho-ong-trump-tang-nhe-nguoi-my-bot-lo-suy-thoai-20250514102453300.htm via JSON-LD+Tags
2025-05-14 15:34:31.371 INFO  [Worker-1] c.d.crawler.storage.ArticleStorage [ArticleStorage.java:52] - Saved article: https://dantri.com.vn/the-gioi/ly-do-ong-zelensky-chi-gap-ong-putin-khong-tiep-quan-chuc-khac-cua-nga-20250514112451727.htm via JSON-LD+Tags
2025-05-14 15:34:31.387 INFO  [Worker-5] c.d.crawler.storage.ArticleStorage [ArticleStorage.java:52] - Saved article: https://tienphong.vn/co-gai-thanh-hoa-vo-oa-khi-duoc-goi-ten-vao-chung-ket-hoa-hau-viet-nam-post1742100.tpo via JSON-LD+Tags
2025-05-14 15:34:31.441 INFO  [Worker-4] c.d.crawler.storage.ArticleStorage [ArticleStorage.java:52] - Saved article: https://tienphong.vn/co-gai-duoc-vi-nhu-bup-be-vao-chung-ket-hoa-hau-viet-nam-post1741900.tpo via JSON-LD+Tags
2025-05-14 15:34:31.641 INFO  [Worker-2] c.d.crawler.storage.ArticleStorage [ArticleStorage.java:52] - Saved article: https://dantri.com.vn/the-gioi/thu-tuong-an-do-ca-ngoi-he-thong-phong-khong-s-400-mua-tu-nga-20250514145130157.htm via JSON-LD+Tags
2025-05-14 15:34:31.660 INFO  [Worker-3] c.d.crawler.storage.ArticleStorage [ArticleStorage.java:52] - Saved article: https://dantri.com.vn/the-gioi/campuchia-trung-quoc-tap-tran-chung-lon-nhat-tu-truoc-toi-nay-20250514150947009.htm via JSON-LD+Tags
2025-05-14 15:34:31.698 INFO  [Worker-5] c.d.crawler.storage.ArticleStorage [ArticleStorage.java:52] - Saved article: https://tienphong.vn/mot-nguoi-dep-bo-thi-hoa-hau-the-gioi-post1742098.tpo via JSON-LD+Tags
2025-05-14 15:34:31.756 INFO  [Worker-4] c.d.crawler.storage.ArticleStorage [ArticleStorage.java:52] - Saved article: https://tienphong.vn/can-nhan-sac-co-gai-19-tuoi-vao-chung-ket-hoa-hau-viet-nam-post1741608.tpo via JSON-LD+Tags
2025-05-14 15:34:31.778 INFO  [Worker-1] c.d.crawler.storage.ArticleStorage [ArticleStorage.java:52] - Saved article: https://tienphong.vn/thi-sinh-sang-gia-o-hoa-hau-the-gioi-bi-che-mac-phan-cam-post1741866.tpo via JSON-LD+Tags
2025-05-14 15:34:31.913 INFO  [Worker-0] c.d.crawler.storage.ArticleStorage [ArticleStorage.java:52] - Saved article: https://dantri.com.vn/the-gioi/ong-trump-duoc-tang-cung-dien-bay-thach-thuc-an-ninh-voi-tinh-bao-my-20250514144848516.htm via JSON-LD+Tags
2025-05-14 15:34:32.014 INFO  [Worker-5] c.d.crawler.storage.ArticleStorage [ArticleStorage.java:52] - Saved article: https://tienphong.vn/nu-phong-vien-cao-175-m-la-doi-thu-cua-y-nhi-post1741847.tpo via JSON-LD+Tags
2025-05-14 15:34:32.045 INFO  [Worker-4] c.d.crawler.storage.ArticleStorage [ArticleStorage.java:52] - Saved article: https://dantri.com.vn/giai-tri/clip-nsut-hoai-linh-lo-ve-gay-go-khoc-nuc-no-ben-me-hut-4-trieu-luot-xem-20250514104440187.htm via JSON-LD+Tags
2025-05-14 15:34:32.062 INFO  [Worker-1] c.d.crawler.storage.ArticleStorage [ArticleStorage.java:52] - Saved article: https://tienphong.vn/chia-se-ve-me-cua-thi-sinh-hoa-hau-viet-nam-post1741355.tpo via JSON-LD+Tags
2025-05-14 15:34:32.244 INFO  [Worker-3] c.d.crawler.storage.ArticleStorage [ArticleStorage.java:52] - Saved article: https://dantri.com.vn/giai-tri/nsnd-mai-hoa-noi-ve-danh-xung-nu-hoang-nhac-phim-hanh-phuc-o-tuoi-50-20250512235630407.htm via JSON-LD+Tags
2025-05-14 15:34:32.291 INFO  [Worker-2] c.d.crawler.storage.ArticleStorage [ArticleStorage.java:52] - Saved article: https://tienphong.vn/nho-nguoi-khac-dung-ten-mua-dat-lam-sao-de-doi-lai-post1741799.tpo via JSON-LD+Tags
2025-05-14 15:34:32.339 INFO  [Worker-4] c.d.crawler.storage.ArticleStorage [ArticleStorage.java:52] - Saved article: https://dantri.com.vn/giai-tri/johnny-tri-nguyen-nhung-kate-hon-10-nam-yeu-khong-cuoi-chia-tay-lang-le-20250514001729553.htm via JSON-LD+Tags
2025-05-14 15:34:32.606 INFO  [Worker-4] c.d.crawler.storage.ArticleStorage [ArticleStorage.java:52] - Saved article: https://tienphong.vn/ha-noi-chap-thuan-148-khu-dat-thi-diem-du-an-nha-o-thong-qua-thoa-thuan-post1741938.tpo via JSON-LD+Tags
2025-05-14 15:34:32.766 INFO  [Worker-5] c.d.crawler.storage.ArticleStorage [ArticleStorage.java:52] - Saved article: https://dantri.com.vn/giai-tri/diddy-bi-to-danh-dap-ban-gai-ep-co-tham-gia-bua-tiec-tinh-duc-20250514104830276.htm via JSON-LD+Tags
2025-05-14 15:34:32.789 INFO  [Worker-2] c.d.crawler.storage.ArticleStorage [ArticleStorage.java:52] - Saved article: https://tienphong.vn/doanh-nghiep-bat-dong-san-tai-xuat-thi-truong-trai-phieu-post1741937.tpo via JSON-LD+Tags
2025-05-14 15:34:32.940 INFO  [Worker-0] c.d.crawler.storage.ArticleStorage [ArticleStorage.java:52] - Saved article: https://dantri.com.vn/giai-tri/hoa-hau-viet-thanh-danh-quoc-te-thuy-tien-gap-song-gio-hhen-nie-vien-man-20250513191125753.htm via JSON-LD+Tags
2025-05-14 15:34:32.968 INFO  [Worker-1] c.d.crawler.storage.ArticleStorage [ArticleStorage.java:52] - Saved article: https://tienphong.vn/cach-thiet-ke-phong-ngu-20m2-ca-tinh-va-day-tien-nghi-post1741671.tpo via Meta
2025-05-14 15:34:33.045 INFO  [Worker-5] c.d.crawler.storage.ArticleStorage [ArticleStorage.java:52] - Saved article: https://tienphong.vn/gia-nha-mat-pho-ha-noi-vuot-400-trieu-dongm2-post1741844.tpo via JSON-LD+Tags
2025-05-14 15:34:33.250 INFO  [Worker-0] c.d.crawler.storage.ArticleStorage [ArticleStorage.java:52] - Saved article: https://tienphong.vn/sau-kiem-tra-nhieu-can-bo-cong-chuc-xin-tra-lai-nha-o-xa-hoi-post1741831.tpo via JSON-LD+Tags
2025-05-14 15:34:33.289 INFO  [Worker-3] c.d.crawler.storage.ArticleStorage [ArticleStorage.java:52] - Saved article: https://dantri.com.vn/bat-dong-san/la-liet-nha-lien-ke-biet-thu-bo-hoang-nhung-gia-van-tang-phi-ma-20250513165355821.htm via JSON-LD+Tags
2025-05-14 15:34:33.300 INFO  [Worker-4] c.d.crawler.storage.ArticleStorage [ArticleStorage.java:52] - Saved article: https://tienphong.vn/nghi-quyet-68-co-hoi-cho-doanh-nghiep-bat-dong-san-but-pha-post1741201.tpo via JSON-LD+Tags
2025-05-14 15:34:33.337 INFO  [Worker-1] c.d.crawler.storage.ArticleStorage [ArticleStorage.java:52] - Saved article: https://dantri.com.vn/bat-dong-san/ha-noi-co-148-khu-dat-thi-diem-lam-du-an-nha-o-thuong-mai-theo-quy-dinh-moi-20250513235513238.htm via JSON-LD+Tags
2025-05-14 15:34:33.375 INFO  [Worker-5] c.d.crawler.storage.ArticleStorage [ArticleStorage.java:52] - Saved article: https://dantri.com.vn/bat-dong-san/5-buoc-de-tu-thiet-ke-nha-cho-chinh-minh-nhung-it-nguoi-biet-20250512154830449.htm via JSON-LD+Tags
2025-05-14 15:34:33.427 INFO  [Worker-2] c.d.crawler.storage.ArticleStorage [ArticleStorage.java:52] - Saved article: https://tienphong.vn/74000-phong-tro-o-tphcm-khong-dat-tieu-chi-toi-thieu-post1742010.tpo via JSON-LD+Tags
2025-05-14 15:34:33.540 INFO  [Worker-4] c.d.crawler.storage.ArticleStorage [ArticleStorage.java:52] - Saved article: https://tienphong.vn/tan-thay-biet-thu-tren-1000-tan-duoc-than-den-di-doi-de-lam-vanh-dai-3-tphcm-post1741740.tpo via JSON-LD+Tags
2025-05-14 15:34:33.600 INFO  [Worker-3] c.d.crawler.storage.ArticleStorage [ArticleStorage.java:52] - Saved article: https://tienphong.vn/chu-tich-ubnd-tphcm-nguyen-van-duoc-nhan-them-nhiem-vu-post1741522.tpo via JSON-LD+Tags
2025-05-14 15:34:33.611 INFO  [Worker-1] c.d.crawler.storage.ArticleStorage [ArticleStorage.java:52] - Saved article: https://dantri.com.vn/bat-dong-san/gia-dat-dau-gia-huyen-thach-that-tai-ha-noi-giam-manh-20250513025236849.htm via JSON-LD+Tags
2025-05-14 15:34:33.641 INFO  [Worker-0] c.d.crawler.storage.ArticleStorage [ArticleStorage.java:52] - Saved article: https://tienphong.vn/lo-anh-ford-territory-ban-moi-chay-thu-tai-viet-nam-post1742013.tpo via JSON-LD+Tags
2025-05-14 15:34:33.677 INFO  [Worker-2] c.d.crawler.storage.ArticleStorage [ArticleStorage.java:52] - Saved article: https://dantri.com.vn/bat-dong-san/6-bi-kip-dung-noi-that-giup-an-gian-them-dien-tich-cho-nha-nho-20250512150200935.htm via JSON-LD+Tags
2025-05-14 15:34:33.761 INFO  [Worker-5] c.d.crawler.storage.ArticleStorage [ArticleStorage.java:52] - Saved article: https://tienphong.vn/toyota-doi-ten-mau-xe-dien-chien-luoc-post1742017.tpo via JSON-LD+Tags
2025-05-14 15:34:33.769 INFO  [Worker-4] c.d.crawler.storage.ArticleStorage [ArticleStorage.java:52] - Saved article: https://tienphong.vn/hyundai-palisade-hybrid-gay-sot-tai-han-quoc-post1741906.tpo via JSON-LD+Tags
2025-05-14 15:34:33.838 INFO  [Worker-3] c.d.crawler.storage.ArticleStorage [ArticleStorage.java:52] - Saved article: https://tienphong.vn/phat-hien-loai-cheo-cheo-quy-hiem-song-don-doc-giua-rung-gia-o-thanh-hoa-post1742149.tpo via JSON-LD+Tags
2025-05-14 15:34:33.890 INFO  [Worker-0] c.d.crawler.storage.ArticleStorage [ArticleStorage.java:52] - Saved article: https://dantri.com.vn/the-thao/con-trai-cronaldo-gay-sot-khi-mac-ao-so-7-ra-mat-doi-u15-bo-dao-nha-20250514141839472.htm via JSON-LD+Tags
2025-05-14 15:34:33.936 INFO  [Worker-2] c.d.crawler.storage.ArticleStorage [ArticleStorage.java:52] - Saved article: https://dantri.com.vn/the-thao/tranh-cai-khi-vdv-chuyen-gioi-thang-ap-dao-o-giai-dien-kinh-trung-hoc-20250514130240494.htm via JSON-LD+Tags
2025-05-14 15:34:34.003 INFO  [Worker-4] c.d.crawler.storage.ArticleStorage [ArticleStorage.java:52] - Saved article: https://tienphong.vn/hien-tuong-quang-mat-troi-xuat-hien-nhieu-gio-o-quang-ngai-post1742186.tpo via JSON-LD+Tags
2025-05-14 15:34:34.013 INFO  [Worker-5] c.d.crawler.storage.ArticleStorage [ArticleStorage.java:52] - Saved article: https://dantri.com.vn/the-thao/fifa-club-world-cup-2025-su-hap-dan-dang-cho-doi-tu-the-thuc-moi-20250514103114049.htm via JSON-LD+Tags
2025-05-14 15:34:34.071 INFO  [Worker-3] c.d.crawler.storage.ArticleStorage [ArticleStorage.java:52] - Saved article: https://tienphong.vn/co-the-du-doan-tuoi-sinh-hoc-tu-anh-tu-suong-post1741451.tpo via JSON-LD+Tags
2025-05-14 15:34:34.083 INFO  [Worker-1] c.d.crawler.storage.ArticleStorage [ArticleStorage.java:52] - Saved article: https://dantri.com.vn/the-thao/bao-gioi-dong-nam-a-du-doan-ket-qua-tran-dau-clb-cong-an-ha-noi-buriram-20250514091353241.htm via JSON-LD+Tags
2025-05-14 15:34:34.142 INFO  [Worker-0] c.d.crawler.storage.ArticleStorage [ArticleStorage.java:52] - Saved article: https://tienphong.vn/ha-noi-kiem-tra-cong-trinh-co-dau-hieu-vi-pham-dat-cong-sau-phan-anh-cua-bao-tien-phong-post1741733.tpo via JSON-LD+Tags
2025-05-14 15:34:34.198 INFO  [Worker-2] c.d.crawler.storage.ArticleStorage [ArticleStorage.java:52] - Saved article: https://dantri.com.vn/the-thao/djokovic-chia-tay-hlv-murray-duoc-zverev-danh-gia-cao-tai-roland-garros-20250514090354011.htm via JSON-LD+Tags
2025-05-14 15:34:34.244 INFO  [Worker-4] c.d.crawler.storage.ArticleStorage [ArticleStorage.java:52] - Saved article: https://tienphong.vn/ha-noi-phe-duyet-tuyen-duong-keo-dai-den-nguyen-xien-xa-la-post1741974.tpo via JSON-LD+Tags
2025-05-14 15:34:34.265 INFO  [Worker-5] c.d.crawler.storage.ArticleStorage [ArticleStorage.java:52] - Saved article: https://tienphong.vn/ha-noi-cho-xe-di-vao-lan-khan-cap-de-giam-un-tac-duong-vanh-dai-3-tren-cao-post1742067.tpo via JSON-LD+Tags
2025-05-14 15:34:34.322 INFO  [Worker-3] c.d.crawler.storage.ArticleStorage [ArticleStorage.java:52] - Saved article: https://dantri.com.vn/suc-khoe/nguoi-dan-ong-nguy-kich-khanh-kiet-vi-hit-phai-khi-doc-va-cai-ket-xuc-dong-20250514122523792.htm via JSON-LD+Tags
2025-05-14 15:34:34.337 INFO  [Worker-1] c.d.crawler.storage.ArticleStorage [ArticleStorage.java:52] - Saved article: https://tienphong.vn/so-y-te-ha-noi-vao-cuoc-kiem-tra-cac-nha-thuoc-sau-phan-anh-cua-bao-tien-phong-post1741843.tpo via JSON-LD+Tags
2025-05-14 15:34:34.375 INFO  [Worker-0] c.d.crawler.storage.ArticleStorage [ArticleStorage.java:52] - Saved article: https://tienphong.vn/ha-noi-nhieu-nha-thuoc-vo-tu-ban-thuoc-ke-don-ma-khong-can-don-cua-bac-sy-post1741614.tpo via JSON-LD+Tags
2025-05-14 15:34:34.462 INFO  [Worker-2] c.d.crawler.storage.ArticleStorage [ArticleStorage.java:52] - Saved article: https://dantri.com.vn/suc-khoe/sap-dien-ra-toa-dam-ve-chu-dong-kiem-soat-huyet-ap-bao-ve-tim-mach-20250513164109273.htm via JSON-LD+Tags
2025-05-14 15:34:34.477 INFO  [Worker-4] c.d.crawler.storage.ArticleStorage [ArticleStorage.java:52] - Saved article: https://tienphong.vn/bo-cong-an-ho-tro-30-ty-dong-xay-500-can-nha-cho-ba-con-dak-nong-post1741565.tpo via JSON-LD+Tags
2025-05-14 15:34:34.706 INFO  [Worker-2] c.d.crawler.storage.ArticleStorage [ArticleStorage.java:52] - Saved article: https://dantri.com.vn/suc-khoe/dot-quy-o-tuoi-thieu-nien-20250514020232195.htm via JSON-LD+Tags
2025-05-14 15:34:35.197 INFO  [Worker-2] c.d.crawler.storage.ArticleStorage [ArticleStorage.java:52] - Saved article: https://dantri.com.vn/noi-vu/2-xa-giap-ranh-thuoc-2-tinh-khoi-bui-bay-qua-de-trung-uong-giai-quyet-20250514131542899.htm via JSON-LD+Tags
2025-05-14 15:34:35.404 INFO  [Worker-3] c.d.crawler.storage.ArticleStorage [ArticleStorage.java:52] - Saved article: https://dantri.com.vn/tam-long-nhan-ai/xay-nha-nhan-ai-tang-nguoi-me-ban-ca-dan-bo-de-cuu-con-20250513170232993.htm via JSON-LD+Tags
2025-05-14 15:34:35.635 INFO  [Worker-5] c.d.crawler.storage.ArticleStorage [ArticleStorage.java:52] - Saved article: https://dantri.com.vn/tam-long-nhan-ai/tu-van-suc-khoe-cong-dong-trao-truyen-niem-tin-se-chia-voi-nguoi-dan-20250512120341807.htm via JSON-LD+Tags
2025-05-14 15:34:35.680 INFO  [Worker-0] c.d.crawler.storage.ArticleStorage [ArticleStorage.java:52] - Saved article: https://dantri.com.vn/tam-long-nhan-ai/thong-bao-ket-chuyen-nhan-ai-tuan-1-thang-52025-20250513170612741.htm via JSON-LD+Tags
2025-05-14 15:34:35.879 INFO  [Worker-5] c.d.crawler.storage.ArticleStorage [ArticleStorage.java:52] - Saved article: https://dantri.com.vn/o-to-xe-may/loat-o-to-ban-cham-thang-4-thi-truong-cai-thien-xe-han-thoat-e-20250514024113430.htm via JSON-LD
2025-05-14 15:34:36.103 INFO  [Worker-2] c.d.crawler.storage.ArticleStorage [ArticleStorage.java:52] - Saved article: https://dantri.com.vn/o-to-xe-may/ro-tin-loat-o-to-nga-gia-tu-390-trieu-da-ve-viet-nam-co-ca-sedan-va-suv-20250512125717324.htm via JSON-LD+Tags
2025-05-14 15:34:36.364 INFO  [Worker-5] c.d.crawler.storage.ArticleStorage [ArticleStorage.java:52] - Saved article: https://dantri.com.vn/cong-nghe/ong-trump-noi-gi-voi-tim-cook-khi-dat-duoc-thoa-thuan-thue-voi-trung-quoc-20250514092126903.htm via JSON-LD+Tags
2025-05-14 15:34:36.558 INFO  [Worker-3] c.d.crawler.storage.ArticleStorage [ArticleStorage.java:52] - Saved article: https://dantri.com.vn/cong-nghe/tin-buon-cho-nguoi-dung-cho-doi-iphone-17-20250513235819589.htm via JSON-LD+Tags
2025-05-14 15:34:37.066 INFO  [Worker-2] c.d.crawler.storage.ArticleStorage [ArticleStorage.java:52] - Saved article: https://dantri.com.vn/giao-duc/nhung-truong-thpt-o-tphcm-de-trung-tuyen-nhat-nam-2025-20250514110403653.htm via JSON-LD+Tags
2025-05-14 15:34:37.376 INFO  [Worker-4] c.d.crawler.storage.ArticleStorage [ArticleStorage.java:52] - Saved article: https://dantri.com.vn/giao-duc/bi-nhac-nho-nu-hieu-pho-van-map-mo-voi-nguoi-da-co-gia-dinh-20250514105608461.htm via JSON-LD+Tags
2025-05-14 15:34:37.478 INFO  [Worker-1] c.d.crawler.storage.ArticleStorage [ArticleStorage.java:52] - Saved article: https://dantri.com.vn/giao-duc/top-10-ty-le-choi-lop-10-tphcm-ngoi-vuong-doi-chu-nhieu-truong-rot-hang-20250514103140422.htm via JSON-LD+Tags
2025-05-14 15:34:37.527 INFO  [Worker-2] c.d.crawler.storage.ArticleStorage [ArticleStorage.java:52] - Saved article: https://dantri.com.vn/giao-duc/14-truong-thpt-hoc-sinh-dang-ky-it-hon-chi-tieu-co-hoi-do-la-bao-nhieu-20250514081631985.htm via JSON-LD+Tags
2025-05-14 15:34:37.728 INFO  [Worker-3] c.d.crawler.storage.ArticleStorage [ArticleStorage.java:52] - Saved article: https://dantri.com.vn/lao-dong-viec-lam/doanh-nghiep-tron-dong-bao-hiem-cho-200-lao-dong-tro-len-bi-phat-6-ty-dong-20250513113202406.htm via JSON-LD+Tags
2025-05-14 15:34:37.826 INFO  [Worker-4] c.d.crawler.storage.ArticleStorage [ArticleStorage.java:52] - Saved article: https://dantri.com.vn/lao-dong-viec-lam/can-bo-nghi-viec-sang-lam-tu-nhan-soc-vi-phai-quyet-nhanh-lam-ngay-20250513165353090.htm via JSON-LD+Tags
2025-05-14 15:34:37.950 INFO  [Worker-5] c.d.crawler.storage.ArticleStorage [ArticleStorage.java:52] - Saved article: https://dantri.com.vn/lao-dong-viec-lam/chinh-sach-thu-hut-can-bo-cong-tac-o-vung-dac-biet-kho-khan-20250512114843572.htm via JSON-LD+Tags
2025-05-14 15:34:38.189 INFO  [Worker-1] c.d.crawler.storage.ArticleStorage [ArticleStorage.java:52] - Saved article: https://dantri.com.vn/lao-dong-viec-lam/binh-dinh-than-toc-hoan-thanh-hon-4200-nha-tam-nha-dot-nat-20250513120629512.htm via JSON-LD+Tags
2025-05-14 15:34:38.203 INFO  [Worker-2] c.d.crawler.storage.ArticleStorage [ArticleStorage.java:52] - Saved article: https://dantri.com.vn/lao-dong-viec-lam/giam-doc-50-tuoi-xin-thoi-viec-tao-dieu-kien-cho-can-bo-tre-20250513124359124.htm via JSON-LD+Tags
2025-05-14 15:34:38.402 INFO  [Worker-5] c.d.crawler.storage.ArticleStorage [ArticleStorage.java:52] - Saved article: https://dantri.com.vn/du-lich/bao-tang-co-xa-loi-rang-phat-va-he-cung-dien-ngam-100-nam-mo-cua-mot-lan-20250513162231316.htm via JSON-LD+Tags
2025-05-14 15:34:38.525 INFO  [Worker-4] c.d.crawler.storage.ArticleStorage [ArticleStorage.java:52] - Saved article: https://dantri.com.vn/tam-diem/hoc-sinh-nen-nguoi-nho-mang-phat-20250513074503428.htm via JSON-LD+Tags
2025-05-14 15:34:38.654 INFO  [Worker-1] c.d.crawler.storage.ArticleStorage [ArticleStorage.java:52] - Saved article: https://dantri.com.vn/phap-luat/xac-dinh-nguyen-nhan-2-nguoi-dan-ong-tu-vong-o-tphcm-20250514135420618.htm via JSON-LD+Tags
2025-05-14 15:34:38.722 INFO  [Worker-3] c.d.crawler.storage.ArticleStorage [ArticleStorage.java:52] - Saved article: https://dantri.com.vn/du-lich/da-nang-chi-hon-100-ty-dong-dau-tu-pho-tay-co-ca-san-nhac-nuoc-20250513162702172.htm via JSON-LD+Tags
2025-05-14 15:34:38.884 INFO  [Worker-5] c.d.crawler.storage.ArticleStorage [ArticleStorage.java:52] - Saved article: https://dantri.com.vn/doi-song/nhan-vien-mai-tang-ban-vang-tu-tro-nguoi-chet-chuyen-kho-tin-o-lo-hoa-tang-20250513110223800.htm via JSON-LD+Tags
2025-05-14 15:34:39.227 INFO  [Worker-0] c.d.crawler.storage.ArticleStorage [ArticleStorage.java:52] - Saved article: https://dantri.com.vn/tinh-yeu-gioi-tinh/luon-song-kho-so-toi-nga-ngua-khi-biet-chong-kiem-50-trieu-dongthang-20250514122425050.htm via JSON-LD+Tags
2025-05-14 15:34:39.301 INFO  [Worker-5] c.d.crawler.storage.ArticleStorage [ArticleStorage.java:52] - Saved article: https://nhandan.vn/baothoinay via Meta+Tags
2025-05-14 15:34:39.348 INFO  [Worker-2] c.d.crawler.storage.ArticleStorage [ArticleStorage.java:52] - Saved article: https://nhandan.vn/hangthang via Meta+Tags
2025-05-14 15:34:39.377 INFO  [Worker-3] c.d.crawler.storage.ArticleStorage [ArticleStorage.java:52] - Saved article: https://dantri.com.vn/tinh-yeu-gioi-tinh/cuoi-tuan-den-nha-ban-trai-toi-soc-nang-khi-thay-canh-nay-o-phong-tan-hon-20250514002736165.htm via JSON-LD+Tags
2025-05-14 15:34:39.476 INFO  [Worker-0] c.d.crawler.storage.ArticleStorage [ArticleStorage.java:52] - Saved article: https://nhandan.vn/chuong-trinh-cung-ngu-dan-thap-sang-den-tren-bien-den-voi-tinh-nghe-an-post879609.html via JSON-LD+Tags
2025-05-14 15:34:39.487 INFO  [Worker-4] c.d.crawler.storage.ArticleStorage [ArticleStorage.java:52] - Saved article: https://nhandan.vn/clb-nu-werder-bremen-mang-doi-hinh-manh-thi-dau-giao-huu-voi-doi-tuyen-nu-viet-nam-post879612.html via JSON-LD+Tags
2025-05-14 15:34:39.560 INFO  [Worker-5] c.d.crawler.storage.ArticleStorage [ArticleStorage.java:52] - Saved article: https://nhandan.vn/nghi-quyet-68-cu-huych-the-che-dua-kinh-te-tu-nhan-huong-toi-phat-trien-toan-dien-post879604.html via JSON-LD+Tags
2025-05-14 15:34:39.617 INFO  [Worker-2] c.d.crawler.storage.ArticleStorage [ArticleStorage.java:52] - Saved article: https://dantri.com.vn/khoa-hoc/giai-ma-hien-tuong-mat-dat-troi-len-5-met-sau-tham-hoa-o-nhat-ban-20250513134208599.htm via JSON-LD+Tags
2025-05-14 15:34:39.635 INFO  [Worker-3] c.d.crawler.storage.ArticleStorage [ArticleStorage.java:52] - Saved article: https://nhandan.vn/bac-ninh-trao-bang-khen-tang-hoc-sinh-doat-huy-chuong-vang-ky-thi-olympic-vat-ly-chau-a-nam-2025-post879560.html via JSON-LD+Tags
2025-05-14 15:34:39.692 INFO  [Worker-1] c.d.crawler.storage.ArticleStorage [ArticleStorage.java:52] - Saved article: https://nhandan.vn/hon-83000-thi-sinh-dang-ky-du-thi-vao-lop-10-cac-truong-cong-lap-post879605.html via JSON-LD+Tags
2025-05-14 15:34:39.723 INFO  [Worker-0] c.d.crawler.storage.ArticleStorage [ArticleStorage.java:52] - Saved article: https://dantri.com.vn/khoa-hoc/mat-troi-bung-phat-manh-me-de-doa-trai-dat-voi-chu-ky-moi-20250514082511747.htm via JSON-LD+Tags
2025-05-14 15:34:39.886 INFO  [Worker-3] c.d.crawler.storage.ArticleStorage [ArticleStorage.java:52] - Saved article: https://dantri.com.vn/khoa-hoc/bi-mat-an-giau-duoi-them-bang-nam-cuc-20250513221740157.htm via JSON-LD+Tags
2025-05-14 15:34:40.108 INFO  [Worker-3] c.d.crawler.storage.ArticleStorage [ArticleStorage.java:52] - Saved article: https://dantri.com.vn/khoa-hoc/ngay-tan-the-cua-vu-tru-co-the-den-som-hon-du-kien-20250513170242396.htm via JSON-LD+Tags
2025-05-14 15:34:40.527 INFO  [Worker-5] c.d.crawler.storage.ArticleStorage [ArticleStorage.java:52] - Saved article: https://dantri.com.vn/tam-diem/trao-quyen-thong-tin-y-te-20250512045059857.htm via JSON-LD+Tags
2025-05-14 15:34:40.790 INFO  [Worker-5] c.d.crawler.storage.ArticleStorage [ArticleStorage.java:52] - Saved article: https://dantri.com.vn/tam-diem/thue-bat-dong-san-va-muc-tieu-tang-truong-2-con-so-20250510144432455.htm via JSON-LD+Tags
2025-05-14 15:34:41.298 INFO  [Worker-1] c.d.crawler.storage.ArticleStorage [ArticleStorage.java:52] - Saved article: https://dantri.com.vn/ban-doc/duong-moi-lam-nut-toac-o-tay-ninh-khong-khac-gi-con-duong-dat-do-tam-20250514002809149.htm via JSON-LD+Tags
2025-05-14 15:34:41.364 INFO  [Worker-3] c.d.crawler.storage.ArticleStorage [ArticleStorage.java:52] - Saved article: https://dantri.com.vn/ban-doc/tu-vu-bo-tan-cong-chau-be-coi-chung-vuong-lao-ly-vi-tha-rong-bo-20250513210221234.htm via JSON-LD+Tags
2025-05-14 15:34:41.614 INFO  [Worker-2] c.d.crawler.storage.ArticleStorage [ArticleStorage.java:52] - Saved article: https://dantri.com.vn/ban-doc/6-can-nha-moc-trai-phep-chu-chi-nop-phat-chua-thao-do-20250512142348491.htm via JSON-LD+Tags
2025-05-14 15:34:41.646 INFO  [Worker-5] c.d.crawler.storage.ArticleStorage [ArticleStorage.java:52] - Saved article: https://dantri.com.vn/ban-doc/vu-bo-tan-cong-chau-be-nan-nhan-an-toan-chu-bo-co-bi-truy-trach-nhiem-20250512170043634.htm via JSON-LD+Tags
2025-05-14 15:34:41.872 INFO  [Worker-2] c.d.crawler.storage.ArticleStorage [ArticleStorage.java:52] - Saved article: https://dantri.com.vn/giai-tri/lhp-cannes-2025-hollywood-ap-dao-robert-de-niro-nhan-giai-danh-du-20250514095919274.htm via JSON-LD+Tags
2025-05-14 15:34:52.538 INFO  [Worker-1] c.d.crawler.storage.ArticleStorage [ArticleStorage.java:52] - Saved article: https://soha.vn/chinh-thuc-vinspeed-cua-ty-phu-pham-nhat-vuong-dang-ky-dau-tu-du-an-duong-sat-bac-nam-19825051412224412.htm via JSON-LD+Tags
2025-05-14 15:34:52.777 INFO  [Worker-5] c.d.crawler.storage.ArticleStorage [ArticleStorage.java:52] - Saved article: https://soha.vn/toan-canh-cang-thang-ukraine-hungary-xe-tang-phao-hang-nang-don-dap-ap-sat-kiev-26-nuoc-vao-cuoc-khan-198250514134231488.htm via JSON-LD+Tags
2025-05-14 15:34:52.925 INFO  [Worker-4] c.d.crawler.storage.ArticleStorage [ArticleStorage.java:52] - Saved article: https://soha.vn/gia-vang-sut-giam-nhung-nguoi-mua-vang-o-dinh-da-lo-7-trieu-dong-luong-198250514102138717.htm via JSON-LD+Tags
2025-05-14 15:34:53.079 INFO  [Worker-1] c.d.crawler.storage.ArticleStorage [ArticleStorage.java:52] - Saved article: https://soha.vn/clip-nguoi-phu-nu-bang-qua-duong-ray-du-tau-den-gan-bi-huc-vang-he-lo-tinh-trang-sau-tai-nan-198250514125052779.htm via JSON-LD+Tags
2025-05-14 15:34:53.276 INFO  [Worker-5] c.d.crawler.storage.ArticleStorage [ArticleStorage.java:52] - Saved article: https://soha.vn/duong-day-100-tan-thuc-pham-chuc-nang-gia-nguyen-cuc-truong-nguyen-thanh-phong-noi-ve-5-lan-nhan-tien-198250514091902412.htm via JSON-LD+Tags
2025-05-14 15:34:53.476 INFO  [Worker-0] c.d.crawler.storage.ArticleStorage [ArticleStorage.java:52] - Saved article: https://soha.vn/nam-thanh-nien-o-thai-binh-dung-dao-dam-mot-phu-nu-tu-vong-cong-an-tiet-lo-nguon-con-198250514132008905.htm via JSON-LD+Tags
2025-05-14 15:34:53.732 INFO  [Worker-1] c.d.crawler.storage.ArticleStorage [ArticleStorage.java:52] - Saved article: https://soha.vn/ong-tap-kich-hoat-truc-phnom-penh-bac-kinh-campuchia-thanh-diem-den-nong-cho-nha-dau-tu-trung-quoc-198250514105432635.htm via JSON-LD+Tags
2025-05-14 15:34:53.951 INFO  [Worker-0] c.d.crawler.storage.ArticleStorage [ArticleStorage.java:52] - Saved article: https://soha.vn/san-bay-336630-ty-dong-cua-viet-nam-chay-nuoc-rut-chuan-bi-ghi-ten-vao-ban-do-hang-khong-the-gioi-198250514090632185.htm via JSON-LD+Tags
2025-05-14 15:34:53.992 INFO  [Worker-1] c.d.crawler.storage.ArticleStorage [ArticleStorage.java:52] - Saved article: https://baochinhphu.vn/thu-tuong-lap-to-cong-tac-dac-biet-mo-dot-cao-diem-truy-quet-buon-lau-hang-gia-102250514095946684.htm via JSON-LD+Tags
2025-05-14 15:34:54.217 INFO  [Worker-0] c.d.crawler.storage.ArticleStorage [ArticleStorage.java:52] - Saved article: https://baochinhphu.vn/thu-tuong-pham-minh-chinh-tiep-chu-tich-tap-doan-hoa-dien-trung-quoc-102250514140145695.htm via JSON-LD+Tags
2025-05-14 15:34:54.228 INFO  [Worker-3] c.d.crawler.storage.ArticleStorage [ArticleStorage.java:52] - Saved article: https://baochinhphu.vn/sp-an-tuong-voi-nghi-quyet-68-nq-tw-va-cong-tac-sap-xep-don-vi-hanh-chinh-tinh-gon-bo-may-cua-viet-nam-102250514142615408.htm via JSON-LD+Tags
2025-05-14 15:34:54.417 INFO  [Worker-5] c.d.crawler.storage.ArticleStorage [ArticleStorage.java:52] - Saved article: https://baochinhphu.vn/xay-dung-duong-sat-toc-do-cao-can-gan-voi-chuyen-giao-lam-chu-va-phat-trien-cong-nghe-102250514133147463.htm via JSON-LD+Tags
2025-05-14 15:34:54.497 INFO  [Worker-3] c.d.crawler.storage.ArticleStorage [ArticleStorage.java:52] - Saved article: https://baochinhphu.vn/thu-tuong-buon-lau-hang-gia-la-van-de-lon-phai-ngan-chan-day-lui-va-cham-dut-102250514090725415.htm via JSON-LD+Tags
2025-05-14 15:34:54.691 INFO  [Worker-5] c.d.crawler.storage.ArticleStorage [ArticleStorage.java:52] - Saved article: https://baochinhphu.vn/chinh-quyen-dia-phuong-2-cap-cuoc-cai-cach-lich-su-toan-dien-kien-tao-sau-sac-102250514135224716.htm via JSON-LD+Tags
2025-05-14 15:34:54.701 INFO  [Worker-0] c.d.crawler.storage.ArticleStorage [ArticleStorage.java:52] - Saved article: https://baochinhphu.vn/thu-tuong-chi-dao-trien-khai-cac-bien-phap-quan-ly-hieu-qua-thi-truong-vang-102250514015535428.htm via JSON-LD+Tags
2025-05-14 15:34:54.984 INFO  [Worker-0] c.d.crawler.storage.ArticleStorage [ArticleStorage.java:52] - Saved article: https://baochinhphu.vn/tong-bi-thu-to-lam-da-dang-hoa-hinh-thuc-de-nhan-dan-gop-y-sua-doi-bo-sung-mot-so-dieu-cua-hien-phap-2013-102250513182035171.htm via JSON-LD+Tags
2025-05-14 15:34:55.040 INFO  [Worker-3] c.d.crawler.storage.ArticleStorage [ArticleStorage.java:52] - Saved article: https://baochinhphu.vn/chu-tich-nuoc-luong-cuong-hai-phong-co-co-hoi-to-lon-sanh-vai-voi-cac-thanh-pho-tieu-bieu-o-chau-a-102250513221106919.htm via JSON-LD+Tags
2025-05-14 15:34:55.233 INFO  [Worker-5] c.d.crawler.storage.ArticleStorage [ArticleStorage.java:52] - Saved article: https://baochinhphu.vn/tong-bi-thu-to-lam-va-tu-duy-ly-luan-moi-ve-kinh-te-tu-nhan-102250513043053242.htm via JSON-LD+Tags
2025-05-14 15:34:55.360 INFO  [Worker-3] c.d.crawler.storage.ArticleStorage [ArticleStorage.java:52] - Saved article: https://baochinhphu.vn/bo-noi-vu-yeu-cau-quan-ly-su-dung-hieu-qua-so-bien-che-giao-vien-va-vien-chuc-y-te-102250513151006515.htm via JSON-LD+Tags
2025-05-14 15:34:55.360 INFO  [Worker-1] c.d.crawler.storage.ArticleStorage [ArticleStorage.java:52] - Saved article: https://baochinhphu.vn/thu-tuong-de-nghi-doanh-nghiep-hoa-ky-ung-ho-thoa-thuan-thuong-mai-cung-co-loi-102250513152636343.htm via JSON-LD+Tags
2025-05-14 15:34:55.617 INFO  [Worker-5] c.d.crawler.storage.ArticleStorage [ArticleStorage.java:52] - Saved article: https://baochinhphu.vn/chuan-bi-khai-thac-cang-hang-khong-long-thanh-102250513150405709.htm via JSON-LD+Tags
2025-05-14 15:34:55.620 INFO  [Worker-2] c.d.crawler.storage.ArticleStorage [ArticleStorage.java:52] - Saved article: https://baochinhphu.vn/phat-trien-thu-phu-sam-ngoc-linh-thanh-trung-tam-cong-nghiep-duoc-lieu-102250510134630143.htm via JSON-LD+Tags
2025-05-14 15:34:55.914 INFO  [Worker-5] c.d.crawler.storage.ArticleStorage [ArticleStorage.java:52] - Saved article: https://baochinhphu.vn/thu-tuong-phat-dong-phong-trao-thi-dua-ca-nuoc-thi-dua-doi-moi-sang-tao-chuyen-doi-so-102250424095302116.htm via JSON-LD+Tags
2025-05-14 15:34:55.915 INFO  [Worker-2] c.d.crawler.storage.ArticleStorage [ArticleStorage.java:52] - Saved article: https://baochinhphu.vn/phat-bieu-cua-thu-tuong-pham-minh-chinh-tai-le-khoi-cong-khanh-thanh-80-cong-trinh-du-an-lon-102250419114116112.htm via JSON-LD+Tags
2025-05-14 15:34:56.367 INFO  [Worker-3] c.d.crawler.storage.ArticleStorage [ArticleStorage.java:52] - Saved article: https://baochinhphu.vn/xuat-cap-hon-668-tan-gao-du-tru-quoc-gia-ho-tro-3-dia-phuong-102250513210406919.htm via JSON-LD+Tags
2025-05-14 15:34:56.422 INFO  [Worker-5] c.d.crawler.storage.ArticleStorage [ArticleStorage.java:52] - Saved article: https://baochinhphu.vn/trien-khai-cac-nhiem-vu-de-khoi-cong-xay-dung-duong-sat-lao-cai-ha-noi-hai-phong-trong-thang-12-2025-102250513165204902.htm via JSON-LD+Tags
2025-05-14 15:34:56.959 INFO  [Worker-1] c.d.crawler.storage.ArticleStorage [ArticleStorage.java:52] - Saved article: https://baochinhphu.vn/4-hinh-thuc-to-chuc-nghi-le-thuong-co-ha-co-quoc-gia-tren-quang-truong-ba-dinh-102250514102449563.htm via JSON-LD+Tags
2025-05-14 15:34:57.168 INFO  [Worker-5] c.d.crawler.storage.ArticleStorage [ArticleStorage.java:52] - Saved article: https://baochinhphu.vn/du-thao-chien-luoc-quoc-gia-ve-giao-duc-phong-tranh-tai-nan-bom-min-vat-no-10225051316374128.htm via JSON-LD+Tags
2025-05-14 15:34:57.201 INFO  [Worker-2] c.d.crawler.storage.ArticleStorage [ArticleStorage.java:52] - Saved article: https://baochinhphu.vn/khan-truong-chuan-bi-nguon-luc-co-so-ha-tang-phuc-vu-trung-tam-tai-chinh-quoc-te-tai-viet-nam-102250514144919383.htm via JSON-LD+Tags
2025-05-14 15:34:57.251 INFO  [Worker-1] c.d.crawler.storage.ArticleStorage [ArticleStorage.java:52] - Saved article: https://baochinhphu.vn/hoan-thien-quy-dinh-phap-luat-ve-doi-tuong-tham-quyen-trinh-tu-thu-tuc-cap-tem-ab-102250513152033899.htm via JSON-LD+Tags
2025-05-14 15:34:57.345 INFO  [Worker-4] c.d.crawler.storage.ArticleStorage [ArticleStorage.java:52] - Saved article: https://baochinhphu.vn/de-xuat-quy-dinh-he-thong-chi-tieu-thong-ke-nganh-noi-vu-102250513100002028.htm via JSON-LD+Tags
2025-05-14 15:34:57.579 INFO  [Worker-1] c.d.crawler.storage.ArticleStorage [ArticleStorage.java:52] - Saved article: https://baochinhphu.vn/cong-trinh-cong-quan-tri-tu-102250506231336115.htm via JSON-LD+Tags
2025-05-14 15:34:57.629 INFO  [Worker-4] c.d.crawler.storage.ArticleStorage [ArticleStorage.java:52] - Saved article: https://baochinhphu.vn/nghi-quyet-quan-trong-nhat-giup-kinh-te-tu-nhan-but-pha-102250506021742951.htm via JSON-LD+Tags
2025-05-14 15:34:57.660 INFO  [Worker-3] c.d.crawler.storage.ArticleStorage [ArticleStorage.java:52] - Saved article: https://baochinhphu.vn/doi-moi-toan-dien-ve-cach-xay-dung-va-thuc-thi-phap-luat-trong-ky-nguyen-moi-102250503064604391.htm via JSON-LD+Tags
2025-05-14 15:34:57.786 INFO  [Worker-0] c.d.crawler.storage.ArticleStorage [ArticleStorage.java:52] - Saved article: https://baochinhphu.vn/thu-tuong-xay-dung-con-dao-tu-dia-nguc-tran-gian-thanh-hon-ngoc-xanh-giua-bien-khoi-102250503221242203.htm via JSON-LD+Tags
2025-05-14 15:35:00.200 INFO  [Worker-5] c.d.crawler.storage.ArticleStorage [ArticleStorage.java:52] - Saved article: https://vtcnews.vn/chu-tich-tinh-se-truc-tiep-dieu-hanh-xa-khi-nhan-thay-dau-hieu-tri-tre-ne-tranh-ar943149.html via JSON-LD+Tags
2025-05-14 15:35:00.202 INFO  [Worker-3] c.d.crawler.storage.ArticleStorage [ArticleStorage.java:52] - Saved article: https://vtcnews.vn/thu-tuong-lap-to-cong-tac-dac-biet-mo-dot-tan-cong-cao-diem-truy-quet-hang-gia-ar943166.html via JSON-LD+Tags
2025-05-14 15:35:00.692 INFO  [Worker-4] c.d.crawler.storage.ArticleStorage [ArticleStorage.java:52] - Saved article: https://vtcnews.vn/phat-tu-vuot-tram-cay-so-xep-hang-tu-1h-sang-cho-chiem-bai-xa-loi-duc-phat-ar943126.html via JSON-LD+Tags
2025-05-14 15:35:00.741 INFO  [Worker-5] c.d.crawler.storage.ArticleStorage [ArticleStorage.java:52] - Saved article: https://vtcnews.vn/tiet-lo-so-tien-cuu-cuc-truong-cuc-an-toan-thuc-pham-nhan-cua-doanh-nghiep-ar943113.html via JSON-LD+Tags
2025-05-14 15:35:00.742 INFO  [Worker-3] c.d.crawler.storage.ArticleStorage [ArticleStorage.java:52] - Saved article: https://vtcnews.vn/lieu-co-cuoc-gap-2-tong-thong-putin-zelensky-ngay-15-5-ar943134.html via JSON-LD+Tags
2025-05-14 15:35:00.744 INFO  [Worker-0] c.d.crawler.storage.ArticleStorage [ArticleStorage.java:52] - Saved article: https://vtcnews.vn/cuu-thu-truong-bo-tn-mt-bi-de-nghi-an-tu-treo-vu-khai-thac-dat-hiem-ar943152.html via JSON-LD+Tags
2025-05-14 15:35:00.827 INFO  [Worker-2] c.d.crawler.storage.ArticleStorage [ArticleStorage.java:52] - Saved article: https://vtcnews.vn/vov-ky-ket-nhieu-bien-ban-hop-tac-trong-khuon-kho-chuyen-tham-4-nuoc-dong-au-cua-tong-bi-thu-ar943162.html via JSON-LD+Tags
2025-05-14 15:35:00.831 INFO  [Worker-1] c.d.crawler.storage.ArticleStorage [ArticleStorage.java:52] - Saved article: https://vtcnews.vn/chinh-sach-thue-quan-cua-ong-trump-khien-nuoc-my-duoc-va-thi-ma-da-sung-ar941074.html via JSON-LD+Tags
2025-05-14 15:35:01.273 INFO  [Worker-0] c.d.crawler.storage.ArticleStorage [ArticleStorage.java:52] - Saved article: https://vtcnews.vn/chua-quan-su-se-mo-cua-xuyen-dem-de-phat-tu-chiem-bai-xa-loi-duc-phat-ar943155.html via JSON-LD+Tags
2025-05-14 15:35:01.273 INFO  [Worker-5] c.d.crawler.storage.ArticleStorage [ArticleStorage.java:52] - Saved article: https://vtcnews.vn/de-xuat-lap-hoi-dong-xu-ly-tai-san-thi-hanh-an-cac-vu-dai-an-kinh-te-tham-nhung-ar943148.html via JSON-LD+Tags
2025-05-14 15:35:01.277 INFO  [Worker-4] c.d.crawler.storage.ArticleStorage [ArticleStorage.java:52] - Saved article: https://vtcnews.vn/hang-xom-ben-trai-cam-sua-nha-ban-ngay-hang-xom-ben-phai-cam-lam-ban-dem-ar943096.html via JSON-LD+Tags
2025-05-14 15:35:01.288 INFO  [Worker-3] c.d.crawler.storage.ArticleStorage [ArticleStorage.java:52] - Saved article: https://vtcnews.vn/ong-trump-gap-tong-thong-syria-tai-a-rap-xe-ut-truoc-khi-toi-qatar-ar943189.html via JSON-LD+Tags
2025-05-14 15:35:01.382 INFO  [Worker-1] c.d.crawler.storage.ArticleStorage [ArticleStorage.java:52] - Saved article: https://vtcnews.vn/top-10-truong-ty-le-choi-vao-lop-10-cao-nhat-tp-hcm-2025-ar943169.html via JSON-LD+Tags
2025-05-14 15:35:01.397 INFO  [Worker-2] c.d.crawler.storage.ArticleStorage [ArticleStorage.java:52] - Saved article: https://vtcnews.vn/ra-mat-sach-ve-chu-tich-ho-chi-minh-bang-tieng-hy-lap-ar943164.html via JSON-LD+Tags
2025-05-14 15:35:01.824 INFO  [Worker-4] c.d.crawler.storage.ArticleStorage [ArticleStorage.java:52] - Saved article: https://vtcnews.vn/10x-trung-tuyen-6-dai-hoc-top-dau-chau-au-nho-me-truyen-trinh-tham-ar942691.html via JSON-LD+Tags
2025-05-14 15:35:01.825 INFO  [Worker-3] c.d.crawler.storage.ArticleStorage [ArticleStorage.java:52] - Saved article: https://vtcnews.vn/top-10-truong-thpt-de-trung-tuyen-lop-10-nhat-tp-hcm-nam-2025-ar943174.html via JSON-LD+Tags
2025-05-14 15:35:01.827 INFO  [Worker-0] c.d.crawler.storage.ArticleStorage [ArticleStorage.java:52] - Saved article: https://vtcnews.vn/ong-hoang-k-pop-sap-den-viet-nam-giau-co-the-nao-ar943118.html via JSON-LD+Tags
2025-05-14 15:35:01.833 INFO  [Worker-5] c.d.crawler.storage.ArticleStorage [ArticleStorage.java:52] - Saved article: https://vtcnews.vn/de-xuat-tang-so-luong-pho-chu-tich-ubnd-va-hdnd-tinh-ar943146.html via JSON-LD+Tags
2025-05-14 15:35:01.912 INFO  [Worker-1] c.d.crawler.storage.ArticleStorage [ArticleStorage.java:52] - Saved article: https://vtcnews.vn/an-hoa-chuoi-co-tac-dung-gi-ar943006.html via JSON-LD+Tags
2025-05-14 15:35:01.929 INFO  [Worker-2] c.d.crawler.storage.ArticleStorage [ArticleStorage.java:52] - Saved article: https://vtcnews.vn/hoc-phi-cac-truong-kinh-te-cao-nhat-230-trieu-dong-nam-ar942744.html via JSON-LD+Tags
2025-05-14 15:35:02.308 INFO  [Worker-4] c.d.crawler.storage.ArticleStorage [ArticleStorage.java:52] - Saved article: https://vtcnews.vn/dbqh-khong-dong-tinh-bo-quyen-chat-van-chanh-an-tand-vien-truong-vksnd-ar943157.html via JSON-LD+Tags
2025-05-14 15:35:02.334 INFO  [Worker-0] c.d.crawler.storage.ArticleStorage [ArticleStorage.java:52] - Saved article: https://vtcnews.vn/dich-covid-19-tro-lai-nhieu-nuoc-chau-a-bo-y-te-khuyen-cao-phong-dich-ar943147.html via JSON-LD+Tags
2025-05-14 15:35:02.341 INFO  [Worker-5] c.d.crawler.storage.ArticleStorage [ArticleStorage.java:52] - Saved article: https://vtcnews.vn/khoanh-khac-thai-tu-a-rap-xe-ut-tu-minh-lai-xe-golf-dua-ong-trump-toi-quoc-yen-ar943145.html via JSON-LD+Tags
2025-05-14 15:35:02.346 INFO  [Worker-3] c.d.crawler.storage.ArticleStorage [ArticleStorage.java:52] - Saved article: https://vtcnews.vn/cuu-nhan-vien-ngan-hang-lua-ban-7-7-ty-dong-danh-bac-giai-khuay-ar943151.html via JSON-LD+Tags
2025-05-14 15:35:02.390 INFO  [Worker-1] c.d.crawler.storage.ArticleStorage [ArticleStorage.java:52] - Saved article: https://vtcnews.vn/dieu-chua-biet-ve-nguoi-tinh-cu-10-nam-khong-cuoi-cua-johnny-tri-nguyen-ar943128.html via JSON-LD+Tags
2025-05-14 15:35:02.424 INFO  [Worker-2] c.d.crawler.storage.ArticleStorage [ArticleStorage.java:52] - Saved article: https://vtcnews.vn/ngoai-truong-my-se-tham-du-cuoc-dam-phan-nga-ukraine-ar943131.html via JSON-LD+Tags
2025-05-14 15:35:02.819 INFO  [Worker-4] c.d.crawler.storage.ArticleStorage [ArticleStorage.java:52] - Saved article: https://vtcnews.vn/dau-bung-tuong-ngo-doc-thuc-pham-den-vien-kham-phat-hien-bi-ung-thu-ar943120.html via JSON-LD+Tags
2025-05-14 15:35:02.821 INFO  [Worker-0] c.d.crawler.storage.ArticleStorage [ArticleStorage.java:52] - Saved article: https://vtcnews.vn/de-nghi-hdnd-gioi-thieu-chu-tich-tinh-de-thu-tuong-phe-chuan-ar943107.html via JSON-LD+Tags
2025-05-14 15:35:02.827 INFO  [Worker-5] c.d.crawler.storage.ArticleStorage [ArticleStorage.java:52] - Saved article: https://vtcnews.vn/gia-xang-du-bao-tang-400-dong-lit-sau-2-lan-giam-lien-tiep-trong-tuan-ar943077.html via JSON-LD+Tags
2025-05-14 15:35:02.833 INFO  [Worker-3] c.d.crawler.storage.ArticleStorage [ArticleStorage.java:52] - Saved article: https://vtcnews.vn/xem-truc-tiep-clb-cong-an-ha-noi-vs-buriram-united-ngay-14-5-tren-kenh-nao-ar943119.html via JSON-LD+Tags
2025-05-14 15:35:02.909 INFO  [Worker-1] c.d.crawler.storage.ArticleStorage [ArticleStorage.java:52] - Saved article: https://vtcnews.vn/thu-tuong-yeu-cau-som-ban-hanh-ket-luan-thanh-tra-cac-to-chuc-kinh-doanh-vang-ar943122.html via JSON-LD+Tags
2025-05-14 15:35:02.940 INFO  [Worker-2] c.d.crawler.storage.ArticleStorage [ArticleStorage.java:52] - Saved article: https://vtcnews.vn/chinh-quyen-ong-trump-cat-them-450-trieu-usd-tien-tai-tro-cho-dai-hoc-harvard-ar943105.html via JSON-LD+Tags
2025-05-14 15:35:03.305 INFO  [Worker-3] c.d.crawler.storage.ArticleStorage [ArticleStorage.java:52] - Saved article: https://vtcnews.vn/gia-vang-the-gioi-trong-nuoc-dong-loat-tang-tro-lai-ar943103.html via JSON-LD+Tags
2025-05-14 15:35:03.305 INFO  [Worker-5] c.d.crawler.storage.ArticleStorage [ArticleStorage.java:52] - Saved article: https://vtcnews.vn/nu-hieu-pho-truong-mam-non-o-hue-bi-ky-luat-vi-quan-he-nam-nu-khong-trong-sang-ar943114.html via JSON-LD+Tags
2025-05-14 15:35:03.324 INFO  [Worker-4] c.d.crawler.storage.ArticleStorage [ArticleStorage.java:52] - Saved article: https://vtcnews.vn/va-cham-giua-xe-khach-va-xe-may-1-nguoi-tu-vong-ar942994.html via JSON-LD+Tags
2025-05-14 15:35:03.399 INFO  [Worker-1] c.d.crawler.storage.ArticleStorage [ArticleStorage.java:52] - Saved article: https://vtcnews.vn/gia-vang-trong-nuoc-va-the-gioi-dong-loat-giam-ar942912.html via JSON-LD+Tags
2025-05-14 15:35:03.425 INFO  [Worker-2] c.d.crawler.storage.ArticleStorage [ArticleStorage.java:52] - Saved article: https://vtcnews.vn/gia-vang-the-gioi-trong-nuoc-dong-loat-tang-ar942440.html via JSON-LD+Tags
2025-05-14 15:35:03.793 INFO  [Worker-0] c.d.crawler.storage.ArticleStorage [ArticleStorage.java:52] - Saved article: https://vtcnews.vn/vo-si-thai-lan-ra-don-sam-set-ha-guc-doi-thu-ngay-trong-hiep-dau-tien-ar942138.html via JSON-LD+Tags
2025-05-14 15:35:03.795 INFO  [Worker-5] c.d.crawler.storage.ArticleStorage [ArticleStorage.java:52] - Saved article: https://vtcnews.vn/gia-vang-the-gioi-lao-doc-trong-nuoc-di-ngang-ar942259.html via JSON-LD+Tags
2025-05-14 15:35:03.840 INFO  [Worker-4] c.d.crawler.storage.ArticleStorage [ArticleStorage.java:52] - Saved article: https://vtcnews.vn/gia-vang-the-gioi-quay-dau-giam-nhe-trong-nuoc-di-ngang-ar942078.html via JSON-LD+Tags
2025-05-14 15:35:03.879 INFO  [Worker-1] c.d.crawler.storage.ArticleStorage [ArticleStorage.java:52] - Saved article: https://vtcnews.vn/xac-minh-vu-nhan-vien-y-te-benh-vien-da-khoa-nam-dinh-bi-tan-cong-ar941972.html via JSON-LD+Tags
2025-05-14 15:35:21.348 INFO  [Worker-3] c.d.crawler.storage.ArticleStorage [ArticleStorage.java:52] - Saved article: https://danviet.vn/dai-tuong-phan-van-giang-neu-ly-do-bo-sung-can-bo-cong-chuc-tham-gia-gin-giu-hoa-binh-lien-hop-quoc-d1332138.html via JSON-LD+Tags
2025-05-14 15:35:21.424 INFO  [Worker-2] c.d.crawler.storage.ArticleStorage [ArticleStorage.java:52] - Saved article: https://danviet.vn/bo-truong-bo-noi-vu-chinh-phu-se-ban-hanh-25-nghi-dinh-de-kip-van-hanh-chinh-quyen-2-cap-d1332111.html via JSON-LD+Tags
2025-05-14 15:35:21.483 INFO  [Worker-0] c.d.crawler.storage.ArticleStorage [ArticleStorage.java:52] - Saved article: https://danviet.vn/lai-suat-ngan-hang-cao-nhat-hom-nay-14-5-agribank-tiep-tuc-neo-cao-trong-nhom-big4-d1332143.html via JSON-LD+Tags
2025-05-14 15:35:21.620 INFO  [Worker-5] c.d.crawler.storage.ArticleStorage [ArticleStorage.java:52] - Saved article: https://danviet.vn/thu-tuong-chi-dao-lap-to-cong-tac-dac-biet-truy-quet-hang-gia-chan-quang-cao-sai-su-that-thuoc-chua-bach-benh-d1332151.html via JSON-LD+Tags
2025-05-14 15:35:21.832 INFO  [Worker-3] c.d.crawler.storage.ArticleStorage [ArticleStorage.java:52] - Saved article: https://danviet.vn/dien-bien-bat-giu-3-doi-tuong-van-chuyen-17-banh-ma-tuy-tong-hop-d1332124.html via JSON-LD+Tags
2025-05-14 15:35:21.873 INFO  [Worker-2] c.d.crawler.storage.ArticleStorage [ArticleStorage.java:52] - Saved article: https://danviet.vn/vinspeed-dang-ky-dau-tu-du-an-duong-sat-cao-toc-bac-nam-d1332117.html via JSON-LD+Tags
2025-05-14 15:35:21.928 INFO  [Worker-4] c.d.crawler.storage.ArticleStorage [ArticleStorage.java:52] - Saved article: https://danviet.vn/chanh-van-phong-tong-thong-ukraine-tiet-lo-dieu-gi-se-xay-ra-neu-ong-putin-khong-tham-gia-cac-cuoc-dam-phan-truc-tiep-o-tho-nhi-ky-d1332145.html via JSON-LD+Tags
2025-05-14 15:35:21.942 INFO  [Worker-0] c.d.crawler.storage.ArticleStorage [ArticleStorage.java:52] - Saved article: https://danviet.vn/sau-sap-xep-don-vi-hanh-chinh-cac-don-vi-su-nghiep-cong-lap-cap-huyen-se-duoc-to-chuc-lai-nhu-the-nao-d1331993.html via JSON-LD+Tags
2025-05-14 15:35:22.265 INFO  [Worker-1] c.d.crawler.storage.ArticleStorage [ArticleStorage.java:52] - Saved article: https://danviet.vn/kieu-nuoi-tom-cua-nong-dan-ca-mau-khong-can-thay-nuoc-cho-tom-an-chuoi-gung-o-chung-voi-rong-bat-len-hang-tan-toan-con-to-khoe-d1331915.html via JSON-LD+Tags
2025-05-14 15:35:22.297 INFO  [Worker-3] c.d.crawler.storage.ArticleStorage [ArticleStorage.java:52] - Saved article: https://danviet.vn/dai-chien-voi-dt-viet-nam-dt-malaysia-lieu-co-lot-xac-d1332160.html via JSON-LD+Tags
2025-05-14 15:35:23.647 INFO  [Worker-1] c.d.crawler.storage.ArticleStorage [ArticleStorage.java:52] - Saved article: https://danviet.vn/phat-tu-vuot-hang-tram-cay-so-den-chua-quan-su-de-chiem-bai-xa-loi-phat-d1332073.html via JSON-LD+Tags
2025-05-14 15:35:23.675 INFO  [Worker-3] c.d.crawler.storage.ArticleStorage [ArticleStorage.java:52] - Saved article: https://danviet.vn/tu-song-kon-den-song-loi-ich-o-binh-dinh-cat-chay-di-trach-nhiem-o-lai-voi-ai-d1331997.html via JSON-LD+Tags
2025-05-14 15:35:24.072 INFO  [Worker-1] c.d.crawler.storage.ArticleStorage [ArticleStorage.java:52] - Saved article: https://danviet.vn/tang-toc-trien-khai-hang-muc-quan-trong-tai-du-an-san-bay-long-thanh-d1332126.html via JSON-LD+Tags
2025-05-14 15:35:24.100 INFO  [Worker-2] c.d.crawler.storage.ArticleStorage [ArticleStorage.java:52] - Saved article: https://danviet.vn/mot-ty-phu-ba-ria-vung-tau-phat-len-nho-trong-3-loai-cay-dac-san-ra-qua-ngot-trai-thom-d1331974.html via JSON-LD+Tags
2025-05-14 15:35:24.108 INFO  [Worker-3] c.d.crawler.storage.ArticleStorage [ArticleStorage.java:52] - Saved article: https://danviet.vn/dai-bieu-quoc-hoi-de-xuat-tang-so-luong-pho-chu-tich-ubnd-tinh-sau-sap-xep-d1332088.html via JSON-LD+Tags
2025-05-14 15:35:24.248 INFO  [Worker-4] c.d.crawler.storage.ArticleStorage [ArticleStorage.java:52] - Saved article: https://danviet.vn/bo-tri-can-bo-xa-phuong-moi-o-ha-noi-tranh-khuynh-huong-co-5-doi-bong-khac-nhau-voi-trinh-do-rat-khac-nhau-d1331972.html via JSON-LD+Tags
2025-05-14 15:35:24.368 INFO  [Worker-0] c.d.crawler.storage.ArticleStorage [ArticleStorage.java:52] - Saved article: https://danviet.vn/tong-giam-doc-tap-doan-hoa-phat-nguyen-viet-thang-neu-hom-nay-chung-toi-khong-lam-ray-thep-doanh-nghiep-viet-mat-co-hoi-quoc-gia-mat-nang-luc-san-xuat-d1326057.html via JSON-LD+Tags
2025-05-14 15:35:24.370 INFO  [Worker-5] c.d.crawler.storage.ArticleStorage [ArticleStorage.java:52] - Saved article: https://danviet.vn/phat-trien-kinh-te-tu-nhan-va-nguyen-ly-6-giam--3-tang-d1331700.html via JSON-LD+Tags
2025-05-14 15:35:24.501 INFO  [Worker-1] c.d.crawler.storage.ArticleStorage [ArticleStorage.java:52] - Saved article: https://danviet.vn/hoi-nong-dan-giai-phong-mien-nam--ngon-co-tap-hop-suc-dan-gianh-doc-lap-thong-nhat-dat-nuoc-d1323358.html via JSON-LD+Tags
2025-05-14 15:35:24.527 INFO  [Worker-3] c.d.crawler.storage.ArticleStorage [ArticleStorage.java:52] - Saved article: https://danviet.vn/hoi-nong-dan-tinh-tien-giang-voi-khat-vong-phat-trien-dat-nuoc-phon-vinh-hanh-phuc-d1326540.html via JSON-LD+Tags
2025-05-14 15:35:24.531 INFO  [Worker-2] c.d.crawler.storage.ArticleStorage [ArticleStorage.java:52] - Saved article: https://danviet.vn/hoi-nong-dan-viet-nam-phat-huy-hieu-qua-mo-hinh-cau-lac-bo-nong-dan-tao-diem-tua-giam-ngheo-d1331885.html via JSON-LD+Tags
2025-05-14 15:35:24.698 INFO  [Worker-4] c.d.crawler.storage.ArticleStorage [ArticleStorage.java:52] - Saved article: https://danviet.vn/hoi-nong-dan-tinh-quang-ninh-tuyen-duong-60-tap-the-va-ca-nhan-dien-hinh-tien-tien-d1331978.html via JSON-LD+Tags
2025-05-14 15:35:24.800 INFO  [Worker-5] c.d.crawler.storage.ArticleStorage [ArticleStorage.java:52] - Saved article: https://danviet.vn/hoi-nong-dan-tinh-bac-giang-giam-sat-chinh-sach-ho-tro-lien-ket-san-xuat-va-tieu-thu-san-pham-nong-nghiep-d1331817.html via JSON-LD+Tags
2025-05-14 15:35:24.954 INFO  [Worker-2] c.d.crawler.storage.ArticleStorage [ArticleStorage.java:52] - Saved article: https://danviet.vn/chu-tich-ho-chi-minh-qua-hoi-uc-cua-nhung-cuu-tu-chinh-tri-con-dao-d1332110.html via JSON-LD+Tags
2025-05-14 15:35:24.958 INFO  [Worker-1] c.d.crawler.storage.ArticleStorage [ArticleStorage.java:52] - Saved article: https://danviet.vn/hoi-nong-dan-lao-cai-tham-gia-giam-sat-thuc-hien-chuong-trinh-xay-dung-nong-thon-moi-va-giam-ngheo-ben-vung-d1331902.html via JSON-LD+Tags
2025-05-14 15:35:24.983 INFO  [Worker-3] c.d.crawler.storage.ArticleStorage [ArticleStorage.java:52] - Saved article: https://danviet.vn/bao-hiem-bao-viet-dung-dau-lien-danh-bao-hiem-ky-hop-dong-nguyen-tac-voi-oicnew-trong-cac-du-an-ve-linh-vuc-y-te-d1332072.html via JSON-LD+Tags
2025-05-14 15:35:25.126 INFO  [Worker-4] c.d.crawler.storage.ArticleStorage [ArticleStorage.java:52] - Saved article: https://danviet.vn/68-lo-dat-dau-gia-tai-huyen-thanh-oai-thu-ve-hon-400-ty-dong-gio-ra-sao-d1331223.html via JSON-LD+Tags
2025-05-14 15:35:25.257 INFO  [Worker-5] c.d.crawler.storage.ArticleStorage [ArticleStorage.java:52] - Saved article: https://danviet.vn/gia-toc-son-kim-ong-trum-kin-tieng-tren-thi-truong-bat-dong-san-hang-sang-tphcm-d1331838.html via JSON-LD+Tags
2025-05-14 15:35:25.399 INFO  [Worker-2] c.d.crawler.storage.ArticleStorage [ArticleStorage.java:52] - Saved article: https://danviet.vn/dat-dau-gia-o-ngoai-thanh-bo-hoang-e-che-nhung-van-ram-ro-dau-gia-d1331987.html via JSON-LD+Tags
2025-05-14 15:35:25.419 INFO  [Worker-1] c.d.crawler.storage.ArticleStorage [ArticleStorage.java:52] - Saved article: https://danviet.vn/thi-truong-thep-huong-loi-khi-my--trung-noi-lai-dam-phan-d1332040.html via JSON-LD+Tags
2025-05-14 15:35:25.429 INFO  [Worker-3] c.d.crawler.storage.ArticleStorage [ArticleStorage.java:52] - Saved article: https://danviet.vn/lien-danh-bao-hiem-trien-khai-chuong-trinh-bao-hiem-moi-rui-ro-tai-san-to-hop-nha-may-vinfast-hai-phong-giai-doan-2025--2026-d1332069.html via JSON-LD+Tags
2025-05-14 15:35:25.539 INFO  [Worker-4] c.d.crawler.storage.ArticleStorage [ArticleStorage.java:52] - Saved article: https://danviet.vn/viet-nam-la-nuoc-dau-tien-tren-the-gioi-san-xuat-thanh-cong-mot-giong-ca-dat-tien-ban-1-trieu-dong-kg-trung-quoc-nhat-ban-van-dang-nghien-cuu-d1331582.html via JSON-LD+Tags
2025-05-14 15:35:25.697 INFO  [Worker-5] c.d.crawler.storage.ArticleStorage [ArticleStorage.java:52] - Saved article: https://danviet.vn/sau-nhung-con-mua-rao-dan-tay-ninh-can-than-voi-loai-dong-vat-hoang-da-nao-d1331690.html via JSON-LD+Tags
2025-05-14 15:35:25.749 INFO  [Worker-0] c.d.crawler.storage.ArticleStorage [ArticleStorage.java:52] - Saved article: https://danviet.vn/dao-ranh-trong-vuon-nuoi-con-dac-san-dan-noi-nay-o-vinh-long-bat-con-nao-thuong-lai-mua-het-con-do-d1331776.html via JSON-LD+Tags
2025-05-14 15:35:25.825 INFO  [Worker-2] c.d.crawler.storage.ArticleStorage [ArticleStorage.java:52] - Saved article: https://danviet.vn/sau-sap-nhap-gia-lai-chuyen-trung-tam-hanh-chinh-den-nhon-hoi-binh-dinh-co-chuyen-duoc-cuc-dien-d1331672.html via JSON-LD+Tags
2025-05-14 15:35:25.866 INFO  [Worker-1] c.d.crawler.storage.ArticleStorage [ArticleStorage.java:52] - Saved article: https://danviet.vn/giam-doc-ban-chuyen-5-ty-dong-tu-thuan-an-cho-van-phong-ubnd-tinh-quang-ninh-de-ho-tro-hoat-dong-d1331704.html via JSON-LD+Tags
2025-05-14 15:35:25.873 INFO  [Worker-3] c.d.crawler.storage.ArticleStorage [ArticleStorage.java:52] - Saved article: https://danviet.vn/mik-group-tien-phong-dinh-nghia-chuan-song-timeluxe-living-tai-the-matrix-one-premium-d1332139.html via JSON-LD+Tags
2025-05-14 15:35:25.970 INFO  [Worker-4] c.d.crawler.storage.ArticleStorage [ArticleStorage.java:52] - Saved article: https://danviet.vn/phat-hien-nhieu-hang-hoa-thuc-pham-bao-ve-suc-khoe-khong-nguon-goc-o-soc-trang-d1332120.html via JSON-LD+Tags
2025-05-14 15:35:26.153 INFO  [Worker-5] c.d.crawler.storage.ArticleStorage [ArticleStorage.java:52] - Saved article: https://danviet.vn/thu-ca-minh-det-ten-nghe-muon-xiu-dung-che-an-mot-mieng-thoi-ra-dac-san-binh-thuan-d1332148.html via JSON-LD+Tags
2025-05-14 15:35:26.194 INFO  [Worker-0] c.d.crawler.storage.ArticleStorage [ArticleStorage.java:52] - Saved article: https://danviet.vn/meta-sap-hien-dien-thuong-mai-tai-viet-nam-trong-dau-tu-cong-nghe-cao-d1331923.html via JSON-LD+Tags
2025-05-14 15:35:26.283 INFO  [Worker-2] c.d.crawler.storage.ArticleStorage [ArticleStorage.java:52] - Saved article: https://danviet.vn/vi-sao-doan-du-co-the-luyen-duoc-tuyet-ky-lang-ba-vi-bo-d1332051.html via JSON-LD+Tags
2025-05-14 15:35:26.325 INFO  [Worker-3] c.d.crawler.storage.ArticleStorage [ArticleStorage.java:52] - Saved article: https://danviet.vn/sap-nhap-tinh-an-giang-kien-giang-day-la-vung-dat-tung-xuat-hien-cac-con-ran-ho-may-khong-lo-nhu-buoc-ra-tu-loi-don-d1332118.html via JSON-LD+Tags
2025-05-14 15:35:26.331 INFO  [Worker-1] c.d.crawler.storage.ArticleStorage [ArticleStorage.java:52] - Saved article: https://danviet.vn/con-dong-vat-hoang-da-20-tuoi-do-nguoi-dan-nuoi-nhot-o-hai-phong-da-duoc-cuu-ho-thanh-cong-d1332037.html via JSON-LD+Tags
2025-05-14 15:35:26.632 INFO  [Worker-5] c.d.crawler.storage.ArticleStorage [ArticleStorage.java:52] - Saved article: https://danviet.vn/trong-cay-dac-san-nuoi-con-dac-san-cac-htx-o-son-la-ngoi-nha-sao-van-chot-don-am-am-20250311150842797-d1215072.html via JSON-LD+Tags
2025-05-14 15:35:26.639 INFO  [Worker-0] c.d.crawler.storage.ArticleStorage [ArticleStorage.java:52] - Saved article: https://danviet.vn/xa-thong-minh-o-hue-phu-song-wifi-thanh-toan-cha-dung-tien-mat-dan-loi-tram-be-tu-chuyen-doi-so-20250226085327023-d1212699.html via JSON-LD+Tags
2025-05-14 15:35:26.702 INFO  [Worker-2] c.d.crawler.storage.ArticleStorage [ArticleStorage.java:52] - Saved article: https://danviet.vn/thu-tuong-pham-minh-chinh-yeu-cau-co-ban-hoan-thanh-xoa-nha-tam-nha-dot-nat-truoc-31-10-2025-d1331293.html via JSON-LD+Tags
2025-05-14 15:35:26.762 INFO  [Worker-3] c.d.crawler.storage.ArticleStorage [ArticleStorage.java:52] - Saved article: https://danviet.vn/giam-ngheo-o-ha-nam-cu-hich-tu-chinh-sach-tin-dung-uu-dai-d1331084.html via JSON-LD+Tags
2025-05-14 15:35:26.763 INFO  [Worker-1] c.d.crawler.storage.ArticleStorage [ArticleStorage.java:52] - Saved article: https://danviet.vn/uc-chau-ta-la-mot-la-rieng-la-thu-nhat-quai-thu-gay-tranh-cai-sut-dau-me-tran-bai-8-d1331395.html via JSON-LD+Tags
2025-05-14 15:35:27.083 INFO  [Worker-5] c.d.crawler.storage.ArticleStorage [ArticleStorage.java:52] - Saved article: https://danviet.vn/mo-lop-xoa-mu-chu-cho-nguoi-dan-diem-sang-ve-giam-ngheo-ben-vung-o-lam-dong-d1331768.html via JSON-LD+Tags
2025-05-14 15:35:27.091 INFO  [Worker-0] c.d.crawler.storage.ArticleStorage [ArticleStorage.java:52] - Saved article: https://danviet.vn/hai-con-song-nao-chay-song-song-o-long-an-bat-nguon-tu-camphuchia-qua-tay-ninh-hoa-vao-nuoc-9-dong-cuu-long-d1330294.html via JSON-LD+Tags
2025-05-14 15:35:27.411 INFO  [Worker-4] c.d.crawler.storage.ArticleStorage [ArticleStorage.java:52] - Saved article: https://danviet.vn/hien-trang-trung-tam-thuong-mai-gan-17000-m2-du-kien-lam-tru-so-phuong-moi-o-ha-noi-d1331790.html via JSON-LD+Tags
2025-05-14 15:35:27.521 INFO  [Worker-5] c.d.crawler.storage.ArticleStorage [ArticleStorage.java:52] - Saved article: https://danviet.vn/bien-nguoi-do-ve-pho-di-bo-ho-guom-chiem-bai-xa-loi-phat-thich-ca-mau-ni-d1331982.html via JSON-LD+Tags
2025-05-14 15:35:27.525 INFO  [Worker-0] c.d.crawler.storage.ArticleStorage [ArticleStorage.java:52] - Saved article: https://danviet.vn/cong-trinh-trien-lam-mang-hinh-dang-than-kim-quy-tri-gia-hon-7000-ty-dong-o-ha-noi-co-gi-dac-biet-d1331614.html via JSON-LD+Tags
2025-05-14 15:35:27.563 INFO  [Worker-1] c.d.crawler.storage.ArticleStorage [ArticleStorage.java:52] - Saved article: https://danviet.vn/toan-canh-mo-khoang-san-trong-vu-dau-gia-gay-xon-xao-ha-tinh-d1331296.html via JSON-LD+Tags
2025-05-14 15:35:27.581 INFO  [Worker-3] c.d.crawler.storage.ArticleStorage [ArticleStorage.java:52] - Saved article: https://danviet.vn/ha-noi-manh-tay-thu-hoi-dat-hang-tram-ho-dan-de-xay-cau-vuot-xoa-diem-den-un-tac-giao-thong-d1331456.html via JSON-LD+Tags
2025-05-14 15:35:27.847 INFO  [Worker-4] c.d.crawler.storage.ArticleStorage [ArticleStorage.java:52] - Saved article: https://danviet.vn/bo-pho-ve-vuon-trong-dua-trong-nho-cong-nghe-cao-anh-nong-dan-thai-nguyen-khien-ca-lang-ne-phuc-d1331908.html via JSON-LD+Tags
2025-05-14 15:35:27.954 INFO  [Worker-0] c.d.crawler.storage.ArticleStorage [ArticleStorage.java:52] - Saved article: https://danviet.vn/day-la-cac-canh-dong-khong-dau-chan-o-binh-thuan-dan-trong-lua-kieu-gi-ma-moi-ban-khong-khi-da-ra-tien-d1331862.html via JSON-LD+Tags
2025-05-14 15:35:28.001 INFO  [Worker-1] c.d.crawler.storage.ArticleStorage [ArticleStorage.java:52] - Saved article: https://danviet.vn/mot-loai-cay-moi-cam-chot-lau-sau-ben-o-dak-lak-toi-mua-qua-chin-la-da-nong-dan-be-tien-ty-d1331575.html via JSON-LD+Tags
2025-05-14 15:35:28.073 INFO  [Worker-3] c.d.crawler.storage.ArticleStorage [ArticleStorage.java:52] - Saved article: https://danviet.vn/du-thao-nghi-quyet-cua-quoc-hoi-sua-doi-bo-sung-mot-so-dieu-cua-hien-phap-nuoc-chxhcn-nam-2013-d1330603.html via JSON-LD+Tags
2025-05-14 15:35:28.194 INFO  [Worker-2] c.d.crawler.storage.ArticleStorage [ArticleStorage.java:52] - Saved article: https://danviet.vn/de-nghi-bo-sung-quy-dinh-5-to-chuc-chinh-tri--xa-hoi-la-thanh-vien-nong-cot-cua-mat-tran-to-quoc-viet-nam-trong-hien-phap-d1332064.html via JSON-LD+Tags
2025-05-14 15:35:28.291 INFO  [Worker-4] c.d.crawler.storage.ArticleStorage [ArticleStorage.java:52] - Saved article: https://danviet.vn/giao-hieu-truong-cap-bang-tot-nghiep-thpt-buoc-tien-phu-hop-hay-lo-lang-tieu-cuc-d1332054.html via JSON-LD+Tags
2025-05-14 15:35:28.451 INFO  [Worker-0] c.d.crawler.storage.ArticleStorage [ArticleStorage.java:52] - Saved article: https://danviet.vn/xac-minh-thong-tin-be-gai-hon-2-tuoi-gui-tai-diem-giu-tre-co-vet-bam-tren-co-the-d1332106.html via JSON-LD+Tags
2025-05-14 15:35:28.456 INFO  [Worker-1] c.d.crawler.storage.ArticleStorage [ArticleStorage.java:52] - Saved article: https://danviet.vn/tai-dien-tinh-trang-cho-khi-an-tai-ban-dao-son-tra-da-nang-d1332091.html via JSON-LD+Tags
2025-05-14 15:35:28.527 INFO  [Worker-3] c.d.crawler.storage.ArticleStorage [ArticleStorage.java:52] - Saved article: https://danviet.vn/tuong-nga-noi-tieng-tung-chien-dau-o-ukraine-vang-bong-bi-an-sau-binh-bien-wagner-bat-ngo-tai-xuat-d1331951.html via JSON-LD+Tags
2025-05-14 15:35:28.632 INFO  [Worker-2] c.d.crawler.storage.ArticleStorage [ArticleStorage.java:52] - Saved article: https://danviet.vn/cac-cuoc-dien-thoai-cuong-cuong-khi-ong-trump-de-nghi-tham-gia-dam-phan-nga-ukraine-o-istanbul-d1331956.html via JSON-LD+Tags
2025-05-14 15:35:28.738 INFO  [Worker-4] c.d.crawler.storage.ArticleStorage [ArticleStorage.java:52] - Saved article: https://danviet.vn/tuong-cap-cao-ukraine-bat-ngo-bi-ong-zelensky-khoi-bo-tu-lenh-toi-cao-d1331968.html via JSON-LD+Tags
2025-05-14 15:35:28.892 INFO  [Worker-0] c.d.crawler.storage.ArticleStorage [ArticleStorage.java:52] - Saved article: https://danviet.vn/dai-bieu-quoc-hoi-de-xuat-lanh-dao-tinh-cam-tay-chi-viec-cho-lanh-dao-cap-xa-thoi-gian-dau-sap-nhap-hop-nhat-d1332090.html via JSON-LD+Tags
2025-05-14 15:35:28.900 INFO  [Worker-1] c.d.crawler.storage.ArticleStorage [ArticleStorage.java:52] - Saved article: https://danviet.vn/trung-ve-nguyen-thanh-binh-cao-1m83-bat-chap-loi-ngan-cam-cua-bo-me-de-theo-nghiep-cau-thu-d1332005.html via JSON-LD+Tags
2025-05-14 15:35:28.963 INFO  [Worker-5] c.d.crawler.storage.ArticleStorage [ArticleStorage.java:52] - Saved article: https://danviet.vn/hendrio-tiet-lo-ly-do-gia-nhap-ha-noi-fc-mo-khoac-ao-dt-viet-nam-d1332127.html via JSON-LD+Tags
2025-05-14 15:35:28.963 INFO  [Worker-3] c.d.crawler.storage.ArticleStorage [ArticleStorage.java:52] - Saved article: https://danviet.vn/xin-nhan-toi-cho-xong-chu-tich-dat-hiem-viet-nam-bi-de-nghi-nang-nhat-trong-vu-an-tai-cong-ty-thai-duong-d1332102.html via JSON-LD+Tags
2025-05-14 15:35:29.057 INFO  [Worker-2] c.d.crawler.storage.ArticleStorage [ArticleStorage.java:52] - Saved article: https://danviet.vn/cuu-cuc-truong-cuc-an-toan-thuc-pham-khai-nhan-250-trieu-dong-doanh-nghiep-ung-dung-qua-cua-lam-gia-thuc-pham-chuc-nang-d1332049.html via JSON-LD+Tags
2025-05-14 15:35:29.178 INFO  [Worker-4] c.d.crawler.storage.ArticleStorage [ArticleStorage.java:52] - Saved article: https://danviet.vn/co-the-cua-sao-hang-a-nat-bet-sau-nhieu-nam-dong-phim-hanh-dong-d1331969.html via JSON-LD+Tags
2025-05-14 15:35:29.371 INFO  [Worker-0] c.d.crawler.storage.ArticleStorage [ArticleStorage.java:52] - Saved article: https://danviet.vn/thay-doi-lich-chiem-bai-xa-loi-phat-thich-ca-tai-chua-quan-su-d1332105.html via JSON-LD+Tags
2025-05-14 15:35:29.372 INFO  [Worker-1] c.d.crawler.storage.ArticleStorage [ArticleStorage.java:52] - Saved article: https://danviet.vn/lang-co-nhieu-danh-nhan-nhung-noi-tieng-nhat-viet-nam-lai-vi-mot-phien-cho-d1331780.html via JSON-LD+Tags
2025-05-14 15:35:29.411 INFO  [Worker-3] c.d.crawler.storage.ArticleStorage [ArticleStorage.java:52] - Saved article: https://danviet.vn/nhip-song-nong-thon-moi-ngay-12-5-2025-d1331374.html via JSON-LD+Tags
2025-05-14 15:35:29.411 INFO  [Worker-5] c.d.crawler.storage.ArticleStorage [ArticleStorage.java:52] - Saved article: https://danviet.vn/nghe-nuoi-tam-que-toi-d1331046.html via JSON-LD+Tags
2025-05-14 15:35:29.498 INFO  [Worker-2] c.d.crawler.storage.ArticleStorage [ArticleStorage.java:52] - Saved article: https://danviet.vn/loai-ca-giau-protein-ngheo-calo-an-nhieu-bo-nao-chac-xuong-dem-kho-ca-voi-thom-ngon-tuyet-d1328788.html via JSON-LD+Tags
2025-05-14 15:35:29.608 INFO  [Worker-4] c.d.crawler.storage.ArticleStorage [ArticleStorage.java:52] - Saved article: https://danviet.vn/3-con-giap-duoc-van-may-uu-ai-tu-14-5-thoi-co-toi-su-nghiep-len-tai-loc-trong-tam-tay-d1331946.html via JSON-LD+Tags
2025-05-14 15:35:29.816 INFO  [Worker-0] c.d.crawler.storage.ArticleStorage [ArticleStorage.java:52] - Saved article: https://danviet.vn/dung-trong-muoi-gio-nua-cay-canh-nhay-mua-trong-sac-mau-nay-moi-that-ruc-ro-no-hoa-300-ngay-d1332004.html via JSON-LD+Tags
2025-05-14 15:35:29.839 INFO  [Worker-5] c.d.crawler.storage.ArticleStorage [ArticleStorage.java:52] - Saved article: https://danviet.vn/muc-so-thi-ben-trong-nha-may-sua-tuoi-th-true-milk-cong-suat-hang-dau-lien-bang-nga-vua-khanh-thanh-d1332085.html via JSON-LD+Tags
2025-05-14 15:35:29.841 INFO  [Worker-1] c.d.crawler.storage.ArticleStorage [ArticleStorage.java:52] - Saved article: https://danviet.vn/ha-noi-rac-thai-va-phe-lieu-xay-dung-bua-vaykhu-dan-cu-pho-duc-giang-long-bien-d1332056.html via JSON-LD+Tags
2025-05-14 15:35:29.868 INFO  [Worker-3] c.d.crawler.storage.ArticleStorage [ArticleStorage.java:52] - Saved article: https://danviet.vn/da-basalt-tu-nui-lua-trieu-nam-bo-loc-ky-dieu-tao-nen-kho-bau-nuoc-ngam-tinh-khiet-d1331921.html via JSON-LD+Tags
2025-05-14 15:35:29.919 INFO  [Worker-2] c.d.crawler.storage.ArticleStorage [ArticleStorage.java:52] - Saved article: https://danviet.vn/evnhanoi-ung-dung-cong-nghe-nhan-thong-bao-tien-dien-tu-dong-tinh-nang-huu-ich-cho-khach-hang-d1331860.html via JSON-LD+Tags
2025-05-14 15:35:30.047 INFO  [Worker-4] c.d.crawler.storage.ArticleStorage [ArticleStorage.java:52] - Saved article: https://danviet.vn/nhan-vat-vo-danh-nhung-co-the-danh-bai-lu-bo-la-ai-d1331837.html via JSON-LD+Tags
2025-05-14 15:35:30.273 INFO  [Worker-1] c.d.crawler.storage.ArticleStorage [ArticleStorage.java:52] - Saved article: https://danviet.vn/csgt-tphcm-chinh-thuc-to-chuc-ky-thi-sat-hach-cap-giay-phep-lai-xe-dau-tien-d1332140.html via JSON-LD+Tags
2025-05-14 15:35:30.301 INFO  [Worker-5] c.d.crawler.storage.ArticleStorage [ArticleStorage.java:52] - Saved article: https://danviet.vn/bien-cat-thanh-pin-cong-ty-khoi-nghiep-tiep-tuc-huy-dong-thanh-cong-von-quoc-te-d1332128.html via JSON-LD+Tags
2025-05-14 15:35:30.357 INFO  [Worker-3] c.d.crawler.storage.ArticleStorage [ArticleStorage.java:52] - Saved article: https://danviet.vn/yen-tam-o-ngoi-nha-chac-chan-nguoi-ngheo-o-huyen-dakrong-cua-quang-tri-an-cu-de-lac-nghiep-d1330191.html via JSON-LD+Tags
2025-05-14 15:35:30.363 INFO  [Worker-2] c.d.crawler.storage.ArticleStorage [ArticleStorage.java:52] - Saved article: https://danviet.vn/noi-doc-dao-cua-tphcm-co-rung-song-va-bien-co-loai-cay-dam-nghia-phu-the-dang-duoc-mo-duong-lam-du-lich-d1332092.html via JSON-LD+Tags
2025-05-14 15:35:30.599 INFO  [Worker-4] c.d.crawler.storage.ArticleStorage [ArticleStorage.java:52] - Saved article: https://danviet.vn/nguyen-khanh-linh-va-hanh-trinh-den-voi-danh-xung-chuyen-gia-google-toi-luon-no-luc-lam-tot-nhat-cong-viec-moi-ngay-d1329468.html via JSON-LD+Tags
2025-05-14 15:35:31.265 INFO  [Worker-0] c.d.crawler.storage.ArticleStorage [ArticleStorage.java:52] - Saved article: https://danviet.vn/nguoi-quang-nam-dau-tien-dat-nen-mong-cho-nhiep-anh-viet-nam-la-ai-d1331568.html via JSON-LD+Tags
2025-05-14 15:35:41.763 INFO  [Worker-4] c.d.crawler.storage.ArticleStorage [ArticleStorage.java:52] - Saved article: https://www.qdnd.vn/quoc-phong-an-ninh/tin-tuc/thuong-tuong-trinh-van-quyet-chu-tri-hoi-nghi-ban-giao-chuc-trach-nhiem-vu-bi-thu-dang-uy-chinh-uy-quan-khu-5-828268 via JSON-LD+Tags
2025-05-14 15:35:42.047 INFO  [Worker-5] c.d.crawler.storage.ArticleStorage [ArticleStorage.java:52] - Saved article: https://www.qdnd.vn/chinh-tri/tin-tuc/thu-tuong-chu-tri-cuoc-hop-ve-cong-tac-chong-buon-lau-gian-lan-thuong-mai-hang-gia-828237 via JSON-LD+Tags
2025-05-14 15:35:42.108 INFO  [Worker-0] c.d.crawler.storage.ArticleStorage [ArticleStorage.java:52] - Saved article: https://www.qdnd.vn/chinh-tri/tin-tuc/ban-khoan-khi-bo-quyen-chat-van-cua-dai-bieu-hdnd-doi-voi-chanh-an-toa-an-nhan-dan-vien-truong-vien-kiem-sat-nhan-dan-828243 via JSON-LD+Tags
2025-05-14 15:35:42.248 INFO  [Worker-1] c.d.crawler.storage.ArticleStorage [ArticleStorage.java:52] - Saved article: https://www.qdnd.vn/chinh-tri/tin-tuc/tong-bi-thu-to-lam-lay-y-kien-nhan-dan-ve-noi-dung-sua-doi-bo-sung-hien-phap-nam-2013-dam-bao-dung-tien-do-de-trinh-quoc-hoi-828180 via JSON-LD+Tags
2025-05-14 15:35:42.351 INFO  [Worker-3] c.d.crawler.storage.ArticleStorage [ArticleStorage.java:52] - Saved article: https://www.qdnd.vn/chinh-tri/tin-tuc/thu-tuong-pham-minh-chinh-de-nghi-tap-doan-hoa-dien-dau-tu-gop-phan-dam-bao-an-ninh-nang-luong-cho-viet-nam-828277 via JSON-LD+Tags
2025-05-14 15:35:42.378 INFO  [Worker-2] c.d.crawler.storage.ArticleStorage [ArticleStorage.java:52] - Saved article: https://www.qdnd.vn/xa-hoi/tin-tuc/chuyen-gia-cao-cap-tai-co-quan-cua-dang-nha-nuoc-duoc-huong-he-so-luong-10-0-va-che-do-tuong-duong-bo-truong-828250 via JSON-LD+Tags
2025-05-14 15:35:42.536 INFO  [Worker-4] c.d.crawler.storage.ArticleStorage [ArticleStorage.java:52] - Saved article: https://www.qdnd.vn/quoc-phong-an-ninh/tin-tuc/thuong-tuong-le-huy-vinh-tham-lam-viec-tai-vien-ky-thuat-phong-khong-khong-quan-828249 via JSON-LD+Tags
2025-05-14 15:35:42.686 INFO  [Worker-5] c.d.crawler.storage.ArticleStorage [ArticleStorage.java:52] - Saved article: https://www.qdnd.vn/quoc-phong-an-ninh/tin-tuc/doan-cong-tac-quan-uy-trung-uong-bo-quoc-phong-kiem-tra-cac-don-vi-dong-quan-tren-dia-ban-tay-nam-bo-827994 via JSON-LD+Tags
2025-05-14 15:35:42.951 INFO  [Worker-0] c.d.crawler.storage.ArticleStorage [ArticleStorage.java:52] - Saved article: https://www.qdnd.vn/quoc-phong-an-ninh/tin-tuc/trung-tuong-do-xuan-tung-du-dai-hoi-dai-bieu-dang-bo-su-doan-395-quan-khu-3-828247 via JSON-LD+Tags
2025-05-14 15:35:42.977 INFO  [Worker-1] c.d.crawler.storage.ArticleStorage [ArticleStorage.java:52] - Saved article: https://www.qdnd.vn/xa-hoi/chinh-sach/quy-dinh-moi-ve-che-do-chinh-sach-doi-voi-than-nhan-si-quan-tai-ngu-hy-sinh-tu-tran-828231 via JSON-LD+Tags
2025-05-14 15:35:43.084 INFO  [Worker-2] c.d.crawler.storage.ArticleStorage [ArticleStorage.java:52] - Saved article: https://www.qdnd.vn/xa-hoi/tin-tuc/se-co-quy-dinh-to-chuc-nghi-le-thuong-co-ha-co-quoc-gia-tren-quang-truong-ba-dinh-828202 via JSON-LD+Tags
2025-05-14 15:35:43.196 INFO  [Worker-3] c.d.crawler.storage.ArticleStorage [ArticleStorage.java:52] - Saved article: https://www.qdnd.vn/kinh-te/tin-tuc/thu-tuong-chinh-phu-chi-dao-trien-khai-cac-bien-phap-quan-ly-thi-truong-vang-828228 via JSON-LD+Tags
2025-05-14 15:35:43.237 INFO  [Worker-4] c.d.crawler.storage.ArticleStorage [ArticleStorage.java:52] - Saved article: https://www.qdnd.vn/quan-su-the-gioi/tin-tuc/quan-su-the-gioi-hom-nay-14-5-tiem-kich-f-35b-dau-tien-cua-nhat-ban-lo-dien-828214 via JSON-LD+Tags
2025-05-14 15:35:43.509 INFO  [Worker-5] c.d.crawler.storage.ArticleStorage [ArticleStorage.java:52] - Saved article: https://www.qdnd.vn/kinh-te/tin-tuc/gia-vang-chieu-nay-14-5-giam-nhe-828271 via JSON-LD+Tags
2025-05-14 15:35:43.589 INFO  [Worker-1] c.d.crawler.storage.ArticleStorage [ArticleStorage.java:52] - Saved article: https://www.qdnd.vn/kinh-te/tin-tuc/ty-gia-usd-hom-nay-14-5-dong-usd-giam-sau-du-lieu-lam-phat-828198 via JSON-LD+Tags
2025-05-14 15:35:43.698 INFO  [Worker-0] c.d.crawler.storage.ArticleStorage [ArticleStorage.java:52] - Saved article: https://www.qdnd.vn/kinh-te/tin-tuc/gia-xang-dau-hom-nay-14-5-gia-dau-wti-bat-ngo-giam-nhe-828227 via JSON-LD+Tags
2025-05-14 15:35:43.770 INFO  [Worker-2] c.d.crawler.storage.ArticleStorage [ArticleStorage.java:52] - Saved article: https://www.qdnd.vn/kinh-te/tin-tuc/gia-vang-hom-nay-14-5-gia-vang-trong-nuoc-tang-manh-828197 via JSON-LD+Tags
2025-05-14 15:35:43.840 INFO  [Worker-3] c.d.crawler.storage.ArticleStorage [ArticleStorage.java:52] - Saved article: https://www.qdnd.vn/chinh-tri/tin-tuc/thong-cao-bao-chi-so-8-ky-hop-thu-chin-quoc-hoi-khoa-xv-828192 via JSON-LD+Tags
2025-05-14 15:35:43.869 INFO  [Worker-4] c.d.crawler.storage.ArticleStorage [ArticleStorage.java:52] - Saved article: https://www.qdnd.vn/chinh-tri/tiep-lua-truyen-thong/ban-bi-thu-trung-uong-doan-tncs-ho-chi-minh-gap-mat-dai-bieu-tham-du-dai-hoi-chau-ngoan-bac-ho-toan-quoc-828187 via JSON-LD+Tags
2025-05-14 15:35:44.252 INFO  [Worker-5] c.d.crawler.storage.ArticleStorage [ArticleStorage.java:52] - Saved article: https://www.qdnd.vn/kinh-te/tin-tuc/gia-vang-chieu-nay-13-5-bat-tang-828114 via JSON-LD+Tags
2025-05-14 15:35:44.354 INFO  [Worker-1] c.d.crawler.storage.ArticleStorage [ArticleStorage.java:52] - Saved article: https://www.qdnd.vn/quoc-phong-an-ninh/tin-tuc/xay-dung-doi-ngu-can-bo-hau-can-ky-thuat-chat-luong-dap-yeu-cau-nhiem-vu-828090 via JSON-LD+Tags
2025-05-14 15:35:44.436 INFO  [Worker-0] c.d.crawler.storage.ArticleStorage [ArticleStorage.java:52] - Saved article: https://www.qdnd.vn/quoc-phong-an-ninh/tin-tuc/dang-bo-cuc-doanh-trai-to-chuc-dai-hoi-lan-thu-xx-nhiem-ky-2025-2030-828094 via JSON-LD+Tags
2025-05-14 15:35:44.442 INFO  [Worker-2] c.d.crawler.storage.ArticleStorage [ArticleStorage.java:52] - Saved article: https://www.qdnd.vn/quan-su-the-gioi/tin-tuc/quan-su-the-gioi-hom-nay-13-5-ten-lua-hanh-trinh-moi-s8000-banderol-cua-nga-co-gi-dac-biet-828052 via JSON-LD+Tags
2025-05-14 15:35:44.600 INFO  [Worker-4] c.d.crawler.storage.ArticleStorage [ArticleStorage.java:52] - Saved article: https://www.qdnd.vn/cung-ban-luan/khoi-nghiep-va-khat-vong-lam-chu-828219 via JSON-LD+Tags
2025-05-14 15:35:45.014 INFO  [Worker-5] c.d.crawler.storage.ArticleStorage [ArticleStorage.java:52] - Saved article: https://www.qdnd.vn/cung-ban-luan/nang-tam-van-kien-trinh-dai-hoi-dang-828064 via JSON-LD+Tags
2025-05-14 15:35:45.526 INFO  [Worker-4] c.d.crawler.storage.ArticleStorage [ArticleStorage.java:52] - Saved article: https://www.qdnd.vn/da-phuong-tien/phong-su-anh/nhung-hinh-anh-an-tuong-tai-le-duyet-binh-tren-quang-truong-do-827669 via JSON-LD+Tags
2025-05-14 15:35:45.812 INFO  [Worker-5] c.d.crawler.storage.ArticleStorage [ArticleStorage.java:52] - Saved article: https://www.qdnd.vn/quoc-te/doi-ngoai-quoc-phong/doan-quan-doi-nhan-dan-viet-nam-giao-luu-voi-doan-lao-va-trung-quoc-827525 via JSON-LD+Tags
2025-05-14 15:35:45.987 INFO  [Worker-2] c.d.crawler.storage.ArticleStorage [ArticleStorage.java:52] - Saved article: https://www.qdnd.vn/quoc-te/doi-ngoai-quoc-phong/doan-quan-doi-nhan-dan-viet-nam-tham-gia-buoi-so-duyet-le-duyet-binh-tren-quang-truong-do-826853 via JSON-LD+Tags
2025-05-14 15:35:46.103 INFO  [Worker-0] c.d.crawler.storage.ArticleStorage [ArticleStorage.java:52] - Saved article: https://www.qdnd.vn/quoc-te/doi-ngoai-quoc-phong/doan-quan-doi-nhan-dan-viet-nam-hop-luyen-tai-quang-truong-do-826486 via JSON-LD+Tags
2025-05-14 15:35:46.123 INFO  [Worker-3] c.d.crawler.storage.ArticleStorage [ArticleStorage.java:52] - Saved article: https://www.qdnd.vn/quoc-te/doi-ngoai-quoc-phong/tuyet-roi-nhe-khi-doan-quan-doi-nhan-dan-viet-nam-tap-luyen-chuan-bi-cho-le-duyet-binh-tai-quang-truong-do-826087 via JSON-LD+Tags
2025-05-14 15:35:47.715 INFO  [Worker-5] c.d.crawler.storage.ArticleStorage [ArticleStorage.java:52] - Saved article: https://thanhnien.vn/dieu-tri-benh-ly-rang-mieng-nha-khoa-uy-tin-chia-khoa-nu-cuoi-hoan-hao-185250514121518541.htm via JSON-LD+Tags
2025-05-14 15:35:47.842 INFO  [Worker-0] c.d.crawler.storage.ArticleStorage [ArticleStorage.java:52] - Saved article: https://thanhnien.vn/luyen-thi-thu-jlpt-5-cap-do-tren-website-migii-185250513174646001.htm via JSON-LD+Tags
2025-05-14 15:35:47.850 INFO  [Worker-4] c.d.crawler.storage.ArticleStorage [ArticleStorage.java:52] - Saved article: https://thanhnien.vn/co-hoi-so-huu-iphone-15-khi-giao-hang-qua-jt-express-185250513155717379.htm via JSON-LD+Tags
2025-05-14 15:35:47.877 INFO  [Worker-3] c.d.crawler.storage.ArticleStorage [ArticleStorage.java:52] - Saved article: https://thanhnien.vn/pc-quang-ngai-nang-cao-nhan-thuc-cong-dong-trong-tiet-kiem-dien-185250513153041989.htm via JSON-LD+Tags
2025-05-14 15:35:47.877 INFO  [Worker-2] c.d.crawler.storage.ArticleStorage [ArticleStorage.java:52] - Saved article: https://thanhnien.vn/bo-nhiem-tong-bien-tap-tap-chi-suc-khoe-cong-dong-185250513202646916.htm via JSON-LD+Tags
2025-05-14 15:35:47.990 INFO  [Worker-1] c.d.crawler.storage.ArticleStorage [ArticleStorage.java:52] - Saved article: https://thanhnien.vn/nem-cao-su-thien-nhien-jumiking-giup-ngu-ngon-song-khoe-185250513150329131.htm via JSON-LD+Tags
2025-05-14 15:35:48.046 INFO  [Worker-5] c.d.crawler.storage.ArticleStorage [ArticleStorage.java:52] - Saved article: https://thanhnien.vn/vo-nguyen-doi-tac-tin-cay-trong-viec-giai-cuu-du-lieu-18525051314075271.htm via JSON-LD+Tags
2025-05-14 15:35:48.243 INFO  [Worker-4] c.d.crawler.storage.ArticleStorage [ArticleStorage.java:52] - Saved article: https://thanhnien.vn/hcm57-technology-tien-phong-du-kien-van-hanh-mang-blockchain-layer-1-hcm57-network-vao-ngay-195-185250512155437633.htm via JSON-LD+Tags
2025-05-14 15:35:48.266 INFO  [Worker-0] c.d.crawler.storage.ArticleStorage [ArticleStorage.java:52] - Saved article: https://thanhnien.vn/vitita-trinh-dien-bo-suu-tap-tui-xach-nhan-ky-niem-5-nam-thanh-lap-18525051214034085.htm via JSON-LD+Tags
2025-05-14 15:35:48.279 INFO  [Worker-3] c.d.crawler.storage.ArticleStorage [ArticleStorage.java:52] - Saved article: https://thanhnien.vn/trai-nghiem-du-thuyen-dang-cap-quoc-te-tu-tphcm-kham-pha-singapore-he-2025-cung-starcruise-185250512124251465.htm via JSON-LD+Tags
2025-05-14 15:35:48.352 INFO  [Worker-2] c.d.crawler.storage.ArticleStorage [ArticleStorage.java:52] - Saved article: https://thanhnien.vn/tong-giam-doc-evncpc-ngo-tan-cu-tham-tang-qua-nguoi-lao-dong-nhan-thang-cong-nhan-185250510103834564.htm via JSON-LD+Tags
2025-05-14 15:35:48.431 INFO  [Worker-1] c.d.crawler.storage.ArticleStorage [ArticleStorage.java:52] - Saved article: https://thanhnien.vn/trong-rang-implant-chuan-quoc-te-tai-nha-khoa-i-dent-185250509163059845.htm via JSON-LD+Tags
2025-05-14 15:35:48.494 INFO  [Worker-5] c.d.crawler.storage.ArticleStorage [ArticleStorage.java:52] - Saved article: https://thanhnien.vn/thong-bao-ve-viec-thu-phi-tai-tram-thu-phi-km-1807500-duong-ho-chi-minh-ql14-185250509124702447.htm via JSON-LD+Tags
2025-05-14 15:35:48.657 INFO  [Worker-4] c.d.crawler.storage.ArticleStorage [ArticleStorage.java:52] - Saved article: https://thanhnien.vn/ezviz-tai-dau-tu-phan-lon-doanh-thu-vao-hoat-dong-nghien-cuu-va-phat-trien-185250509113538903.htm via JSON-LD+Tags
2025-05-14 15:35:48.680 INFO  [Worker-0] c.d.crawler.storage.ArticleStorage [ArticleStorage.java:52] - Saved article: https://thanhnien.vn/khach-san-ben-thanh-secret-garden-hotel-khong-gian-lang-man-giua-long-quan-1-185250508170835845.htm via JSON-LD+Tags
2025-05-14 15:35:48.706 INFO  [Worker-3] c.d.crawler.storage.ArticleStorage [ArticleStorage.java:52] - Saved article: https://thanhnien.vn/legend-fest-tai-dong-hoi-dai-nhac-hoi-tao-cu-hich-cho-do-thi-ven-bien-185250509104930579.htm via JSON-LD+Tags
2025-05-14 15:35:48.979 INFO  [Worker-5] c.d.crawler.storage.ArticleStorage [ArticleStorage.java:52] - Saved article: https://thanhnien.vn/ab-inbev-4-nam-duoc-vinh-danh-tai-giai-thuong-rong-vang-185250508124313588.htm via JSON-LD+Tags
2025-05-14 15:35:49.061 INFO  [Worker-2] c.d.crawler.storage.ArticleStorage [ArticleStorage.java:52] - Saved article: https://thanhnien.vn/su-chuyen-minh-cua-byd-tai-thi-truong-viet-nam-lieu-co-thanh-cong-185250508160524644.htm via JSON-LD+Tags
2025-05-14 15:35:49.088 INFO  [Worker-4] c.d.crawler.storage.ArticleStorage [ArticleStorage.java:52] - Saved article: https://thanhnien.vn/kham-pha-nhung-mon-an-bo-duong-va-tot-cho-suc-khoe-tu-khoai-tay-my-185250507100817349.htm via JSON-LD+Tags
2025-05-14 15:35:49.220 INFO  [Worker-3] c.d.crawler.storage.ArticleStorage [ArticleStorage.java:52] - Saved article: https://thanhnien.vn/ho-tro-tu-van-hoc-igcse-hieu-qua-tu-lop-8-den-lop-10-cung-times-edu-185250507152159675.htm via JSON-LD+Tags
2025-05-14 15:35:49.468 INFO  [Worker-2] c.d.crawler.storage.ArticleStorage [ArticleStorage.java:52] - Saved article: https://thanhnien.vn/quang-tri-canh-bao-gia-danh-nhan-vien-dien-luc-de-lua-dao-185250507140743175.htm via JSON-LD+Tags
2025-05-14 15:35:49.586 INFO  [Worker-5] c.d.crawler.storage.ArticleStorage [ArticleStorage.java:52] - Saved article: https://thanhnien.vn/hai-long-glass-va-trach-nhiem-xa-hoi-phat-trien-ben-vung-khong-chi-la-san-pham-185250506173302752.htm via JSON-LD+Tags
2025-05-14 15:35:49.602 INFO  [Worker-4] c.d.crawler.storage.ArticleStorage [ArticleStorage.java:52] - Saved article: https://thanhnien.vn/mavin-foods-khang-dinh-vi-the-quoc-te-voi-giai-thuong-toan-cau-iffa-dfv-2025-185250506125608411.htm via JSON-LD+Tags
2025-05-14 15:35:49.636 INFO  [Worker-3] c.d.crawler.storage.ArticleStorage [ArticleStorage.java:52] - Saved article: https://thanhnien.vn/chung-nhan-va-luat-su-canada-ho-tro-chuyen-mon-phia-sau-dich-vu-cua-victory-185250506123613272.htm via JSON-LD+Tags
2025-05-14 15:35:49.812 INFO  [Worker-1] c.d.crawler.storage.ArticleStorage [ArticleStorage.java:52] - Saved article: https://thanhnien.vn/pg-viet-nam-va-saigon-coop-chung-tay-trao-nuoc-uong-sach-den-cong-dong-185250508170019812.htm via JSON-LD+Tags
2025-05-14 15:35:49.953 INFO  [Worker-2] c.d.crawler.storage.ArticleStorage [ArticleStorage.java:52] - Saved article: https://thanhnien.vn/long-ngoc-luxury-dong-hanh-cung-nguyen-huynh-nhu-tai-hanh-trinh-uoc-mo-mua-dau-tien-185250505171536236.htm via JSON-LD+Tags
2025-05-14 15:35:50.015 INFO  [Worker-5] c.d.crawler.storage.ArticleStorage [ArticleStorage.java:52] - Saved article: https://thanhnien.vn/giai-vang-monde-selection-bao-chung-hang-dau-cho-chat-luong-cho-san-pham-185250505141220277.htm via JSON-LD+Tags
2025-05-14 15:35:52.150 INFO  [Worker-0] c.d.crawler.storage.ArticleStorage [ArticleStorage.java:52] - Saved article: https://thanhnien.vn/phan-ung-cua-hoang-tu-william-khi-meghan-markle-lien-tuc-bat-chuoc-cong-nuong-diana-185250310085546758.htm via JSON-LD+Tags
2025-05-14 15:35:53.338 INFO  [Worker-3] c.d.crawler.storage.ArticleStorage [ArticleStorage.java:52] - Saved article: https://vietnamnet.vn/de-xuat-can-bo-ngoai-nganh-cong-an-quan-doi-tham-gia-gin-giu-hoa-binh-2401057.html via JSON-LD+Tags
2025-05-14 15:35:53.346 INFO  [Worker-2] c.d.crawler.storage.ArticleStorage [ArticleStorage.java:52] - Saved article: https://vietnamnet.vn/nguoi-dan-ong-khoa-than-lam-lem-bun-dat-bam-chat-banh-may-bay-2401018.html via JSON-LD+Tags
2025-05-14 15:35:53.403 INFO  [Worker-5] c.d.crawler.storage.ArticleStorage [ArticleStorage.java:52] - Saved article: https://vietnamnet.vn/bat-ngo-doi-bong-dinh-doat-cuoc-dua-tru-hang-v-league-2401041.html via JSON-LD+Tags
2025-05-14 15:35:53.446 INFO  [Worker-4] c.d.crawler.storage.ArticleStorage [ArticleStorage.java:52] - Saved article: https://vietnamnet.vn/cuc-truong-noi-ve-cuoc-choi-khac-khi-lam-duong-sat-toc-do-cao-bac-nam-2401054.html via JSON-LD+Tags
2025-05-14 15:35:53.480 INFO  [Worker-0] c.d.crawler.storage.ArticleStorage [ArticleStorage.java:52] - Saved article: https://vietnamnet.vn/truong-o-tphcm-gay-soc-vi-nam-top-diem-chuan-cao-nhung-co-ty-le-choi-lop-10-thap-2401045.html via JSON-LD+Tags
2025-05-14 15:35:53.542 INFO  [Worker-1] c.d.crawler.storage.ArticleStorage [ArticleStorage.java:52] - Saved article: https://vietnamnet.vn/video-vo-nhan-chong-thay-dau-qua-ong-hay-di-di-khien-nhieu-nguoi-nhoi-long-2401058.html via JSON-LD+Tags
2025-05-14 15:35:53.655 INFO  [Worker-2] c.d.crawler.storage.ArticleStorage [ArticleStorage.java:52] - Saved article: https://vietnamnet.vn/video-binh-linh-ukraine-dung-ten-lua-vac-vai-ban-ha-cuong-kich-su-25-cua-nga-2400940.html via JSON-LD+Tags
2025-05-14 15:35:53.672 INFO  [Worker-3] c.d.crawler.storage.ArticleStorage [ArticleStorage.java:52] - Saved article: https://vietnamnet.vn/phat-hien-thi-the-nguoi-dan-ong-dang-phan-huy-o-ba-ria-vung-tau-2401069.html via JSON-LD+Tags
2025-05-14 15:35:53.848 INFO  [Worker-1] c.d.crawler.storage.ArticleStorage [ArticleStorage.java:52] - Saved article: https://vietnamnet.vn/chien-luoc-ben-vung-cua-interfood-jsc-giua-thi-truong-bien-dong-2401056.html via JSON-LD+Tags
2025-05-14 15:35:53.915 INFO  [Worker-4] c.d.crawler.storage.ArticleStorage [ArticleStorage.java:52] - Saved article: https://vietnamnet.vn/nhan-vat-cu-xuat-hien-la-khan-gia-cha-toi-nguoi-o-lai-uc-che-2401055.html via JSON-LD+Tags
2025-05-14 15:35:53.920 INFO  [Worker-0] c.d.crawler.storage.ArticleStorage [ArticleStorage.java:52] - Saved article: https://vietnamnet.vn/kiem-dinh-khi-thai-xe-may-bo-nn-mt-de-xuat-mien-phi-ho-tro-doi-xe-2400917.html via JSON-LD+Tags
2025-05-14 15:35:53.932 INFO  [Worker-2] c.d.crawler.storage.ArticleStorage [ArticleStorage.java:52] - Saved article: https://vietnamnet.vn/dinh-chi-dieu-tra-vu-an-cuu-bi-thu-ben-cat-nguyen-hong-khanh-2401025.html via JSON-LD+Tags
2025-05-14 15:35:54.125 INFO  [Worker-5] c.d.crawler.storage.ArticleStorage [ArticleStorage.java:52] - Saved article: https://vietnamnet.vn/my-tien-hanh-cuoc-tran-ap-chua-tung-co-doi-voi-huawei-2400998.html via JSON-LD+Tags
2025-05-14 15:35:54.138 INFO  [Worker-1] c.d.crawler.storage.ArticleStorage [ArticleStorage.java:52] - Saved article: https://vietnamnet.vn/ngu-ngon-hon-voi-axit-amin-glycine-trong-tra-blendy-moi-2401052.html via JSON-LD+Tags
2025-05-14 15:35:54.154 INFO  [Worker-3] c.d.crawler.storage.ArticleStorage [ArticleStorage.java:52] - Saved article: https://vietnamnet.vn/uav-ukraine-ha-guc-la-chan-thep-ten-lua-buk-m3-nga-chi-trong-mot-don-2401005.html via JSON-LD+Tags
2025-05-14 15:35:54.230 INFO  [Worker-0] c.d.crawler.storage.ArticleStorage [ArticleStorage.java:52] - Saved article: https://vietnamnet.vn/tang-cuong-bao-ve-thuong-hieu-yen-sao-khanh-hoa-2401050.html via JSON-LD+Tags
2025-05-14 15:35:54.233 INFO  [Worker-2] c.d.crawler.storage.ArticleStorage [ArticleStorage.java:52] - Saved article: https://vietnamnet.vn/qua-trinh-bien-may-bay-qatar-thanh-chuyen-co-khong-luc-mot-ton-bao-nhieu-2400934.html via JSON-LD+Tags
2025-05-14 15:35:54.411 INFO  [Worker-4] c.d.crawler.storage.ArticleStorage [ArticleStorage.java:52] - Saved article: https://vietnamnet.vn/tin-tuc-ve-chuyen-nhuong-14-5-mu-mua-rodrygo-liverpool-co-frimpong-2401053.html via JSON-LD+Tags
2025-05-14 15:35:54.471 INFO  [Worker-3] c.d.crawler.storage.ArticleStorage [ArticleStorage.java:52] - Saved article: https://vietnamnet.vn/top-40-truong-co-ty-le-choi-thi-vao-lop-10-thap-nhat-o-tphcm-nam-2025-2401028.html via JSON-LD+Tags
2025-05-14 15:35:54.473 INFO  [Worker-5] c.d.crawler.storage.ArticleStorage [ArticleStorage.java:52] - Saved article: https://vietnamnet.vn/samsung-thuc-hien-vu-thau-tom-lon-nhat-trong-8-nam-2400974.html via JSON-LD+Tags
2025-05-14 15:35:54.481 INFO  [Worker-1] c.d.crawler.storage.ArticleStorage [ArticleStorage.java:52] - Saved article: https://vietnamnet.vn/thanh-nien-que-ha-noi-bat-ca-2-tay-danh-guc-ban-gai-o-quan-ca-phe-sap-hau-toa-2401047.html via JSON-LD+Tags
2025-05-14 15:35:54.509 INFO  [Worker-0] c.d.crawler.storage.ArticleStorage [ArticleStorage.java:52] - Saved article: https://vietnamnet.vn/mau-thuan-tinh-cam-nam-thanh-nien-dung-dao-bau-dam-nguoi-yeu-tu-vong-2401043.html via JSON-LD+Tags
2025-05-14 15:35:54.527 INFO  [Worker-2] c.d.crawler.storage.ArticleStorage [ArticleStorage.java:52] - Saved article: https://vietnamnet.vn/ga-dan-ong-trom-gio-cherry-roi-lai-o-to-bo-chay-nguoi-dan-duoi-theo-7km-2400380.html via JSON-LD+Tags
2025-05-14 15:35:55.448 INFO  [Worker-0] c.d.crawler.storage.ArticleStorage [ArticleStorage.java:52] - Saved article: https://tuoitre.vn/xo-so-keno-thu-hut-nguoi-choi-nho-nhanh-gon-linh-hoat-20250513102133583.htm via JSON-LD+Tags
2025-05-14 15:35:55.480 INFO  [Worker-3] c.d.crawler.storage.ArticleStorage [ArticleStorage.java:52] - Saved article: https://tuoitre.vn/do-thi-cong-nghiep-so-2-sap-chi-hon-254-ti-dong-co-tuc-tien-mat-20250514065603239.htm via JSON-LD+Tags
2025-05-14 15:35:55.611 INFO  [Worker-4] c.d.crawler.storage.ArticleStorage [ArticleStorage.java:52] - Saved article: https://tuoitre.vn/jumiking-thuong-hieu-nem-cao-su-thien-nhien-than-thien-voi-suc-khoe-20250512142948064.htm via JSON-LD+Tags
2025-05-14 15:35:55.615 INFO  [Worker-2] c.d.crawler.storage.ArticleStorage [ArticleStorage.java:52] - Saved article: https://tuoitre.vn/trai-nghiem-du-thuyen-quoc-te-tu-tphcm-den-singapore-cung-starcruises-20250512141646613.htm via JSON-LD+Tags
2025-05-14 15:35:55.691 INFO  [Worker-5] c.d.crawler.storage.ArticleStorage [ArticleStorage.java:52] - Saved article: https://tuoitre.vn/han-quoc-giai-ngan-nguon-von-bo-sung-de-ho-tro-doanh-nghiep-va-tieu-thuong-20250513151717161.htm via JSON-LD+Tags
2025-05-14 15:35:55.708 INFO  [Worker-0] c.d.crawler.storage.ArticleStorage [ArticleStorage.java:52] - Saved article: https://tuoitre.vn/taliban-ban-hanh-lenh-cam-co-vua-20250513151505686.htm via JSON-LD+Tags
2025-05-14 15:35:55.762 INFO  [Worker-3] c.d.crawler.storage.ArticleStorage [ArticleStorage.java:52] - Saved article: https://tuoitre.vn/san-ho-phuc-hoi-nhanh-hon-tren-cac-cau-truc-nhan-tao-20250513151223318.htm via JSON-LD+Tags
2025-05-14 15:35:55.876 INFO  [Worker-4] c.d.crawler.storage.ArticleStorage [ArticleStorage.java:52] - Saved article: https://tuoitre.vn/gan-50-dai-hoc-tai-anh-tham-hut-tai-chinh-chinh-do-thieu-sinh-vien-quoc-te-20250512164032776.htm via JSON-LD+Tags
2025-05-14 15:35:56.023 INFO  [Worker-3] c.d.crawler.storage.ArticleStorage [ArticleStorage.java:52] - Saved article: https://tuoitre.vn/nang-cao-hieu-qua-kinh-doanh-voi-dau-so-co-dinh-540-20250512174706862.htm via JSON-LD+Tags
2025-05-14 15:35:56.139 INFO  [Worker-4] c.d.crawler.storage.ArticleStorage [ArticleStorage.java:52] - Saved article: https://tuoitre.vn/san-ha-hop-tac-response-group-international-uc-dao-tao-nghe-che-bien-thit-20250507083426131.htm via JSON-LD+Tags
2025-05-14 15:35:56.275 INFO  [Worker-3] c.d.crawler.storage.ArticleStorage [ArticleStorage.java:52] - Saved article: https://tuoitre.vn/vi-sao-vi-tri-xay-toa-thap-signature-ven-bien-dong-hoi-duoc-chu-y-20250509110448121.htm via JSON-LD+Tags
2025-05-14 15:35:56.387 INFO  [Worker-4] c.d.crawler.storage.ArticleStorage [ArticleStorage.java:52] - Saved article: https://tuoitre.vn/menas-zone-vy-da-kien-tao-khong-gian-song-mang-tinh-nghe-thuat-va-cong-dong-20250425154143545.htm via JSON-LD+Tags
2025-05-14 15:35:56.395 INFO  [Worker-0] c.d.crawler.storage.ArticleStorage [ArticleStorage.java:52] - Saved article: https://tuoitre.vn/co-hoi-vang-mua-nha-sang-cung-cic-group-20250425135957757.htm via JSON-LD+Tags
2025-05-14 15:35:56.544 INFO  [Worker-3] c.d.crawler.storage.ArticleStorage [ArticleStorage.java:52] - Saved article: https://tuoitre.vn/hanh-trinh-ket-noi-xanh-dia-dao-cu-chi-vung-dat-thep-20250510113515753.htm via JSON-LD+Tags
2025-05-14 15:35:56.557 INFO  [Worker-1] c.d.crawler.storage.ArticleStorage [ArticleStorage.java:52] - Saved article: https://tuoitre.vn/truong-dh-tai-chinh-ngan-hang-ha-noi-thong-bao-tuyen-sinh-nam-2025-20250513113705255.htm via JSON-LD+Tags
2025-05-14 15:35:56.643 INFO  [Worker-0] c.d.crawler.storage.ArticleStorage [ArticleStorage.java:52] - Saved article: https://tuoitre.vn/ho-nuoc-mau-hong-tuyet-dep-khong-doc-hai-nhung-khong-co-du-khach-toi-tham-20250509164212224.htm via JSON-LD+Tags
2025-05-14 15:35:56.665 INFO  [Worker-4] c.d.crawler.storage.ArticleStorage [ArticleStorage.java:52] - Saved article: https://tuoitre.vn/hanh-trinh-kham-pha-van-hoa-han-quoc-cung-adenz-travel-20250509192858176.htm via JSON-LD+Tags
2025-05-14 15:35:56.741 INFO  [Worker-5] c.d.crawler.storage.ArticleStorage [ArticleStorage.java:52] - Saved article: https://tuoitre.vn/nguoi-lao-dong-nhat-ban-lanh-nhat-voi-nhan-luong-qua-ung-dung-20250513151046899.htm via JSON-LD+Tags
2025-05-14 15:35:56.802 INFO  [Worker-3] c.d.crawler.storage.ArticleStorage [ArticleStorage.java:52] - Saved article: https://tuoitre.vn/aqua-ra-mat-loat-tu-lanh-tich-hop-tinh-nang-lay-nuoc-ngoai-20250509191109549.htm via JSON-LD+Tags
2025-05-14 15:35:56.810 INFO  [Worker-1] c.d.crawler.storage.ArticleStorage [ArticleStorage.java:52] - Saved article: https://tuoitre.vn/phim-cach-nhiet-ari-cach-nhiet-cao-tu-phuc-hoi-vet-xuoc-20250509171857793.htm via JSON-LD+Tags
2025-05-14 15:35:56.901 INFO  [Worker-0] c.d.crawler.storage.ArticleStorage [ArticleStorage.java:52] - Saved article: https://tuoitre.vn/diem-tin-8h-xuat-khau-sau-rieng-giam-manh-vien-duong-lao-cho-nguoi-tre-no-ro-o-trung-quoc-20250513231143457.htm via JSON-LD+Tags
2025-05-14 15:35:56.922 INFO  [Worker-4] c.d.crawler.storage.ArticleStorage [ArticleStorage.java:52] - Saved article: https://tuoitre.vn/diem-tin-18h-mua-mua-lo-chuyen-ngap-ong-trump-noi-eu-te-hon-trung-quoc-20250513132522519.htm via JSON-LD+Tags
2025-05-14 15:35:56.942 INFO  [Worker-2] c.d.crawler.storage.ArticleStorage [ArticleStorage.java:52] - Saved article: https://tuoitre.vn/diem-tin-8h-kiem-tra-toan-dien-doanh-nghiep-lu-hanh-khach-san-my-trung-chiu-giam-thue-doi-ung-2025051221345457.htm via JSON-LD+Tags
2025-05-14 15:35:57.450 INFO  [Worker-2] c.d.crawler.storage.ArticleStorage [ArticleStorage.java:52] - Saved article: https://dantri.com.vn/xa-hoi/cac-nan-nhan-trong-vu-sut-lun-duong-o-tay-ninh-duoc-boi-thuong-ra-sao-20250513101236014.htm via JSON-LD+Tags
2025-05-14 15:35:57.492 INFO  [Worker-1] c.d.crawler.storage.ArticleStorage [ArticleStorage.java:52] - Saved article: https://dantri.com.vn/xa-hoi/duong-moi-xay-bi-sut-lun-nhu-dong-dat-o-tay-ninh-khien-6-nguoi-bi-thuong-20250511184621358.htm via JSON-LD+Tags
2025-05-14 15:35:57.497 INFO  [Worker-3] c.d.crawler.storage.ArticleStorage [ArticleStorage.java:52] - Saved article: https://dantri.com.vn/xa-hoi/nan-nhan-vu-sut-duong-o-tay-ninh-muon-lam-ro-su-viec-20250511201534832.htm via JSON-LD+Tags
2025-05-14 15:35:57.500 INFO  [Worker-0] c.d.crawler.storage.ArticleStorage [ArticleStorage.java:52] - Saved article: https://dantri.com.vn/xa-hoi/dau-hoi-trach-nhiem-sau-vu-sut-lun-duong-moi-xay-o-tay-ninh-20250512205843243.htm via JSON-LD+Tags
2025-05-14 15:35:57.506 INFO  [Worker-4] c.d.crawler.storage.ArticleStorage [ArticleStorage.java:52] - Saved article: https://dantri.com.vn/ban-doc/duong-moi-xay-nut-toac-o-tay-ninh-ai-chiu-trach-nhiem-20250513005428393.htm via JSON-LD+Tags
2025-05-14 15:35:57.517 INFO  [Worker-5] c.d.crawler.storage.ArticleStorage [ArticleStorage.java:52] - Saved article: https://dantri.com.vn/xa-hoi/nan-nhan-vu-sut-lun-o-tay-ninh-keu-cuu-that-lon-vi-so-bi-chon-song-20250512024335428.htm via JSON-LD+Tags
2025-05-14 15:35:57.811 INFO  [Worker-1] c.d.crawler.storage.ArticleStorage [ArticleStorage.java:52] - Saved article: https://dantri.com.vn/xa-hoi/yeu-cau-chan-chinh-chat-luong-thi-cong-sau-su-co-sut-duong-o-tay-ninh-20250511163426303.htm via JSON-LD+Tags
2025-05-14 15:35:57.819 INFO  [Worker-2] c.d.crawler.storage.ArticleStorage [ArticleStorage.java:52] - Saved article: https://dantri.com.vn/xa-hoi/nguyen-nhan-vu-sut-lun-duong-khien-6-nguoi-bi-thuong-o-tay-ninh-20250511122907299.htm via JSON-LD+Tags
2025-05-14 15:35:57.987 INFO  [Worker-0] c.d.crawler.storage.ArticleStorage [ArticleStorage.java:52] - Saved article: https://dantri.com.vn/xa-hoi/duong-moi-khanh-thanh-o-tay-ninh-sut-lun-6-nguoi-bi-thuong-20250511092833436.htm via JSON-LD+Tags
2025-05-14 15:35:58.647 INFO  [Worker-0] c.d.crawler.storage.ArticleStorage [ArticleStorage.java:52] - Saved article: https://vnexpress.net/pho-giam-doc-chi-nhanh-ngan-hang-lay-gan-14-ty-dong-danh-bac-4885920.html via JSON-LD+Tags
2025-05-14 15:35:58.663 INFO  [Worker-5] c.d.crawler.storage.ArticleStorage [ArticleStorage.java:52] - Saved article: https://vnexpress.net/de-xuat-giao-tham-quyen-cap-so-do-cho-cap-xa-4885602.html via JSON-LD+Tags
2025-05-14 15:35:58.663 INFO  [Worker-2] c.d.crawler.storage.ArticleStorage [ArticleStorage.java:52] - Saved article: https://vnexpress.net/vn-index-vuot-1-300-diem-4885938.html via JSON-LD+Tags
2025-05-14 15:35:58.666 INFO  [Worker-4] c.d.crawler.storage.ArticleStorage [ArticleStorage.java:52] - Saved article: https://vnexpress.net/canh-dai-khoai-nau-oc-4885332.html via Meta+Tags
2025-05-14 15:35:58.701 INFO  [Worker-3] c.d.crawler.storage.ArticleStorage [ArticleStorage.java:52] - Saved article: https://vnexpress.net/romario-antony-du-suc-giup-brazil-tai-world-cup-2026-4885764.html via JSON-LD+Tags
2025-05-14 15:35:58.758 INFO  [Worker-1] c.d.crawler.storage.ArticleStorage [ArticleStorage.java:52] - Saved article: https://vnexpress.net/my-la-nuoc-duy-nhat-khien-nganh-du-lich-that-thu-4885664.html via JSON-LD+Tags
2025-05-14 15:35:58.988 INFO  [Worker-2] c.d.crawler.storage.ArticleStorage [ArticleStorage.java:52] - Saved article: https://vnexpress.net/chi-em-toi-kiet-suc-tra-no-cho-nguoi-me-gia-giao-nhung-co-bac-4885814.html via JSON-LD+Tags
2025-05-14 15:35:58.987 INFO  [Worker-5] c.d.crawler.storage.ArticleStorage [ArticleStorage.java:52] - Saved article: https://vnexpress.net/that-bai-trong-thiet-ke-toa-nha-tien-tien-nhat-tokyo-4885094.html via JSON-LD+Tags
2025-05-14 15:35:59.007 INFO  [Worker-4] c.d.crawler.storage.ArticleStorage [ArticleStorage.java:52] - Saved article: https://vnexpress.net/5-loai-cu-hat-khong-nen-an-neu-moc-mam-4885874.html via JSON-LD+Tags
2025-05-14 15:35:59.019 INFO  [Worker-3] c.d.crawler.storage.ArticleStorage [ArticleStorage.java:52] - Saved article: https://vnexpress.net/trieu-chung-phat-ban-do-lau-4885762.html via JSON-LD+Tags
2025-05-14 15:35:59.021 INFO  [Worker-0] c.d.crawler.storage.ArticleStorage [ArticleStorage.java:52] - Saved article: https://vnexpress.net/khach-viet-giam-mua-xe-ban-tai-trong-thang-4-4885627.html via JSON-LD+Tags
2025-05-14 15:35:59.109 INFO  [Worker-1] c.d.crawler.storage.ArticleStorage [ArticleStorage.java:52] - Saved article: https://vnexpress.net/16-du-an-thuyet-trinh-tim-co-hoi-dau-tu-tai-gamehub-2025-4885796.html via JSON-LD+Tags
2025-05-14 15:35:59.311 INFO  [Worker-5] c.d.crawler.storage.ArticleStorage [ArticleStorage.java:52] - Saved article: https://vnexpress.net/nhung-chang-trai-cong-so-mac-vest-nhao-lon-4885715.html via JSON-LD+Tags
2025-05-14 15:35:59.325 INFO  [Worker-3] c.d.crawler.storage.ArticleStorage [ArticleStorage.java:52] - Saved article: https://vnexpress.net/su-ben-bi-cua-ngoi-sao-nam-phi-pha-ky-luc-cua-usain-bolt-4885820.html via JSON-LD+Tags
2025-05-14 15:35:59.331 INFO  [Worker-0] c.d.crawler.storage.ArticleStorage [ArticleStorage.java:52] - Saved article: https://vnexpress.net/thu-tuong-an-do-ca-ngoi-to-hop-phong-khong-s-400-4885826.html via JSON-LD+Tags
2025-05-14 15:35:59.338 INFO  [Worker-2] c.d.crawler.storage.ArticleStorage [ArticleStorage.java:52] - Saved article: https://vnexpress.net/show-jetski-ban-phao-hoa-tai-cat-ba-se-thu-hut-quoc-te-4885880.html via JSON-LD+Tags
2025-05-14 15:35:59.353 INFO  [Worker-4] c.d.crawler.storage.ArticleStorage [ArticleStorage.java:52] - Saved article: https://vnexpress.net/tim-thay-12-hai-cot-liet-si-o-savannakhet-4885832.html via JSON-LD+Tags
2025-05-14 15:35:59.415 INFO  [Worker-1] c.d.crawler.storage.ArticleStorage [ArticleStorage.java:52] - Saved article: https://vnexpress.net/triet-ly-song-cua-cuu-tong-thong-ngheo-nhat-the-gioi-4885852.html via JSON-LD+Tags
2025-05-14 15:35:59.638 INFO  [Worker-5] c.d.crawler.storage.ArticleStorage [ArticleStorage.java:52] - Saved article: https://vnexpress.net/zverev-djokovic-vuot-troi-tat-ca-o-roland-garros-2025-4885857.html via JSON-LD+Tags
2025-05-14 15:35:59.643 INFO  [Worker-2] c.d.crawler.storage.ArticleStorage [ArticleStorage.java:52] - Saved article: https://vnexpress.net/6-doi-hinh-duoc-tang-suc-manh-o-dau-truong-chan-ly-14-4-4885848.html via JSON-LD+Tags
2025-05-14 15:35:59.670 INFO  [Worker-3] c.d.crawler.storage.ArticleStorage [ArticleStorage.java:52] - Saved article: https://vnexpress.net/bo-me-sap-dat-tre-kho-co-ban-sac-rieng-4885840.html via JSON-LD+Tags
2025-05-14 15:35:59.672 INFO  [Worker-0] c.d.crawler.storage.ArticleStorage [ArticleStorage.java:52] - Saved article: https://vnexpress.net/jeon-ji-hyun-tro-thanh-guong-mat-dai-dien-moi-cua-piaget-4882643.html via JSON-LD+Tags
2025-05-14 15:35:59.694 INFO  [Worker-4] c.d.crawler.storage.ArticleStorage [ArticleStorage.java:52] - Saved article: https://vnexpress.net/tin-dung-tai-tp-hcm-vuot-4-trieu-ty-dong-4885841.html via JSON-LD+Tags
2025-05-14 15:35:59.846 INFO  [Worker-1] c.d.crawler.storage.ArticleStorage [ArticleStorage.java:52] - Saved article: https://vnexpress.net/nguy-kich-vi-hang-ty-ban-sao-virus-viem-gan-b-trong-mau-4885680.html via JSON-LD+Tags
2025-05-14 15:35:59.945 INFO  [Worker-5] c.d.crawler.storage.ArticleStorage [ArticleStorage.java:52] - Saved article: https://vnexpress.net/toyota-doi-ten-xe-dien-thay-pin-moi-4885684.html via JSON-LD+Tags
2025-05-14 15:35:59.956 INFO  [Worker-0] c.d.crawler.storage.ArticleStorage [ArticleStorage.java:52] - Saved article: https://vnexpress.net/nha-dau-tu-thao-tung-tai-san-ma-hoa-co-the-bi-phat-2-ty-dong-4885859.html via JSON-LD+Tags
2025-05-14 15:36:01.339 INFO  [Worker-1] c.d.crawler.storage.ArticleStorage [ArticleStorage.java:52] - Saved article: https://dantri.com.vn/xa-hoi/rang-ro-guong-mat-chien-si-tham-gia-dieu-binh-dieu-hanh-tro-ve-thu-do-20250503171534387.htm via JSON-LD+Tags
2025-05-14 15:36:01.401 INFO  [Worker-5] c.d.crawler.storage.ArticleStorage [ArticleStorage.java:52] - Saved article: https://dantri.com.vn/giao-duc/am-long-sinh-vien-moi-cuu-chien-binh-bi-duoi-cho-cung-xem-dieu-binh-20250502203551011.htm via JSON-LD+Tags
2025-05-14 15:36:01.416 INFO  [Worker-4] c.d.crawler.storage.ArticleStorage [ArticleStorage.java:52] - Saved article: https://dantri.com.vn/du-lich/tphcm-tra-drone-bi-roi-khach-duoc-quan-ca-phe-chieu-dai-do-uong-mien-phi-20250502143752825.htm via JSON-LD+Tags
2025-05-14 15:36:01.431 INFO  [Worker-2] c.d.crawler.storage.ArticleStorage [ArticleStorage.java:52] - Saved article: https://dantri.com.vn/xa-hoi/nguoi-dan-nghen-ngao-chia-tay-cac-chien-si-dieu-binh-roi-tphcm-20250502133235915.htm via JSON-LD+Tags
2025-05-14 15:36:01.622 INFO  [Worker-3] c.d.crawler.storage.ArticleStorage [ArticleStorage.java:52] - Saved article: https://dantri.com.vn/xa-hoi/nguoi-giu-ky-uc-sai-gon-20250425002915306.htm via JSON-LD+Tags
2025-05-14 15:36:01.637 INFO  [Worker-0] c.d.crawler.storage.ArticleStorage [ArticleStorage.java:52] - Saved article: https://dantri.com.vn/doi-song/co-gai-tang-hoa-cho-chien-si-duoc-day-thuyen-he-lo-tinh-trang-hien-tai-20250502174201210.htm via JSON-LD+Tags
2025-05-14 15:36:01.662 INFO  [Worker-1] c.d.crawler.storage.ArticleStorage [ArticleStorage.java:52] - Saved article: https://dantri.com.vn/xa-hoi/phi-cong-su30-mk2-bat-mi-man-tha-bay-nhiet-man-nhan-tren-bau-troi-tphcm-20250430012334650.htm via JSON-LD+Tags
2025-05-14 15:36:01.947 INFO  [Worker-5] c.d.crawler.storage.ArticleStorage [ArticleStorage.java:52] - Saved article: https://dantri.com.vn/du-lich/dong-nghit-nguoi-tai-cac-diem-du-lich-noi-tieng-o-thanh-hoa-dip-le-304-20250502111641333.htm via JSON-LD+Tags
2025-05-14 15:36:01.956 INFO  [Worker-3] c.d.crawler.storage.ArticleStorage [ArticleStorage.java:52] - Saved article: https://dantri.com.vn/giai-tri/rapper-double2t-ke-chuyen-kho-quen-khi-hat-cung-phuong-my-chi-o-dai-le-20250502083242398.htm via JSON-LD+Tags
2025-05-14 15:36:01.960 INFO  [Worker-2] c.d.crawler.storage.ArticleStorage [ArticleStorage.java:52] - Saved article: https://dantri.com.vn/doi-song/nhung-nhan-sac-xinh-dep-gay-sot-trong-cac-buoi-dieu-binh-dieu-hanh-o-tphcm-20250430131244970.htm via JSON-LD+Tags
2025-05-14 15:36:02.209 INFO  [Worker-1] c.d.crawler.storage.ArticleStorage [ArticleStorage.java:52] - Saved article: https://dantri.com.vn/giai-tri/cha-de-ca-khuc-2-ty-luot-xem-so-huu-nhieu-bai-hit-giau-co-co-nao-20250501230749177.htm via JSON-LD+Tags
2025-05-14 15:36:02.517 INFO  [Worker-5] c.d.crawler.storage.ArticleStorage [ArticleStorage.java:52] - Saved article: https://dantri.com.vn/du-lich/bi-an-quan-com-tam-o-tphcm-co-can-ham-ngay-trong-tu-ao-20250501061814441.htm via JSON-LD+Tags
2025-05-14 15:36:02.651 INFO  [Worker-4] c.d.crawler.storage.ArticleStorage [ArticleStorage.java:52] - Saved article: https://vietnamnet.vn/ban-tin-cuoi-ngay-13-5-sung-no-rat-dung-do-vu-trang-lon-tai-thu-do-libya-2400852.html via JSON-LD+Tags
2025-05-14 15:36:02.660 INFO  [Worker-2] c.d.crawler.storage.ArticleStorage [ArticleStorage.java:52] - Saved article: https://vietnamnet.vn/ban-tin-trua-14-5-xac-dinh-nguyen-nhan-2-nguoi-tu-vong-bat-thuong-o-tphcm-2401033.html via JSON-LD+Tags
2025-05-14 15:36:02.673 INFO  [Worker-3] c.d.crawler.storage.ArticleStorage [ArticleStorage.java:52] - Saved article: https://vietnamnet.vn/ban-tin-sang-14-5-gan-30-000-hoc-sinh-ha-noi-khong-co-cho-vao-lop-10-cong-lap-2400920.html via JSON-LD+Tags
2025-05-14 15:36:02.727 INFO  [Worker-0] c.d.crawler.storage.ArticleStorage [ArticleStorage.java:52] - Saved article: https://vietnamnet.vn/ban-tin-chieu-13-5-chay-du-doi-o-quan-cau-giay-nguoi-dan-hoang-loan-thao-chay-2400772.html via JSON-LD+Tags
2025-05-14 15:36:03.038 INFO  [Worker-2] c.d.crawler.storage.ArticleStorage [ArticleStorage.java:52] - Saved article: https://vietnamnet.vn/ban-tin-sang-13-5-quan-bun-bo-nhan-bao-chi-trich-vi-quang-cao-gay-tranh-cai-2400510.html via JSON-LD+Tags
2025-05-14 15:36:03.040 INFO  [Worker-1] c.d.crawler.storage.ArticleStorage [ArticleStorage.java:52] - Saved article: https://vietnamnet.vn/ban-tin-cuoi-ngay-12-5-vo-dam-chong-nguy-kich-roi-den-cong-an-tu-thu-2400481.html via JSON-LD+Tags
2025-05-14 15:36:03.049 INFO  [Worker-5] c.d.crawler.storage.ArticleStorage [ArticleStorage.java:52] - Saved article: https://vietnamnet.vn/ban-tin-trua-12-5-chay-nha-2-tang-o-tphcm-1-nguoi-tu-vong-trong-phong-ngu-2400193.html via JSON-LD+Tags
2025-05-14 15:36:03.070 INFO  [Worker-0] c.d.crawler.storage.ArticleStorage [ArticleStorage.java:52] - Saved article: https://vietnamnet.vn/ban-tin-sang-12-5-nguoi-dung-dui-cui-tan-cong-phu-nu-doi-dien-muc-phat-nao-2400128.html via JSON-LD+Tags
2025-05-14 15:36:03.104 INFO  [Worker-4] c.d.crawler.storage.ArticleStorage [ArticleStorage.java:52] - Saved article: https://vietnamnet.vn/ban-tin-trua-13-5-chay-khach-san-o-tphcm-4-nguoi-duoc-giai-cuu-2400581.html via JSON-LD+Tags
2025-05-14 15:36:03.123 INFO  [Worker-3] c.d.crawler.storage.ArticleStorage [ArticleStorage.java:52] - Saved article: https://vietnamnet.vn/ban-tin-chieu-12-5-tim-thay-thi-the-thanh-nien-nhay-xuong-song-sau-cuoc-cai-va-2400410.html via JSON-LD+Tags
2025-05-14 15:36:03.425 INFO  [Worker-1] c.d.crawler.storage.ArticleStorage [ArticleStorage.java:52] - Saved article: https://vietnamnet.vn/ban-tin-chieu-11-5-tong-thong-ukraine-hoi-dap-de-xuat-dam-phan-cua-ong-putin-2400016.html via JSON-LD+Tags
2025-05-14 15:36:03.434 INFO  [Worker-0] c.d.crawler.storage.ArticleStorage [ArticleStorage.java:52] - Saved article: https://vietnamnet.vn/ban-tin-sang-11-5-tai-xe-tong-lien-hoan-6-xe-may-doi-mat-nhung-toi-danh-nao-2399895.html via JSON-LD+Tags
2025-05-14 15:36:03.439 INFO  [Worker-5] c.d.crawler.storage.ArticleStorage [ArticleStorage.java:52] - Saved article: https://vietnamnet.vn/ban-tin-cuoi-ngay-11-5-bo-tha-rong-tran-ra-duong-huc-vang-chau-be-o-da-nang-2400091.html via JSON-LD+Tags
2025-05-14 15:36:03.442 INFO  [Worker-4] c.d.crawler.storage.ArticleStorage [ArticleStorage.java:52] - Saved article: https://vietnamnet.vn/ban-tin-cuoi-ngay-10-5-2-nguoi-di-xe-may-lao-xuong-vuc-o-tam-dao-2399853.html via JSON-LD+Tags
2025-05-14 15:36:03.505 INFO  [Worker-3] c.d.crawler.storage.ArticleStorage [ArticleStorage.java:52] - Saved article: https://vietnamnet.vn/ban-tin-chieu-10-5-3-nguoi-lao-vao-om-canh-sat-de-giai-cuu-ban-o-ha-noi-2399777.html via JSON-LD+Tags
2025-05-14 15:36:03.732 INFO  [Worker-1] c.d.crawler.storage.ArticleStorage [ArticleStorage.java:52] - Saved article: https://vietnamnet.vn/ban-tin-trua-10-5-hang-tram-phuong-tien-chon-chan-tren-quoc-lo-vi-ly-do-bat-ngo-2399691.html via JSON-LD+Tags
2025-05-14 15:36:03.747 INFO  [Worker-2] c.d.crawler.storage.ArticleStorage [ArticleStorage.java:52] - Saved article: https://vietnamnet.vn/ban-tin-trua-11-5-tai-xe-cho-dua-hau-gap-tai-nan-duoc-dan-giai-cuu-da-tu-vong-2399939.html via JSON-LD+Tags
2025-05-14 15:36:03.763 INFO  [Worker-0] c.d.crawler.storage.ArticleStorage [ArticleStorage.java:52] - Saved article: https://vietnamnet.vn/ban-tin-cuoi-ngay-9-5-thanh-thieu-nien-2-xa-hon-chien-khien-1-nguoi-chet-2399608.html via JSON-LD+Tags
2025-05-14 15:36:03.763 INFO  [Worker-5] c.d.crawler.storage.ArticleStorage [ArticleStorage.java:52] - Saved article: https://vietnamnet.vn/ban-tin-sang-10-5-hien-truong-ngon-ngang-o-to-tong-lien-hoan-6-xe-may-o-ha-noi-2399631.html via JSON-LD+Tags
2025-05-14 15:36:03.771 INFO  [Worker-4] c.d.crawler.storage.ArticleStorage [ArticleStorage.java:52] - Saved article: https://vietnamnet.vn/ban-tin-chieu-9-5-no-noi-hoi-nau-sua-dau-nanh-2-nguoi-tu-vong-2399552.html via JSON-LD+Tags
2025-05-14 15:36:03.796 INFO  [Worker-3] c.d.crawler.storage.ArticleStorage [ArticleStorage.java:52] - Saved article: https://vietnamnet.vn/ban-tin-sang-9-5-mien-bac-nang-nong-cao-diem-dem-mua-giong-sam-sap-2399253.html via JSON-LD+Tags
2025-05-14 15:36:04.090 INFO  [Worker-1] c.d.crawler.storage.ArticleStorage [ArticleStorage.java:52] - Saved article: https://vietnamnet.vn/ban-tin-cuoi-ngay-8-5-khoi-to-tiktoker-le-viet-hung-toi-cuong-doat-tai-san-2399201.html via JSON-LD+Tags
2025-05-14 15:36:04.135 INFO  [Worker-0] c.d.crawler.storage.ArticleStorage [ArticleStorage.java:52] - Saved article: https://vietnamnet.vn/ban-tin-chieu-8-5-lua-cuon-cuon-bao-trum-quan-pub-o-hai-phong-2399159.html via JSON-LD+Tags
2025-05-14 15:36:04.135 INFO  [Worker-5] c.d.crawler.storage.ArticleStorage [ArticleStorage.java:52] - Saved article: https://vietnamnet.vn/ban-tin-trua-8-5-tiktoker-le-viet-hung-vua-bi-tam-giu-la-ai-2398942.html via JSON-LD+Tags
2025-05-14 15:36:04.163 INFO  [Worker-4] c.d.crawler.storage.ArticleStorage [ArticleStorage.java:52] - Saved article: https://vietnamnet.vn/ban-tin-sang-8-5-dung-lai-hien-truong-vu-2-nguoi-trung-quoc-xam-hai-mo-vua-2398864.html via JSON-LD+Tags
2025-05-14 15:36:04.164 INFO  [Worker-2] c.d.crawler.storage.ArticleStorage [ArticleStorage.java:52] - Saved article: https://vietnamnet.vn/ban-tin-cuoi-ngay-7-5-vu-nu-sinh-tu-vong-o-vinh-long-khoi-to-vu-an-hinh-su-2398836.html via JSON-LD+Tags
2025-05-14 15:36:04.195 INFO  [Worker-3] c.d.crawler.storage.ArticleStorage [ArticleStorage.java:52] - Saved article: https://vietnamnet.vn/ban-tin-chieu-7-5-nu-tai-xe-ha-noi-to-bi-nguoi-di-o-to-dung-dui-cui-vut-vao-dau-2398754.html via JSON-LD+Tags
2025-05-14 15:36:04.417 INFO  [Worker-1] c.d.crawler.storage.ArticleStorage [ArticleStorage.java:52] - Saved article: https://vietnamnet.vn/ban-tin-trua-7-5-truy-bat-nhom-thanh-nien-chem-dut-lia-ban-tay-nguoi-dan-ong-2398600.html via JSON-LD+Tags
2025-05-14 15:36:04.434 INFO  [Worker-5] c.d.crawler.storage.ArticleStorage [ArticleStorage.java:52] - Saved article: https://vietnamnet.vn/ban-tin-sang-7-5-loi-khai-cua-nguoi-chan-dau-o-to-be-can-gat-nuoc-o-can-tho-2398478.html via JSON-LD+Tags
2025-05-14 15:36:05.629 INFO  [Worker-0] c.d.crawler.storage.ArticleStorage [ArticleStorage.java:52] - Saved article: https://vnexpress.net/pho-duong-tau-khong-mot-bong-khach-sau-kiem-tra-4865369.html via JSON-LD+Tags
2025-05-14 15:36:05.653 INFO  [Worker-2] c.d.crawler.storage.ArticleStorage [ArticleStorage.java:52] - Saved article: https://vnexpress.net/hang-tram-du-khach-bi-moi-ra-khoi-pho-ca-phe-duong-tau-4865253.html via JSON-LD+Tags
2025-05-14 15:36:05.678 INFO  [Worker-4] c.d.crawler.storage.ArticleStorage [ArticleStorage.java:52] - Saved article: https://vnexpress.net/ha-noi-mu-suong-4851985.html via JSON-LD+Tags
2025-05-14 15:36:05.696 INFO  [Worker-5] c.d.crawler.storage.ArticleStorage [ArticleStorage.java:52] - Saved article: https://vnexpress.net/khach-nuoc-ngoai-bi-xo-day-vi-khong-mua-nuoc-o-pho-duong-tau-4849637.html via JSON-LD+Tags
2025-05-14 15:36:05.989 INFO  [Worker-2] c.d.crawler.storage.ArticleStorage [ArticleStorage.java:52] - Saved article: https://vnexpress.net/co-nen-an-do-cay-khi-troi-lanh-4826708.html via JSON-LD+Tags
2025-05-14 15:36:06.020 INFO  [Worker-4] c.d.crawler.storage.ArticleStorage [ArticleStorage.java:52] - Saved article: https://vnexpress.net/chu-tich-ha-noi-tran-an-can-bo-khi-sap-xep-bo-may-4828572.html via JSON-LD+Tags
2025-05-14 15:36:06.030 INFO  [Worker-5] c.d.crawler.storage.ArticleStorage [ArticleStorage.java:52] - Saved article: https://vnexpress.net/bi-thu-ha-noi-song-to-lich-se-sach-4823909.html via JSON-LD+Tags
2025-05-14 15:36:06.287 INFO  [Worker-2] c.d.crawler.storage.ArticleStorage [ArticleStorage.java:52] - Saved article: https://vnexpress.net/hai-duong-ong-lot-xac-song-to-lich-4823052.html via JSON-LD+Tags
2025-05-14 15:36:07.437 INFO  [Worker-1] c.d.crawler.storage.ArticleStorage [ArticleStorage.java:52] - Saved article: https://vnexpress.net/30-diem-ban-phao-hoa-o-ha-noi-dem-giao-thua-4843545.html via JSON-LD+Tags
2025-05-14 15:36:07.664 INFO  [Worker-2] c.d.crawler.storage.ArticleStorage [ArticleStorage.java:52] - Saved article: https://vnexpress.net/7-nguoi-thoat-nan-trong-dam-chay-nha-o-ha-noi-4819609.html via JSON-LD+Tags
2025-05-14 15:36:07.688 INFO  [Worker-3] c.d.crawler.storage.ArticleStorage [ArticleStorage.java:52] - Saved article: https://vnexpress.net/ha-noi-sap-xay-ba-cau-lon-vuot-song-hong-4818720.html via JSON-LD+Tags
2025-05-14 15:36:07.714 INFO  [Worker-5] c.d.crawler.storage.ArticleStorage [ArticleStorage.java:52] - Saved article: https://vnexpress.net/lam-ong-dan-nuoc-tu-song-hong-ve-song-to-lich-4822791.html via JSON-LD+Tags
2025-05-14 15:36:08.882 INFO  [Worker-0] c.d.crawler.storage.ArticleStorage [ArticleStorage.java:52] - Saved article: https://vnexpress.net/o-ha-noi-di-duong-vong-10-km-nhanh-hon-di-tat-5-km-4835917.html via JSON-LD+Tags
2025-05-14 15:36:09.092 INFO  [Worker-4] c.d.crawler.storage.ArticleStorage [ArticleStorage.java:52] - Saved article: https://vnexpress.net/den-ngu-xa-song-lai-thoi-bao-cap-cua-ha-noi-xua-4822074.html via JSON-LD+Tags
2025-05-14 15:36:09.390 INFO  [Worker-1] c.d.crawler.storage.ArticleStorage [ArticleStorage.java:52] - Saved article: https://vnexpress.net/cong-vien-ho-phung-khoang-du-kien-hoan-thanh-dip-tet-2025-4818266.html via JSON-LD+Tags
2025-05-14 15:36:10.396 INFO  [Worker-1] c.d.crawler.storage.ArticleStorage [ArticleStorage.java:52] - Saved article: https://dantri.com.vn/xa-hoi/phat-tu-bat-khoc-tai-le-phat-dan-o-viet-nam-quoc-tu-20250512090419782.htm via JSON-LD+Tags
2025-05-14 15:36:10.768 INFO  [Worker-4] c.d.crawler.storage.ArticleStorage [ArticleStorage.java:52] - Saved article: https://dantri.com.vn/xa-hoi/du-am-vesak-2025-niem-vui-chiem-bai-xa-loi-va-uoc-vong-hoa-binh-20250509153537256.htm via JSON-LD+Tags
2025-05-14 15:36:10.787 INFO  [Worker-5] c.d.crawler.storage.ArticleStorage [ArticleStorage.java:52] - Saved article: https://dantri.com.vn/xa-hoi/160000-luot-chiem-bai-xa-loi-moi-ngay-o-tphcm-dip-dai-le-vesak-20250508115849736.htm via JSON-LD+Tags
2025-05-14 15:36:10.862 INFO  [Worker-1] c.d.crawler.storage.ArticleStorage [ArticleStorage.java:52] - Saved article: https://dantri.com.vn/xa-hoi/tuyen-bo-tphcm-ghi-nhan-thuc-tien-tu-do-ton-giao-tai-viet-nam-20250508104754890.htm via JSON-LD+Tags
2025-05-14 15:36:10.950 INFO  [Worker-0] c.d.crawler.storage.ArticleStorage [ArticleStorage.java:52] - Saved article: https://dantri.com.vn/xa-hoi/ket-thuc-chiem-bai-xa-loi-duc-phat-tai-chua-thanh-tam-sang-nay-20250508073829999.htm via JSON-LD+Tags
2025-05-14 15:36:11.047 INFO  [Worker-4] c.d.crawler.storage.ArticleStorage [ArticleStorage.java:52] - Saved article: https://dantri.com.vn/xa-hoi/chuyen-ve-xa-loi-trai-tim-bat-diet-cua-bo-tat-thich-quang-duc-20250506002025965.htm via JSON-LD+Tags
2025-05-14 15:36:11.135 INFO  [Worker-1] c.d.crawler.storage.ArticleStorage [ArticleStorage.java:52] - Saved article: https://dantri.com.vn/xa-hoi/bien-nguoi-xep-hang-cho-chiem-bai-xa-loi-bo-tat-thich-quang-duc-o-tphcm-20250506121436339.htm via JSON-LD+Tags
2025-05-14 15:36:11.223 INFO  [Worker-0] c.d.crawler.storage.ArticleStorage [ArticleStorage.java:52] - Saved article: https://dantri.com.vn/xa-hoi/hon-2700-dai-bieu-tham-du-dai-le-vesak-2025-o-tphcm-20250506122013196.htm via JSON-LD+Tags
2025-05-14 15:36:11.416 INFO  [Worker-1] c.d.crawler.storage.ArticleStorage [ArticleStorage.java:52] - Saved article: https://dantri.com.vn/suc-khoe/dai-le-vesak-mang-tinh-yeu-thuong-den-voi-nan-nhan-chat-doc-da-cam-20250505175357169.htm via JSON-LD+Tags
2025-05-14 15:36:11.926 INFO  [Worker-2] c.d.crawler.storage.ArticleStorage [ArticleStorage.java:52] - Saved article: https://dantri.com.vn/xa-hoi/bo-truong-dao-ngoc-dung-viet-nam-quy-trong-tu-do-ton-giao-20250506125210639.htm via JSON-LD+Tags
2025-05-14 15:36:12.226 INFO  [Worker-2] c.d.crawler.storage.ArticleStorage [ArticleStorage.java:52] - Saved article: https://vietnamnet.vn/tu-chu-truong-dau-tu-den-235-ty-usd-ach-tac-2400815.html via JSON-LD+Tags
2025-05-14 15:36:12.446 INFO  [Worker-5] c.d.crawler.storage.ArticleStorage [ArticleStorage.java:52] - Saved article: https://vietnamnet.vn/tiep-can-dat-dai-cau-chuyen-kho-nhu-len-troi-cua-doanh-nghiep-viet-2400503.html via JSON-LD+Tags
2025-05-14 15:36:12.483 INFO  [Worker-3] c.d.crawler.storage.ArticleStorage [ArticleStorage.java:52] - Saved article: https://vietnamnet.vn/chay-dua-giao-duc-ai-va-bai-hoc-cho-viet-nam-2400069.html via JSON-LD+Tags
2025-05-14 15:36:12.587 INFO  [Worker-4] c.d.crawler.storage.ArticleStorage [ArticleStorage.java:52] - Saved article: https://vietnamnet.vn/cuoc-dua-giao-duc-ai-my-trung-khi-nhung-dua-tre-tro-thanh-vu-khi-chien-luoc-2399863.html via JSON-LD+Tags
2025-05-14 15:36:12.607 INFO  [Worker-0] c.d.crawler.storage.ArticleStorage [ArticleStorage.java:52] - Saved article: https://vietnamnet.vn/viet-nam-giua-hai-nga-re-2399047.html via JSON-LD+Tags
2025-05-14 15:36:12.627 INFO  [Worker-2] c.d.crawler.storage.ArticleStorage [ArticleStorage.java:52] - Saved article: https://vietnamnet.vn/ts-nguyen-dinh-cung-can-bo-quy-dinh-chap-thuan-chu-truong-dau-tu-2399592.html via JSON-LD+Tags
2025-05-14 15:36:12.715 INFO  [Worker-1] c.d.crawler.storage.ArticleStorage [ArticleStorage.java:52] - Saved article: https://vietnamnet.vn/kinh-te-tu-nhan-tu-thao-go-den-coi-bung-rao-can-2398809.html via JSON-LD+Tags
2025-05-14 15:36:12.784 INFO  [Worker-5] c.d.crawler.storage.ArticleStorage [ArticleStorage.java:52] - Saved article: https://vietnamnet.vn/y-chi-phap-quyen-manh-me-cua-dang-ta-2399004.html via JSON-LD+Tags
2025-05-14 15:36:12.940 INFO  [Worker-3] c.d.crawler.storage.ArticleStorage [ArticleStorage.java:52] - Saved article: https://vietnamnet.vn/dot-pha-the-che-cho-ky-nguyen-vuon-minh-2398355.html via JSON-LD+Tags
2025-05-14 15:36:12.996 INFO  [Worker-4] c.d.crawler.storage.ArticleStorage [ArticleStorage.java:52] - Saved article: https://vietnamnet.vn/tranh-bo-tu-doanh-nhan-2398012.html via JSON-LD+Tags
2025-05-14 15:36:13.024 INFO  [Worker-2] c.d.crawler.storage.ArticleStorage [ArticleStorage.java:52] - Saved article: https://vietnamnet.vn/truoc-buoc-ngoat-lich-su-dot-pha-tu-noi-luc-2396856.html via JSON-LD+Tags
2025-05-14 15:36:13.034 INFO  [Worker-0] c.d.crawler.storage.ArticleStorage [ArticleStorage.java:52] - Saved article: https://vietnamnet.vn/cong-cu-cap-bach-de-dat-muc-tieu-tang-truong-nam-2025-2396264.html via JSON-LD+Tags
2025-05-14 15:36:13.069 INFO  [Worker-1] c.d.crawler.storage.ArticleStorage [ArticleStorage.java:52] - Saved article: https://vietnamnet.vn/chuyen-dat-ten-xa-nhin-tu-huyen-dien-chau-yen-thanh-quynh-luu-nghe-an-2396199.html via JSON-LD+Tags
2025-05-14 15:36:13.124 INFO  [Worker-5] c.d.crawler.storage.ArticleStorage [ArticleStorage.java:52] - Saved article: https://vietnamnet.vn/thao-bung-rao-can-de-nghien-cuu-va-phat-trien-viet-nam-but-toc-2395780.html via JSON-LD+Tags
2025-05-14 15:36:13.243 INFO  [Worker-3] c.d.crawler.storage.ArticleStorage [ArticleStorage.java:52] - Saved article: https://vietnamnet.vn/de-khong-tut-hau-khi-the-gioi-di-qua-xa-2394432.html via JSON-LD+Tags
2025-05-14 15:36:13.368 INFO  [Worker-4] c.d.crawler.storage.ArticleStorage [ArticleStorage.java:52] - Saved article: https://vietnamnet.vn/giao-su-lam-nghi-phu-va-loi-khuyen-cho-viet-nam-2394386.html via JSON-LD+Tags
2025-05-14 15:36:13.442 INFO  [Worker-1] c.d.crawler.storage.ArticleStorage [ArticleStorage.java:52] - Saved article: https://vietnamnet.vn/tu-chu-ve-cong-nghe-chia-khoa-de-trung-quoc-chong-choi-thue-cua-my-2392751.html via JSON-LD+Tags
2025-05-14 15:36:13.442 INFO  [Worker-0] c.d.crawler.storage.ArticleStorage [ArticleStorage.java:52] - Saved article: https://vietnamnet.vn/giao-su-kinh-te-trung-quoc-bay-thu-nhap-trung-binh-khong-phai-la-dinh-menh-2394016.html via JSON-LD+Tags
2025-05-14 15:36:13.445 INFO  [Worker-2] c.d.crawler.storage.ArticleStorage [ArticleStorage.java:52] - Saved article: https://vietnamnet.vn/doanh-nghiep-trung-quoc-ung-pho-voi-khung-hoang-thue-quan-cua-my-2393296.html via JSON-LD+Tags
2025-05-14 15:36:13.449 INFO  [Worker-5] c.d.crawler.storage.ArticleStorage [ArticleStorage.java:52] - Saved article: https://vietnamnet.vn/cong-thuc-3i-va-khat-vong-viet-nam-thinh-vuong-2392829.html via JSON-LD+Tags
2025-05-14 15:36:13.554 INFO  [Worker-3] c.d.crawler.storage.ArticleStorage [ArticleStorage.java:52] - Saved article: https://vietnamnet.vn/tang-truong-2-con-so-menh-lenh-thuc-bach-2392240.html via JSON-LD+Tags
2025-05-14 15:36:13.680 INFO  [Worker-4] c.d.crawler.storage.ArticleStorage [ArticleStorage.java:52] - Saved article: https://vietnamnet.vn/tro-choi-tong-am-trong-cuoc-chien-thue-quan-trung-my-2392343.html via JSON-LD+Tags
2025-05-14 15:36:13.773 INFO  [Worker-0] c.d.crawler.storage.ArticleStorage [ArticleStorage.java:52] - Saved article: https://vietnamnet.vn/hop-tac-bien-gioi-lanh-tho-viet-trung-huu-nghi-van-co-truong-thanh-2390067.html via JSON-LD+Tags
2025-05-14 15:36:13.793 INFO  [Worker-2] c.d.crawler.storage.ArticleStorage [ArticleStorage.java:52] - Saved article: https://vietnamnet.vn/cuoc-dien-dam-cua-tong-bi-thu-va-tong-thong-hoa-ky-2388149.html via JSON-LD+Tags
2025-05-14 15:36:13.796 INFO  [Worker-1] c.d.crawler.storage.ArticleStorage [ArticleStorage.java:52] - Saved article: https://vietnamnet.vn/thue-quan-46-bai-hoc-toan-cau-tu-canada-va-mexico-2388732.html via JSON-LD+Tags
2025-05-14 15:36:13.859 INFO  [Worker-3] c.d.crawler.storage.ArticleStorage [ArticleStorage.java:52] - Saved article: https://vietnamnet.vn/vi-sao-kinh-te-ho-khong-muon-lon-len-2386901.html via JSON-LD+Tags
2025-05-14 15:36:13.864 INFO  [Worker-5] c.d.crawler.storage.ArticleStorage [ArticleStorage.java:52] - Saved article: https://vietnamnet.vn/chien-luoc-thue-quan-2-tang-cua-my-canh-tinh-toan-cau-tac-dong-den-dn-viet-nam-2387778.html via JSON-LD+Tags
2025-05-14 15:36:14.126 INFO  [Worker-2] c.d.crawler.storage.ArticleStorage [ArticleStorage.java:52] - Saved article: https://vietnamnet.vn/buoc-tien-trong-viec-khang-dinh-cac-vung-bien-thuoc-chu-quyen-cua-viet-nam-2383608.html via JSON-LD+Tags
2025-05-14 15:36:14.133 INFO  [Worker-1] c.d.crawler.storage.ArticleStorage [ArticleStorage.java:52] - Saved article: https://vietnamnet.vn/bao-ve-quyen-tu-do-kinh-doanh-2384009.html via JSON-LD+Tags
2025-05-14 15:36:14.153 INFO  [Worker-4] c.d.crawler.storage.ArticleStorage [ArticleStorage.java:52] - Saved article: https://vietnamnet.vn/vi-sao-nen-coi-cac-do-thi-truc-thuoc-tinh-la-cap-chinh-quyen-co-so-2385544.html via JSON-LD+Tags
2025-05-14 15:36:14.922 INFO  [Worker-1] c.d.crawler.storage.ArticleStorage [ArticleStorage.java:52] - Saved article: https://vietnamnet.vn/thu-gan-5-000-ty-dong-no-thue-khi-ap-dung-bien-phap-tam-hoan-xuat-canh-pre2400464.html via JSON-LD+Tags
2025-05-14 15:36:14.929 INFO  [Worker-4] c.d.crawler.storage.ArticleStorage [ArticleStorage.java:52] - Saved article: https://vietnamnet.vn/ban-tin-vietnamnet-14-5-de-xuat-mien-7-500-ty-nam-thue-su-dung-dat-nong-nghiep-pre2400824.html via JSON-LD+Tags
2025-05-14 15:36:14.955 INFO  [Worker-5] c.d.crawler.storage.ArticleStorage [ArticleStorage.java:52] - Saved article: https://vietnamnet.vn/25-nguoi-truong-thanh-thua-can-beo-phi-pre2399990.html via JSON-LD+Tags
2025-05-14 15:36:14.958 INFO  [Worker-0] c.d.crawler.storage.ArticleStorage [ArticleStorage.java:52] - Saved article: https://vietnamnet.vn/nghien-cuu-dau-tu-6-du-an-duong-sat-giai-doan-2025-2027-pre2400783.html via JSON-LD+Tags
2025-05-14 15:36:14.983 INFO  [Worker-2] c.d.crawler.storage.ArticleStorage [ArticleStorage.java:52] - Saved article: https://vietnamnet.vn/ban-tin-vietnamnet-12-5-chinh-phu-thong-qua-ho-so-de-an-sap-xep-cap-tinh-cap-xa-pre2400071.html via JSON-LD+Tags
2025-05-14 15:36:15.233 INFO  [Worker-4] c.d.crawler.storage.ArticleStorage [ArticleStorage.java:52] - Saved article: https://vietnamnet.vn/ban-tin-vietnamnet-11-5-bi-thu-chu-tich-huyen-ve-lam-nong-cot-tai-xa-phuong-moi-pre2399811.html via JSON-LD+Tags
2025-05-14 15:36:15.294 INFO  [Worker-2] c.d.crawler.storage.ArticleStorage [ArticleStorage.java:52] - Saved article: https://vietnamnet.vn/hon-100-000-ca-tu-vong-moi-nam-lien-quan-toi-hut-thuoc-la-pre2399604.html via JSON-LD+Tags
2025-05-14 15:36:15.302 INFO  [Worker-5] c.d.crawler.storage.ArticleStorage [ArticleStorage.java:52] - Saved article: https://vietnamnet.vn/ban-tin-vietnamnet-10-5-sau-sap-xep-don-vi-hanh-chinh-cap-xa-con-hon-3-320-pre2399606.html via JSON-LD+Tags
2025-05-14 15:36:15.363 INFO  [Worker-3] c.d.crawler.storage.ArticleStorage [ArticleStorage.java:52] - Saved article: https://vietnamnet.vn/cac-ngan-hang-trung-uong-tren-toan-cau-mua-243-7-tan-vang-trong-3-thang-pre2399202.html via JSON-LD+Tags
2025-05-14 15:36:15.404 INFO  [Worker-0] c.d.crawler.storage.ArticleStorage [ArticleStorage.java:52] - Saved article: https://vietnamnet.vn/ban-tin-vietnamnet-9-5-petrolimex-cong-bo-thong-tin-bat-thuong-pre2399193.html via JSON-LD+Tags
2025-05-14 15:36:15.565 INFO  [Worker-1] c.d.crawler.storage.ArticleStorage [ArticleStorage.java:52] - Saved article: https://vietnamnet.vn/viet-nam-vao-top-10-diem-den-co-muc-tang-truong-hang-dau-the-gioi-pre2398764.html via JSON-LD+Tags
2025-05-14 15:36:15.568 INFO  [Worker-4] c.d.crawler.storage.ArticleStorage [ArticleStorage.java:52] - Saved article: https://vietnamnet.vn/ban-tin-vietnamnet-8-5-bo-noi-vu-du-kien-phuong-an-giam-20-bien-che-pre2398806.html via JSON-LD+Tags
2025-05-14 15:36:15.632 INFO  [Worker-5] c.d.crawler.storage.ArticleStorage [ArticleStorage.java:52] - Saved article: https://vietnamnet.vn/ban-tin-vietnamnet-7-5-de-xuat-thu-tuong-chi-dinh-chu-tich-cac-tinh-sau-sap-nhap-pre2398429.html via JSON-LD+Tags
2025-05-14 15:36:15.648 INFO  [Worker-2] c.d.crawler.storage.ArticleStorage [ArticleStorage.java:52] - Saved article: https://vietnamnet.vn/bo-tai-chinh-nghien-cuu-ap-thue-20-tren-lai-chuyen-nhuong-bat-dong-san-pre2398382.html via JSON-LD+Tags
2025-05-14 15:36:15.710 INFO  [Worker-3] c.d.crawler.storage.ArticleStorage [ArticleStorage.java:52] - Saved article: https://vietnamnet.vn/thanh-toan-qua-qr-code-tang-gan-200-ve-gia-tri-pre2398029.html via JSON-LD+Tags
2025-05-14 15:36:15.897 INFO  [Worker-1] c.d.crawler.storage.ArticleStorage [ArticleStorage.java:52] - Saved article: https://vietnamnet.vn/de-xuat-bo-sung-44-000-ty-dong-chi-tra-che-do-cho-can-bo-khi-tinh-gon-pre2397603.html via JSON-LD+Tags
2025-05-14 15:36:15.956 INFO  [Worker-4] c.d.crawler.storage.ArticleStorage [ArticleStorage.java:52] - Saved article: https://vietnamnet.vn/ban-tin-vietnamnet-5-5-ly-do-chi-dinh-nhan-su-lam-chu-tich-tinh-moi-pre2397617.html via JSON-LD+Tags
2025-05-14 15:36:16.117 INFO  [Worker-0] c.d.crawler.storage.ArticleStorage [ArticleStorage.java:52] - Saved article: https://vietnamnet.vn/ban-tin-vietnamnet-6-5-de-xuat-danh-them-54-000-ty-tinh-gon-bo-may-mien-hoc-phi-pre2398037.html via JSON-LD+Tags
2025-05-14 15:36:16.823 INFO  [Worker-1] c.d.crawler.storage.ArticleStorage [ArticleStorage.java:52] - Saved article: https://thanhnien.vn/reply-2000s-bup-be-thanh-thao-ke-chuyen-tung-cam-nha-cam-xe-tiet-lo-cu-soc-cach-day-10-nam-185250202172615349.htm via JSON-LD+Tags
2025-05-14 15:36:16.922 INFO  [Worker-0] c.d.crawler.storage.ArticleStorage [ArticleStorage.java:52] - Saved article: https://thanhnien.vn/minh-tuyet-ke-chuyen-bi-toc-tien-lua-tung-bat-khoc-trong-nhung-ngay-dau-o-my-reply-2000s-185250202171530166.htm via JSON-LD+Tags
2025-05-14 15:36:18.387 INFO  [Worker-2] c.d.crawler.storage.ArticleStorage [ArticleStorage.java:52] - Saved article: https://tienphong.vn/thu-tuong-pham-minh-chinh-nhan-gui-thanh-nien-thuc-hien-3-tien-phong-6-trong-tam-cung-dat-nuoc-vao-ky-nguyen-moi-post1727731.tpo via JSON-LD+Tags
2025-05-14 15:36:18.387 INFO  [Worker-4] c.d.crawler.storage.ArticleStorage [ArticleStorage.java:52] - Saved article: https://tienphong.vn/guong-mat-tre-viet-nam-tieu-bieu-tri-an-anh-hung-liet-si-tham-quan-cac-di-tich-lich-su-tai-thu-do-post1727757.tpo via JSON-LD+Tags
2025-05-14 15:36:18.476 INFO  [Worker-5] c.d.crawler.storage.ArticleStorage [ArticleStorage.java:52] - Saved article: https://tienphong.vn/guong-mat-tre-viet-nam-tieu-bieu-nguoc-dong-lich-su-tai-hoang-thanh-thang-long-post1727622.tpo via JSON-LD+Tags
2025-05-14 15:36:18.485 INFO  [Worker-0] c.d.crawler.storage.ArticleStorage [ArticleStorage.java:52] - Saved article: https://tienphong.vn/doan-dai-bieu-guong-mat-tre-viet-nam-tieu-bieu-dang-huong-tuong-niem-cac-anh-hung-liet-si-post1727654.tpo via JSON-LD+Tags
2025-05-14 15:36:18.633 INFO  [Worker-4] c.d.crawler.storage.ArticleStorage [ArticleStorage.java:52] - Saved article: https://tienphong.vn/thu-tuong-chinh-phu-pham-minh-chinh-tap-trung-vao-3-tien-phong-va-6-trong-tam-post1727541.tpo via JSON-LD+Tags
2025-05-14 15:36:18.637 INFO  [Worker-2] c.d.crawler.storage.ArticleStorage [ArticleStorage.java:52] - Saved article: https://tienphong.vn/phuong-cham-phan-dau-16-chu-vang-cua-dai-uy-phi-cong-tre-post1727442.tpo via JSON-LD+Tags
2025-05-14 15:36:18.713 INFO  [Worker-5] c.d.crawler.storage.ArticleStorage [ArticleStorage.java:52] - Saved article: https://tienphong.vn/thu-tuong-pham-minh-chinh-se-du-le-trao-giai-guong-mat-tre-viet-nam-tieu-bieu-2024-post1727443.tpo via JSON-LD+Tags
2025-05-14 15:36:18.745 INFO  [Worker-0] c.d.crawler.storage.ArticleStorage [ArticleStorage.java:52] - Saved article: https://tienphong.vn/cuoc-hoi-ngo-cua-nhung-tien-si-tre-tien-phong-ve-khoa-hoc-mui-nhon-post1727419.tpo via JSON-LD+Tags
2025-05-14 15:36:18.796 INFO  [Worker-1] c.d.crawler.storage.ArticleStorage [ArticleStorage.java:52] - Saved article: https://tienphong.vn/he-lo-nhieu-dieu-thu-vi-se-dien-ra-tai-le-trao-giai-guong-mat-tre-viet-nam-tieu-bieu-nam-2024-post1727414.tpo via JSON-LD+Tags
2025-05-14 15:36:18.846 INFO  [Worker-3] c.d.crawler.storage.ArticleStorage [ArticleStorage.java:52] - Saved article: https://tienphong.vn/toi-nay-vinh-danh-18-guong-mat-tre-viet-nam-tieu-bieu-va-trien-vong-2024-post1727296.tpo via JSON-LD+Tags
2025-05-14 15:36:18.927 INFO  [Worker-4] c.d.crawler.storage.ArticleStorage [ArticleStorage.java:52] - Saved article: https://tienphong.vn/toan-canh-tien-trinh-binh-xet-giai-thuong-guong-mat-tre-viet-nam-tieu-bieu-nam-2024-post1726162.tpo via JSON-LD+Tags
2025-05-14 15:36:18.944 INFO  [Worker-2] c.d.crawler.storage.ArticleStorage [ArticleStorage.java:52] - Saved article: https://tienphong.vn/chan-dung-10-guong-mat-tre-viet-nam-tieu-bieu-nam-2024-post1724994.tpo via JSON-LD+Tags
2025-05-14 15:36:19.011 INFO  [Worker-5] c.d.crawler.storage.ArticleStorage [ArticleStorage.java:52] - Saved article: https://tienphong.vn/chan-dung-guong-mat-tre-viet-nam-trien-vong-nam-2024-post1724996.tpo via JSON-LD+Tags
2025-05-14 15:36:19.053 INFO  [Worker-0] c.d.crawler.storage.ArticleStorage [ArticleStorage.java:52] - Saved article: https://tienphong.vn/cong-bo-10-guong-mat-tre-viet-nam-tieu-bieu-va-8-guong-mat-tre-viet-nam-trien-vong-2024-post1726255.tpo via JSON-LD+Tags
2025-05-14 15:36:19.165 INFO  [Worker-3] c.d.crawler.storage.ArticleStorage [ArticleStorage.java:52] - Saved article: https://tienphong.vn/cong-bo-10-guong-mat-tre-viet-nam-tieu-bieu-nam-2024-post1724033.tpo via JSON-LD+Tags
2025-05-14 15:36:19.263 INFO  [Worker-5] c.d.crawler.storage.ArticleStorage [ArticleStorage.java:52] - Saved article: https://tienphong.vn/phuong-my-chi-luon-ung-ho-cac-ban-tre-co-tinh-than-huong-ve-xa-hoi-post1725796.tpo via JSON-LD+Tags
2025-05-14 15:36:19.316 INFO  [Worker-4] c.d.crawler.storage.ArticleStorage [ArticleStorage.java:52] - Saved article: https://tienphong.vn/chan-dung-8-guong-mat-tre-viet-nam-trien-vong-nam-2024-post1724027.tpo via JSON-LD+Tags
2025-05-14 15:36:19.337 INFO  [Worker-2] c.d.crawler.storage.ArticleStorage [ArticleStorage.java:52] - Saved article: https://tienphong.vn/3-de-cu-guong-mat-tre-viet-nam-tieu-bieu-2024-chia-se-ve-su-menh-vi-cong-dong-post1726208.tpo via JSON-LD+Tags
2025-05-14 15:36:19.378 INFO  [Worker-0] c.d.crawler.storage.ArticleStorage [ArticleStorage.java:52] - Saved article: https://tienphong.vn/9x-mang-cong-nghe-viet-chinh-phuc-the-gioi-post1725394.tpo via JSON-LD+Tags
2025-05-14 15:36:19.482 INFO  [Worker-3] c.d.crawler.storage.ArticleStorage [ArticleStorage.java:52] - Saved article: https://tienphong.vn/soobin-hoang-son-chat-lieu-truyen-thong-la-diem-tua-tren-hanh-trinh-vuot-ngan-chong-gai-post1724466.tpo via JSON-LD+Tags
2025-05-14 15:36:19.540 INFO  [Worker-1] c.d.crawler.storage.ArticleStorage [ArticleStorage.java:52] - Saved article: https://tienphong.vn/hoa-hau-thanh-thuy-lot-top-de-cu-guong-mat-tre-viet-nam-tieu-bieu-la-niem-tu-hao-to-lon-nhat-post1720507.tpo via JSON-LD+Tags
2025-05-14 15:36:19.567 INFO  [Worker-5] c.d.crawler.storage.ArticleStorage [ArticleStorage.java:52] - Saved article: https://tienphong.vn/hoa-hau-thanh-thuy-suc-nang-vuong-mien-voi-su-menh-vi-cong-dong-post1725369.tpo via JSON-LD+Tags
2025-05-14 15:36:19.668 INFO  [Worker-4] c.d.crawler.storage.ArticleStorage [ArticleStorage.java:52] - Saved article: https://tienphong.vn/khac-tinh-cua-toi-pham-ma-tuy-post1724396.tpo via JSON-LD+Tags
2025-05-14 15:36:19.705 INFO  [Worker-0] c.d.crawler.storage.ArticleStorage [ArticleStorage.java:52] - Saved article: https://tienphong.vn/nguoi-dua-internet-van-vat-ra-canh-dong-post1723974.tpo via JSON-LD+Tags
2025-05-14 15:36:19.770 INFO  [Worker-3] c.d.crawler.storage.ArticleStorage [ArticleStorage.java:52] - Saved article: https://tienphong.vn/nguoi-mien-nui-chat-dung-am-nhac-de-danh-thuc-long-nhan-ai-post1724116.tpo via JSON-LD+Tags
2025-05-14 15:36:19.776 INFO  [Worker-1] c.d.crawler.storage.ArticleStorage [ArticleStorage.java:52] - Saved article: https://tienphong.vn/double2t-danh-cap-mat-troi-thap-sang-vung-sau-post1723962.tpo via JSON-LD+Tags
2025-05-14 15:36:19.818 INFO  [Worker-2] c.d.crawler.storage.ArticleStorage [ArticleStorage.java:52] - Saved article: https://tienphong.vn/phi-cong-lai-tiem-kich-su-27-va-hanh-trinh-thuc-hien-uoc-mo-bay-post1723651.tpo via JSON-LD+Tags
2025-05-14 15:36:19.867 INFO  [Worker-5] c.d.crawler.storage.ArticleStorage [ArticleStorage.java:52] - Saved article: https://tienphong.vn/tu-truong-lang-den-bang-doc-quyen-sang-che-quoc-te-ve-cong-nghe-nano-post1723699.tpo via JSON-LD+Tags
2025-05-14 15:36:19.967 INFO  [Worker-0] c.d.crawler.storage.ArticleStorage [ArticleStorage.java:52] - Saved article: https://tienphong.vn/chuyen-gia-cham-soc-ngu-loi-hang-nang-post1722545.tpo via JSON-LD+Tags
2025-05-14 15:36:19.994 INFO  [Worker-4] c.d.crawler.storage.ArticleStorage [ArticleStorage.java:52] - Saved article: https://tienphong.vn/luot-gio-xuyen-may-bao-ve-bau-troi-post1722643.tpo via JSON-LD+Tags
2025-05-14 15:36:20.034 INFO  [Worker-3] c.d.crawler.storage.ArticleStorage [ArticleStorage.java:52] - Saved article: https://tienphong.vn/guong-mat-tre-than-the-cong-tu-doi-dep-to-ong-den-huy-chuong-vang-vat-ly-quoc-te-post1722336.tpo via JSON-LD+Tags
2025-05-14 15:36:20.079 INFO  [Worker-1] c.d.crawler.storage.ArticleStorage [ArticleStorage.java:52] - Saved article: https://tienphong.vn/tam-huy-chuong-cua-su-no-luc-ben-bi-post1722715.tpo via JSON-LD+Tags
2025-05-14 15:36:20.104 INFO  [Worker-2] c.d.crawler.storage.ArticleStorage [ArticleStorage.java:52] - Saved article: https://tienphong.vn/nu-xa-thu-trinh-thu-vinh-va-hanh-trinh-vuon-toi-vinh-quang-post1721431.tpo via JSON-LD+Tags
2025-05-14 15:36:20.114 INFO  [Worker-5] c.d.crawler.storage.ArticleStorage [ArticleStorage.java:52] - Saved article: https://tienphong.vn/nu-xa-thu-trinh-thu-vinh-tu-phat-dan-dau-tien-den-giac-mo-olympic-post1722335.tpo via JSON-LD+Tags
2025-05-14 15:36:20.260 INFO  [Worker-4] c.d.crawler.storage.ArticleStorage [ArticleStorage.java:52] - Saved article: https://dantri.com.vn/suc-khoe/bac-si-dinh-duong-nhieu-nguoi-ngay-tho-khi-chon-sua-cho-con-20250421140530862.htm via JSON-LD+Tags
2025-05-14 15:36:20.273 INFO  [Worker-0] c.d.crawler.storage.ArticleStorage [ArticleStorage.java:52] - Saved article: https://tienphong.vn/guong-mat-tre-viet-nam-tieu-bieu-nam-2024-vung-chi-tien-phong-trong-ky-nguyen-vuon-minh-post1722497.tpo via JSON-LD+Tags
2025-05-14 15:36:20.351 INFO  [Worker-1] c.d.crawler.storage.ArticleStorage [ArticleStorage.java:52] - Saved article: https://dantri.com.vn/xa-hoi/pho-thu-tuong-vu-sua-gia-thuoc-gia-nghiem-trong-va-gay-buc-xuc-20250421205513007.htm via JSON-LD+Tags
2025-05-14 15:36:20.370 INFO  [Worker-5] c.d.crawler.storage.ArticleStorage [ArticleStorage.java:52] - Saved article: https://dantri.com.vn/suc-khoe/bo-y-te-yeu-cau-chan-chinh-xu-ly-don-thuoc-co-sua-thuc-pham-chuc-nang-20250420143250327.htm via JSON-LD+Tags
2025-05-14 15:36:20.377 INFO  [Worker-3] c.d.crawler.storage.ArticleStorage [ArticleStorage.java:52] - Saved article: https://dantri.com.vn/suc-khoe/kiem-tra-hang-loat-cac-co-so-kinh-doanh-san-xuat-sua-o-tphcm-20250421205723837.htm via JSON-LD+Tags
2025-05-14 15:36:20.389 INFO  [Worker-2] c.d.crawler.storage.ArticleStorage [ArticleStorage.java:52] - Saved article: https://dantri.com.vn/suc-khoe/khan-cap-lap-doan-kiem-tra-305-ho-so-sua-gia-dang-ky-tai-hoa-binh-20250421162509738.htm via JSON-LD+Tags
2025-05-14 15:36:20.524 INFO  [Worker-0] c.d.crawler.storage.ArticleStorage [ArticleStorage.java:52] - Saved article: https://dantri.com.vn/suc-khoe/bac-si-chi-ra-dieu-nguy-hiem-nhat-cua-sua-gia-20250420003242516.htm via JSON-LD+Tags
2025-05-14 15:36:20.539 INFO  [Worker-4] c.d.crawler.storage.ArticleStorage [ArticleStorage.java:52] - Saved article: https://dantri.com.vn/suc-khoe/bo-y-te-lien-quan-vu-sua-gia-va-thuoc-gia-xu-ly-nghiem-khong-co-vung-cam-20250419110018857.htm via JSON-LD+Tags
2025-05-14 15:36:20.849 INFO  [Worker-5] c.d.crawler.storage.ArticleStorage [ArticleStorage.java:52] - Saved article: https://dantri.com.vn/suc-khoe/benh-vien-108-thu-hoi-sua-hofumil-gold-plus-cua-cong-ty-san-xuat-sua-gia-20250417163735553.htm via JSON-LD+Tags
2025-05-14 15:36:21.103 INFO  [Worker-3] c.d.crawler.storage.ArticleStorage [ArticleStorage.java:52] - Saved article: https://vnexpress.net/ruong-lua-vung-ven-lot-xac-thanh-cum-y-te-hien-dai-nhat-tp-hcm-4876384.html via JSON-LD+Tags
2025-05-14 15:36:21.121 INFO  [Worker-4] c.d.crawler.storage.ArticleStorage [ArticleStorage.java:52] - Saved article: https://vnexpress.net/ten-goi-sai-gon-cho-lon-gia-dinh-qua-tram-nam-4874491.html via JSON-LD+Tags
2025-05-14 15:36:21.137 INFO  [Worker-2] c.d.crawler.storage.ArticleStorage [ArticleStorage.java:52] - Saved article: https://vnexpress.net/khoi-cong-cau-di-bo-gan-1-000-ty-dong-vuot-song-sai-gon-4867381.html via JSON-LD+Tags
2025-05-14 15:36:21.157 INFO  [Worker-1] c.d.crawler.storage.ArticleStorage [ArticleStorage.java:52] - Saved article: https://vnexpress.net/so-giai-hoc-sinh-gioi-lop-9-cua-tp-hcm-giam-4865342.html via JSON-LD+Tags
2025-05-14 15:36:21.176 INFO  [Worker-5] c.d.crawler.storage.ArticleStorage [ArticleStorage.java:52] - Saved article: https://vnexpress.net/gan-32-lao-dong-tp-hcm-tim-viec-luong-tren-20-trieu-dong-moi-thang-4861495.html via JSON-LD+Tags
2025-05-14 15:36:21.420 INFO  [Worker-4] c.d.crawler.storage.ArticleStorage [ArticleStorage.java:52] - Saved article: https://vnexpress.net/tp-thu-duc-so-xay-dung-xep-cuoi-bang-nang-luc-canh-tranh-noi-bo-4854893.html via JSON-LD+Tags
2025-05-14 15:36:21.464 INFO  [Worker-3] c.d.crawler.storage.ArticleStorage [ArticleStorage.java:52] - Saved article: https://vnexpress.net/dong-loat-cai-tao-via-he-o-noi-do-tp-hcm-4861003.html via JSON-LD+Tags
2025-05-14 15:36:21.489 INFO  [Worker-5] c.d.crawler.storage.ArticleStorage [ArticleStorage.java:52] - Saved article: https://vnexpress.net/ong-lon-ha-tang-tp-hcm-muon-rot-8-5-ty-usd-go-nut-giao-thong-hang-xanh-4847824.html via JSON-LD+Tags
2025-05-14 15:36:22.714 INFO  [Worker-1] c.d.crawler.storage.ArticleStorage [ArticleStorage.java:52] - Saved article: https://vnexpress.net/ong-nguyen-van-nen-y-te-tp-hcm-tiep-can-trinh-do-mot-so-nuoc-tien-tien-4854038.html via JSON-LD+Tags
2025-05-14 15:36:22.867 INFO  [Worker-4] c.d.crawler.storage.ArticleStorage [ArticleStorage.java:52] - Saved article: https://vnexpress.net/dien-mao-do-thi-doc-metro-ben-thanh-suoi-tien-thay-doi-sau-10-nam-4835580.html via JSON-LD+Tags
2025-05-14 15:36:23.636 INFO  [Worker-0] c.d.crawler.storage.ArticleStorage [ArticleStorage.java:52] - Saved article: https://vnexpress.net/tp-hcm-xay-hai-cay-cau-o-nut-giao-cua-ngo-cang-cat-lai-4861179.html via JSON-LD+Tags
2025-05-14 15:36:23.947 INFO  [Worker-0] c.d.crawler.storage.ArticleStorage [ArticleStorage.java:52] - Saved article: https://vnexpress.net/5-cong-trinh-duoc-xep-hang-di-tich-o-tp-hcm-4819156.html via JSON-LD+Tags
2025-05-14 15:36:24.134 INFO  [Worker-1] c.d.crawler.storage.ArticleStorage [ArticleStorage.java:52] - Saved article: https://vnexpress.net/duong-huyet-mach-cua-ngo-tp-hcm-sau-khi-mo-rong-gap-3-lan-4832272.html via JSON-LD+Tags
2025-05-14 15:36:24.183 INFO  [Worker-4] c.d.crawler.storage.ArticleStorage [ArticleStorage.java:52] - Saved article: https://vnexpress.net/phuong-an-giam-8-so-5-co-quan-hanh-chinh-o-tp-hcm-4823740.html via JSON-LD+Tags
2025-05-14 15:36:24.365 INFO  [Worker-5] c.d.crawler.storage.ArticleStorage [ArticleStorage.java:52] - Saved article: https://vnexpress.net/quan-rooftop-ngam-metro-hut-khach-tai-tp-hcm-4835127.html via JSON-LD+Tags
2025-05-14 15:36:25.257 INFO  [Worker-3] c.d.crawler.storage.ArticleStorage [ArticleStorage.java:52] - Saved article: https://vnexpress.net/duong-huyet-mach-noi-tp-hcm-voi-mien-tay-tac-vi-8-can-nha-4820690.html via JSON-LD+Tags
2025-05-14 15:36:25.506 INFO  [Worker-5] c.d.crawler.storage.ArticleStorage [ArticleStorage.java:52] - Saved article: https://vnexpress.net/de-xuat-chi-1-850-ty-dong-xay-nha-thi-dau-phan-dinh-phung-4819642.html via JSON-LD+Tags
2025-05-14 15:36:25.717 INFO  [Worker-2] c.d.crawler.storage.ArticleStorage [ArticleStorage.java:52] - Saved article: https://vnexpress.net/xe-may-van-thinh-hanh-20-nam-nua-4823645.html via JSON-LD+Tags
2025-05-14 15:36:26.495 INFO  [Worker-1] c.d.crawler.storage.ArticleStorage [ArticleStorage.java:52] - Saved article: https://dantri.com.vn/xa-hoi/hanh-trinh-5-nam-doi-don-cau-cuu-tim-loi-di-cua-cuu-binh-90-tuoi-20250510103022351.htm via JSON-LD+Tags
2025-05-14 15:36:26.534 INFO  [Worker-5] c.d.crawler.storage.ArticleStorage [ArticleStorage.java:52] - Saved article: https://dantri.com.vn/xa-hoi/chinh-thuc-thao-do-tuong-rao-mo-loi-di-cho-gia-dinh-cuu-binh-90-tuoi-20250509085947264.htm via JSON-LD+Tags
2025-05-14 15:36:26.545 INFO  [Worker-0] c.d.crawler.storage.ArticleStorage [ArticleStorage.java:52] - Saved article: https://dantri.com.vn/xa-hoi/quyet-dinh-cuong-che-thu-hoi-dat-mo-loi-di-cho-gia-dinh-cuu-binh-90-tuoi-20250506110843757.htm via JSON-LD+Tags
2025-05-14 15:36:26.568 INFO  [Worker-2] c.d.crawler.storage.ArticleStorage [ArticleStorage.java:52] - Saved article: https://dantri.com.vn/xa-hoi/se-cuong-che-de-mo-lai-loi-di-cho-gia-dinh-cuu-chien-binh-90-tuoi-20250423102824559.htm via JSON-LD+Tags
2025-05-14 15:36:26.759 INFO  [Worker-1] c.d.crawler.storage.ArticleStorage [ArticleStorage.java:52] - Saved article: https://dantri.com.vn/xa-hoi/vu-gia-dinh-cuu-binh-90-tuoi-bi-bit-loi-di-bi-thu-tinh-uy-chi-dao-nong-20250421150907684.htm via JSON-LD+Tags
2025-05-14 15:36:26.839 INFO  [Worker-5] c.d.crawler.storage.ArticleStorage [ArticleStorage.java:52] - Saved article: https://dantri.com.vn/xa-hoi/se-lay-lai-loi-di-cho-gia-dinh-cuu-binh-90-tuoi-trong-thoi-gian-som-nhat-20250403133229816.htm via JSON-LD+Tags
2025-05-14 15:36:26.883 INFO  [Worker-3] c.d.crawler.storage.ArticleStorage [ArticleStorage.java:52] - Saved article: https://dantri.com.vn/xa-hoi/cuu-binh-90-tuoi-bi-bit-loi-di-dau-dau-chet-khong-co-duong-dua-tang-20250402073639580.htm via JSON-LD+Tags
2025-05-14 15:36:27.027 INFO  [Worker-1] c.d.crawler.storage.ArticleStorage [ArticleStorage.java:52] - Saved article: https://dantri.com.vn/xa-hoi/vu-gia-dinh-cuu-binh-90-tuoi-bi-bit-loi-di-vi-dau-nen-noi-20250328090622071.htm via JSON-LD+Tags
2025-05-14 15:36:28.159 INFO  [Worker-5] c.d.crawler.storage.ArticleStorage [ArticleStorage.java:52] - Saved article: https://tienphong.vn/hanh-trinh-11-nam-cua-tinh-than-bat-diet-tren-duong-chay-tien-phong-marathon-post1730230.tpo via JSON-LD+Tags
2025-05-14 15:36:28.167 INFO  [Worker-4] c.d.crawler.storage.ArticleStorage [ArticleStorage.java:52] - Saved article: https://tienphong.vn/50-nam-ngay-thong-nhat-va-chuyen-ve-nhung-buoc-chay-tu-do-cua-vdv-73-tuoi-post1731243.tpo via JSON-LD+Tags
2025-05-14 15:36:28.173 INFO  [Worker-0] c.d.crawler.storage.ArticleStorage [ArticleStorage.java:52] - Saved article: https://tienphong.vn/tien-phong-marathon-2025-va-gia-tri-bat-bien-cua-mot-giai-dau-dinh-cao-post1730050.tpo via JSON-LD+Tags
2025-05-14 15:36:28.183 INFO  [Worker-1] c.d.crawler.storage.ArticleStorage [ArticleStorage.java:52] - Saved article: https://tienphong.vn/anh-nong-dan-khien-tuyen-quang-no-may-no-mat-o-giai-vdqg-marathon-va-cu-ly-dai-bao-tien-phong-post1731208.tpo via JSON-LD+Tags
2025-05-14 15:36:28.183 INFO  [Worker-3] c.d.crawler.storage.ArticleStorage [ArticleStorage.java:52] - Saved article: https://tienphong.vn/nguyen-trung-cuong-cam-on-ban-than-da-khong-bo-cuoc-tai-tien-phong-marathon-2025-post1730236.tpo via JSON-LD+Tags
2025-05-14 15:36:28.203 INFO  [Worker-2] c.d.crawler.storage.ArticleStorage [ArticleStorage.java:52] - Saved article: https://tienphong.vn/hanh-trinh-cua-mot-chien-binh-post1729860.tpo via JSON-LD+Tags
2025-05-14 15:36:28.450 INFO  [Worker-5] c.d.crawler.storage.ArticleStorage [ArticleStorage.java:52] - Saved article: https://tienphong.vn/gian-nan-moi-co-khai-hoan-post1730041.tpo via JSON-LD+Tags
2025-05-14 15:36:28.457 INFO  [Worker-4] c.d.crawler.storage.ArticleStorage [ArticleStorage.java:52] - Saved article: https://tienphong.vn/di-chay-de-them-yeu-to-quoc-post1729986.tpo via JSON-LD+Tags
2025-05-14 15:36:28.496 INFO  [Worker-3] c.d.crawler.storage.ArticleStorage [ArticleStorage.java:52] - Saved article: https://tienphong.vn/lan-dau-trong-lich-su-37-nam-hoa-hau-viet-nam-dong-hanh-cung-tien-phong-marathon-post1729393.tpo via JSON-LD+Tags
2025-05-14 15:36:28.499 INFO  [Worker-0] c.d.crawler.storage.ArticleStorage [ArticleStorage.java:52] - Saved article: https://tienphong.vn/nhung-hinh-anh-an-tuong-tai-tien-phong-marathon-2025-post1729821.tpo via JSON-LD+Tags
2025-05-14 15:36:28.510 INFO  [Worker-2] c.d.crawler.storage.ArticleStorage [ArticleStorage.java:52] - Saved article: https://tienphong.vn/nu-hon-tren-duong-chay-tien-phong-marathon-2025-cua-cap-doi-hdbank-runners-post1729550.tpo via JSON-LD+Tags
2025-05-14 15:36:28.534 INFO  [Worker-1] c.d.crawler.storage.ArticleStorage [ArticleStorage.java:52] - Saved article: https://tienphong.vn/xom-nho-nha-toi-o-do-runner-chay-ngang-qua-post1729699.tpo via JSON-LD+Tags
2025-05-14 15:36:28.746 INFO  [Worker-5] c.d.crawler.storage.ArticleStorage [ArticleStorage.java:52] - Saved article: https://tienphong.vn/co-gai-nho-tuoi-nhat-can-dich-dau-tien-o-tien-phong-marathon-2025-trong-top-41-hoa-hau-viet-nam-post1729557.tpo via JSON-LD+Tags
2025-05-14 15:36:28.755 INFO  [Worker-4] c.d.crawler.storage.ArticleStorage [ArticleStorage.java:52] - Saved article: https://tienphong.vn/thi-sinh-hoa-hau-viet-nam-rang-ngoi-tren-duong-chay-tien-phong-marathon-o-quang-tri-post1729539.tpo via JSON-LD+Tags
2025-05-14 15:36:28.817 INFO  [Worker-0] c.d.crawler.storage.ArticleStorage [ArticleStorage.java:52] - Saved article: https://tienphong.vn/do-thi-ha-ngoc-thao-rang-ro-tai-tien-phong-marathon-2025-bat-chap-mua-lanh-post1729516.tpo via JSON-LD+Tags
2025-05-14 15:36:28.845 INFO  [Worker-2] c.d.crawler.storage.ArticleStorage [ArticleStorage.java:52] - Saved article: https://tienphong.vn/tien-phong-marathon-2025-rang-ro-khoanh-khac-chien-thang-post1729500.tpo via JSON-LD+Tags
2025-05-14 15:36:28.853 INFO  [Worker-3] c.d.crawler.storage.ArticleStorage [ArticleStorage.java:52] - Saved article: https://tienphong.vn/top-41-hoa-hau-viet-nam-chinh-phuc-cu-ly-chay-dong-hanh-tien-phong-marathon-2025-post1729514.tpo via JSON-LD+Tags
2025-05-14 15:36:28.862 INFO  [Worker-1] c.d.crawler.storage.ArticleStorage [ArticleStorage.java:52] - Saved article: https://tienphong.vn/muon-tranh-huy-chuong-vang-sea-games-33-cu-ly-marathon-can-cai-thien-them-thanh-tich-post1729499.tpo via JSON-LD+Tags
2025-05-14 15:36:29.087 INFO  [Worker-4] c.d.crawler.storage.ArticleStorage [ArticleStorage.java:52] - Saved article: https://tienphong.vn/hoang-nguyen-thanh-danh-tang-chuc-vo-dich-tien-phong-marathon-cho-con-trai-sap-chao-doi-post1729474.tpo via JSON-LD+Tags
2025-05-14 15:36:29.099 INFO  [Worker-5] c.d.crawler.storage.ArticleStorage [ArticleStorage.java:52] - Saved article: https://tienphong.vn/nhung-hinh-anh-doc-dao-chi-co-tai-tien-phong-marathon-post1729470.tpo via JSON-LD+Tags
2025-05-14 15:36:29.136 INFO  [Worker-0] c.d.crawler.storage.ArticleStorage [ArticleStorage.java:52] - Saved article: https://tienphong.vn/tien-phong-marathon-2025-duong-chay-cua-tinh-yeu-post1729454.tpo via JSON-LD+Tags
2025-05-14 15:36:29.195 INFO  [Worker-1] c.d.crawler.storage.ArticleStorage [ArticleStorage.java:52] - Saved article: https://tienphong.vn/tien-phong-marathon-2025-ngoc-hoa-qua-xuat-sac-le-thi-tuyet-roi-top-ba-post1729422.tpo via JSON-LD+Tags
2025-05-14 15:36:29.203 INFO  [Worker-2] c.d.crawler.storage.ArticleStorage [ArticleStorage.java:52] - Saved article: https://tienphong.vn/khanh-hoa-dang-cai-giai-vo-dich-quoc-gia-marathon-va-cu-ly-dai-bao-tien-phong-lan-thu-67-nam-2026-post1729429.tpo via JSON-LD+Tags
2025-05-14 15:36:29.212 INFO  [Worker-3] c.d.crawler.storage.ArticleStorage [ArticleStorage.java:52] - Saved article: https://tienphong.vn/nha-vo-dich-tien-phong-marathon-9-lan-lien-tiep-nguyen-thi-oanh-noi-gi-sau-khi-noi-dai-ky-luc-post1729436.tpo via JSON-LD+Tags
2025-05-14 15:36:29.397 INFO  [Worker-0] c.d.crawler.storage.ArticleStorage [ArticleStorage.java:52] - Saved article: https://tienphong.vn/tien-phong-marathon-2025-do-quoc-luat-noi-dai-ky-luc-11-lan-vo-dich-lien-tiep-post1729421.tpo via JSON-LD+Tags
2025-05-14 15:36:29.452 INFO  [Worker-5] c.d.crawler.storage.ArticleStorage [ArticleStorage.java:52] - Saved article: https://tienphong.vn/tien-phong-marathon-2025-khong-co-cu-soc-hoang-nguyen-thanh-but-pha-va-chien-thang-mot-lan-nua-post1729427.tpo via JSON-LD+Tags
2025-05-14 15:36:29.458 INFO  [Worker-4] c.d.crawler.storage.ArticleStorage [ArticleStorage.java:52] - Saved article: https://tienphong.vn/sabeco-va-hanh-trinh-5-nam-lien-tiep-dong-hanh-cung-tien-phong-marathon-post1729372.tpo via JSON-LD+Tags
2025-05-14 15:36:29.538 INFO  [Worker-2] c.d.crawler.storage.ArticleStorage [ArticleStorage.java:52] - Saved article: https://tienphong.vn/runner-73-tuoi-lan-thu-5-lien-tiep-chinh-phuc-cu-ly-42195km-tai-tien-phong-marathon-post1729347.tpo via JSON-LD+Tags
2025-05-14 15:36:29.568 INFO  [Worker-3] c.d.crawler.storage.ArticleStorage [ArticleStorage.java:52] - Saved article: https://tienphong.vn/agribank-va-hanh-trinh-khong-de-ai-bi-bo-lai-phia-sau-post1729333.tpo via JSON-LD+Tags
2025-05-14 15:36:29.615 INFO  [Worker-1] c.d.crawler.storage.ArticleStorage [ArticleStorage.java:52] - Saved article: https://tienphong.vn/tinh-than-vuot-nang-thang-mua-tren-duong-chay-tien-phong-marathon-post1729400.tpo via JSON-LD+Tags
2025-05-14 15:36:29.779 INFO  [Worker-0] c.d.crawler.storage.ArticleStorage [ArticleStorage.java:52] - Saved article: https://tienphong.vn/top-41-hoa-hau-viet-nam-mac-ao-co-do-sao-vang-du-le-thuong-co-tai-hien-luong-ben-hai-post1729285.tpo via JSON-LD+Tags
2025-05-14 15:36:29.780 INFO  [Worker-4] c.d.crawler.storage.ArticleStorage [ArticleStorage.java:52] - Saved article: https://tienphong.vn/voi-niem-tu-hao-trao-dang-cac-van-dong-vien-se-tao-nen-mot-ngay-thi-dau-bung-no-post1729329.tpo via JSON-LD+Tags
2025-05-14 15:36:29.781 INFO  [Worker-5] c.d.crawler.storage.ArticleStorage [ArticleStorage.java:52] - Saved article: https://tienphong.vn/do-thi-ha-ngoc-thao-cung-top-41-hoa-hau-viet-nam-2024-rang-ro-ben-la-co-to-quoc-post1729289.tpo via JSON-LD+Tags
2025-05-14 15:36:29.852 INFO  [Worker-2] c.d.crawler.storage.ArticleStorage [ArticleStorage.java:52] - Saved article: https://tienphong.vn/5-nam-dong-hanh-cung-tien-phong-marathon-va-nhung-thong-diep-y-nghia-cua-herbalife-viet-nam-post1729318.tpo via JSON-LD+Tags
2025-05-14 15:36:29.870 INFO  [Worker-3] c.d.crawler.storage.ArticleStorage [ArticleStorage.java:52] - Saved article: https://tienphong.vn/bao-tien-phong-khoi-cong-xay-dung-10-can-nha-tang-cuu-thanh-nien-xung-phong-va-ho-gia-dinh-co-hoan-canh-kho-khan-post1729260.tpo via JSON-LD+Tags
2025-05-14 15:36:30.134 INFO  [Worker-3] c.d.crawler.storage.ArticleStorage [ArticleStorage.java:52] - Saved article: https://vietnamnet.vn/en/buddha-s-sacred-relics-inspire-mass-pilgrimage-to-hanoi-temple-2400978.html via JSON-LD+Tags
2025-05-14 15:36:30.147 INFO  [Worker-1] c.d.crawler.storage.ArticleStorage [ArticleStorage.java:52] - Saved article: https://vietnamnet.vn/en/pi-coin-volatility-sparks-fears-of-manipulation-and-hype-traps-2401026.html via JSON-LD+Tags
2025-05-14 15:36:30.400 INFO  [Worker-0] c.d.crawler.storage.ArticleStorage [ArticleStorage.java:52] - Saved article: https://vietnamnet.vn/en/tan-son-nhat-terminal-t3-to-serve-all-vietnam-airlines-domestic-flights-2401029.html via JSON-LD+Tags
2025-05-14 15:36:30.400 INFO  [Worker-5] c.d.crawler.storage.ArticleStorage [ArticleStorage.java:52] - Saved article: https://vietnamnet.vn/en/nearly-30-000-hanoi-students-face-public-high-school-shortage-2401023.html via JSON-LD+Tags
2025-05-14 15:36:30.411 INFO  [Worker-2] c.d.crawler.storage.ArticleStorage [ArticleStorage.java:52] - Saved article: https://vietnamnet.vn/en/vietnam-faces-highly-unpredictable-storm-season-in-2025-2401020.html via JSON-LD+Tags
2025-05-14 15:36:30.411 INFO  [Worker-4] c.d.crawler.storage.ArticleStorage [ArticleStorage.java:52] - Saved article: https://vietnamnet.vn/en/ethnic-tho-woman-sets-aside-city-job-to-revive-barren-forests-in-her-hometown-2400846.html via JSON-LD+Tags
2025-05-14 15:36:30.623 INFO  [Worker-3] c.d.crawler.storage.ArticleStorage [ArticleStorage.java:52] - Saved article: https://vietnamnet.vn/en/northern-vietnam-s-rare-crab-delicacy-rich-sweet-tastier-than-field-crab-2400844.html via JSON-LD+Tags
2025-05-14 15:36:30.632 INFO  [Worker-1] c.d.crawler.storage.ArticleStorage [ArticleStorage.java:52] - Saved article: https://vietnamnet.vn/en/vietnamese-experts-from-abroad-propose-bold-hcmc-talent-plan-2400545.html via JSON-LD+Tags
2025-05-14 15:36:30.877 INFO  [Worker-5] c.d.crawler.storage.ArticleStorage [ArticleStorage.java:52] - Saved article: https://vietnamnet.vn/en/vietnam-s-livestock-powerhouses-chase-billion-dollar-growth-2400994.html via JSON-LD+Tags
2025-05-14 15:36:30.890 INFO  [Worker-2] c.d.crawler.storage.ArticleStorage [ArticleStorage.java:52] - Saved article: https://vietnamnet.vn/en/protection-teams-walk-tens-of-kilometers-daily-to-protect-forests-2400529.html via JSON-LD+Tags
2025-05-14 15:36:30.907 INFO  [Worker-0] c.d.crawler.storage.ArticleStorage [ArticleStorage.java:52] - Saved article: https://vietnamnet.vn/en/cybersecurity-readiness-of-vietnamese-enterprises-at-alarming-level-survey-2400532.html via JSON-LD+Tags
2025-05-14 15:36:30.943 INFO  [Worker-4] c.d.crawler.storage.ArticleStorage [ArticleStorage.java:52] - Saved article: https://vietnamnet.vn/en/former-food-safety-chief-arrested-over-bribery-in-vietnam-supplement-scandal-2400869.html via JSON-LD+Tags
2025-05-14 15:36:31.228 INFO  [Worker-1] c.d.crawler.storage.ArticleStorage [ArticleStorage.java:52] - Saved article: https://vietnamnet.vn/en/buddha-s-relic-paraded-around-hoan-kiem-lake-for-first-time-in-vietnam-2400962.html via JSON-LD+Tags
2025-05-14 15:36:31.250 INFO  [Worker-3] c.d.crawler.storage.ArticleStorage [ArticleStorage.java:52] - Saved article: https://vietnamnet.vn/en/buddha-relic-welcomed-to-hanoi-s-quan-su-pagoda-for-public-veneration-2400870.html via JSON-LD+Tags
2025-05-14 15:36:31.295 INFO  [Worker-0] c.d.crawler.storage.ArticleStorage [ArticleStorage.java:52] - Saved article: https://vietnamnet.vn/en/finance-minister-addresses-new-anti-money-laundering-phrase-beneficial-owner-2400534.html via JSON-LD+Tags
2025-05-14 15:36:31.301 INFO  [Worker-4] c.d.crawler.storage.ArticleStorage [ArticleStorage.java:52] - Saved article: https://vietnamnet.vn/en/children-in-belarus-gift-portrait-to-madam-ngo-phuong-ly-2400868.html via JSON-LD+Tags
2025-05-14 15:36:31.320 INFO  [Worker-5] c.d.crawler.storage.ArticleStorage [ArticleStorage.java:52] - Saved article: https://vietnamnet.vn/en/stricter-regulations-needed-for-misleading-advertising-2400549.html via JSON-LD+Tags
2025-05-14 15:36:31.367 INFO  [Worker-2] c.d.crawler.storage.ArticleStorage [ArticleStorage.java:52] - Saved article: https://vietnamnet.vn/en/vietnam-belarus-forge-new-tech-ties-in-digital-transformation-2400959.html via JSON-LD+Tags
2025-05-14 15:36:31.543 INFO  [Worker-3] c.d.crawler.storage.ArticleStorage [ArticleStorage.java:52] - Saved article: https://vietnamnet.vn/en/vietnam-us-push-for-balanced-trade-2400864.html via JSON-LD+Tags
2025-05-14 15:36:31.617 INFO  [Worker-5] c.d.crawler.storage.ArticleStorage [ArticleStorage.java:52] - Saved article: https://tienphong.vn/hoa-hau-viet-nam-2024-khan-gia-co-cau-hoi-duoc-su-dung-thi-ung-xu-nhan-thuong-5-trieu-dong-post1742014.tpo via JSON-LD+Tags
2025-05-14 15:36:31.713 INFO  [Worker-1] c.d.crawler.storage.ArticleStorage [ArticleStorage.java:52] - Saved article: https://vietnamnet.vn/en/connect-with-vietnam-helps-boost-vietnamese-investment-in-us-2398978.html via JSON-LD+Tags
2025-05-14 15:36:31.722 INFO  [Worker-0] c.d.crawler.storage.ArticleStorage [ArticleStorage.java:52] - Saved article: https://tienphong.vn/nhan-sac-thi-sinh-so-huu-chieu-cao-an-tuong-nhat-top-25-hoa-hau-viet-nam-2024-post1741427.tpo via JSON-LD+Tags
2025-05-14 15:36:31.730 INFO  [Worker-4] c.d.crawler.storage.ArticleStorage [ArticleStorage.java:52] - Saved article: https://vietnamnet.vn/en/outstanding-scientific-products-solutions-published-on-national-portal-2400865.html via JSON-LD+Tags
2025-05-14 15:36:31.769 INFO  [Worker-2] c.d.crawler.storage.ArticleStorage [ArticleStorage.java:52] - Saved article: https://tienphong.vn/ngam-nhan-sac-ruc-ro-cua-top-25-hoa-hau-viet-nam-2024-trong-trang-phuc-da-hoi-post1741144.tpo via JSON-LD+Tags
2025-05-14 15:36:31.857 INFO  [Worker-3] c.d.crawler.storage.ArticleStorage [ArticleStorage.java:52] - Saved article: https://vietnamnet.vn/en/ha-giang-hoi-an-among-world-s-most-beautiful-places-time-out-2400368.html via JSON-LD+Tags
2025-05-14 15:36:31.889 INFO  [Worker-5] c.d.crawler.storage.ArticleStorage [ArticleStorage.java:52] - Saved article: https://tienphong.vn/top-25-thi-sinh-hoa-hau-viet-nam-2024-dep-long-lay-trong-trang-phuc-da-hoi-post1741142.tpo via JSON-LD+Tags
2025-05-14 15:36:32.056 INFO  [Worker-0] c.d.crawler.storage.ArticleStorage [ArticleStorage.java:52] - Saved article: https://tienphong.vn/lo-dien-25-thi-sinh-lot-vao-vong-chung-ket-toan-quoc-hoa-hau-viet-nam-2024-post1741127.tpo via JSON-LD+Tags
2025-05-14 15:36:32.072 INFO  [Worker-4] c.d.crawler.storage.ArticleStorage [ArticleStorage.java:52] - Saved article: https://vietnamnet.vn/en/vietnam-again-dominate-regional-wrestling-championships-2400367.html via JSON-LD+Tags
2025-05-14 15:36:32.104 INFO  [Worker-3] c.d.crawler.storage.ArticleStorage [ArticleStorage.java:52] - Saved article: https://tienphong.vn/thi-sinh-hoa-hau-viet-nam-cam-on-vi-du-met-moi-toi-cung-khong-tu-bo-post1740955.tpo via JSON-LD+Tags
2025-05-14 15:36:32.118 INFO  [Worker-1] c.d.crawler.storage.ArticleStorage [ArticleStorage.java:52] - Saved article: https://vietnamnet.vn/en/paris-event-underscores-growing-potential-for-francevietnam-travel-2400862.html via JSON-LD+Tags
2025-05-14 15:36:32.158 INFO  [Worker-5] c.d.crawler.storage.ArticleStorage [ArticleStorage.java:52] - Saved article: https://vietnamnet.vn/en/vietnam-prioritises-tech-and-innovation-for-growth-2400670.html via JSON-LD+Tags
2025-05-14 15:36:32.336 INFO  [Worker-0] c.d.crawler.storage.ArticleStorage [ArticleStorage.java:52] - Saved article: https://tienphong.vn/tuyet-pham-bung-lua-trong-man-catwalk-o-hoa-hau-viet-nam-2024-post1741035.tpo via JSON-LD+Tags
2025-05-14 15:36:32.381 INFO  [Worker-4] c.d.crawler.storage.ArticleStorage [ArticleStorage.java:52] - Saved article: https://tienphong.vn/cam-xuc-nguyen-ban-khong-the-lap-lai-o-hoa-hau-viet-nam-2024-post1741037.tpo via JSON-LD+Tags
2025-05-14 15:36:32.482 INFO  [Worker-3] c.d.crawler.storage.ArticleStorage [ArticleStorage.java:52] - Saved article: https://vietnamnet.vn/en/banks-cut-staff-transaction-branches-amid-digital-promotion-2400659.html via JSON-LD+Tags
2025-05-14 15:36:32.484 INFO  [Worker-2] c.d.crawler.storage.ArticleStorage [ArticleStorage.java:52] - Saved article: https://vietnamnet.vn/en/land-access-crisis-keeps-vietnamese-businesses-stuck-in-limbo-2400578.html via JSON-LD+Tags
2025-05-14 15:36:32.527 INFO  [Worker-5] c.d.crawler.storage.ArticleStorage [ArticleStorage.java:52] - Saved article: https://tienphong.vn/ai-vao-chung-ket-hoa-hau-viet-nam-2024-post1740913.tpo via JSON-LD+Tags
2025-05-14 15:36:32.543 INFO  [Worker-1] c.d.crawler.storage.ArticleStorage [ArticleStorage.java:52] - Saved article: https://vietnamnet.vn/en/vietnamese-architect-honoured-with-divia-2025-2400366.html via JSON-LD+Tags
2025-05-14 15:36:32.636 INFO  [Worker-0] c.d.crawler.storage.ArticleStorage [ArticleStorage.java:52] - Saved article: https://vietnamnet.vn/en/imported-cars-outsell-domestic-as-vietnam-s-auto-market-cools-in-april-2400655.html via JSON-LD+Tags
2025-05-14 15:36:32.673 INFO  [Worker-4] c.d.crawler.storage.ArticleStorage [ArticleStorage.java:52] - Saved article: https://tienphong.vn/thi-sinh-hoa-hau-viet-nam-2024-thuc-hien-du-an-cong-dong-o-tap-4-show-thuc-te-post1739387.tpo via JSON-LD+Tags
2025-05-14 15:36:32.813 INFO  [Worker-5] c.d.crawler.storage.ArticleStorage [ArticleStorage.java:52] - Saved article: https://tienphong.vn/thi-sinh-hoa-hau-viet-nam-don-rac-duoi-kenh-rach-lang-post1739191.tpo via JSON-LD+Tags
2025-05-14 15:36:32.865 INFO  [Worker-2] c.d.crawler.storage.ArticleStorage [ArticleStorage.java:52] - Saved article: https://vietnamnet.vn/en/vietnam-to-manage-only-state-capital-in-enterprises-not-operations-2400654.html via JSON-LD+Tags
2025-05-14 15:36:32.867 INFO  [Worker-3] c.d.crawler.storage.ArticleStorage [ArticleStorage.java:52] - Saved article: https://tienphong.vn/nguoi-dep-xu-hue-dip-nghi-le-duoc-ve-nha-la-hanh-phuc-post1738482.tpo via JSON-LD+Tags
2025-05-14 15:36:32.868 INFO  [Worker-1] c.d.crawler.storage.ArticleStorage [ArticleStorage.java:52] - Saved article: https://vietnamnet.vn/en/vietnamese-businesses-build-digital-storefronts-to-cut-e-commerce-reliance-2400639.html via JSON-LD+Tags
2025-05-14 15:36:33.148 INFO  [Worker-5] c.d.crawler.storage.ArticleStorage [ArticleStorage.java:52] - Saved article: https://tienphong.vn/hai-nguoi-dep-dan-toc-tay-o-hoa-hau-viet-nam-2024-post1738874.tpo via JSON-LD+Tags
2025-05-14 15:36:33.481 INFO  [Worker-5] c.d.crawler.storage.ArticleStorage [ArticleStorage.java:52] - Saved article: https://tienphong.vn/thi-sinh-hoa-hau-viet-nam-va-cau-chuyen-trong-dip-dai-le-304-post1738387.tpo via JSON-LD+Tags
2025-05-14 15:36:33.767 INFO  [Worker-1] c.d.crawler.storage.ArticleStorage [ArticleStorage.java:52] - Saved article: https://tienphong.vn/hao-khi-dat-lua-trong-tap-3-cua-show-truyen-hinh-thuc-te-hoa-hau-viet-nam-2024-post1738476.tpo via JSON-LD+Tags
2025-05-14 15:36:33.772 INFO  [Worker-2] c.d.crawler.storage.ArticleStorage [ArticleStorage.java:52] - Saved article: https://tienphong.vn/nguoi-dep-ha-tinh-xuc-dong-khi-duoc-gap-cac-nhan-chung-lich-su-post1738105.tpo via JSON-LD+Tags
2025-05-14 15:36:33.773 INFO  [Worker-3] c.d.crawler.storage.ArticleStorage [ArticleStorage.java:52] - Saved article: https://tienphong.vn/thi-sinh-hoa-hau-viet-nam-tu-hao-co-bo-la-quan-nhan-post1738429.tpo via JSON-LD+Tags
2025-05-14 15:36:33.855 INFO  [Worker-5] c.d.crawler.storage.ArticleStorage [ArticleStorage.java:52] - Saved article: https://tienphong.vn/thi-sinh-hoa-hau-viet-nam-tap-cham-non-la-dan-tret-post1737957.tpo via JSON-LD+Tags
2025-05-14 15:36:34.020 INFO  [Worker-1] c.d.crawler.storage.ArticleStorage [ArticleStorage.java:52] - Saved article: https://tienphong.vn/thi-sinh-hoa-hau-viet-nam-doc-thu-cua-liet-si-le-van-huynh-gay-xuc-dong-post1737819.tpo via JSON-LD+Tags
2025-05-14 15:36:34.041 INFO  [Worker-2] c.d.crawler.storage.ArticleStorage [ArticleStorage.java:52] - Saved article: https://tienphong.vn/thi-sinh-hoa-hau-viet-nam-bat-trend-chu-de-yeu-nuoc-post1737616.tpo via JSON-LD+Tags
2025-05-14 15:36:34.069 INFO  [Worker-3] c.d.crawler.storage.ArticleStorage [ArticleStorage.java:52] - Saved article: https://tienphong.vn/thi-sinh-hoa-hau-viet-nam-tham-du-diem-cau-vang-mai-khuc-khai-hoan-tai-ha-noi-post1737883.tpo via JSON-LD+Tags
2025-05-14 15:36:34.100 INFO  [Worker-4] c.d.crawler.storage.ArticleStorage [ArticleStorage.java:52] - Saved article: https://tienphong.vn/thi-sinh-hoa-hau-viet-nam-khoc-o-thanh-co-quang-tri-post1737441.tpo via JSON-LD+Tags
2025-05-14 15:36:34.148 INFO  [Worker-5] c.d.crawler.storage.ArticleStorage [ArticleStorage.java:52] - Saved article: https://tienphong.vn/hinh-anh-lan-dau-co-o-hoa-hau-viet-nam-2024-post1736117.tpo via JSON-LD+Tags
2025-05-14 15:36:34.177 INFO  [Worker-0] c.d.crawler.storage.ArticleStorage [ArticleStorage.java:52] - Saved article: https://tienphong.vn/thi-sinh-hoa-hau-viet-nam-tu-hao-tham-du-cau-truyen-hinh-vang-mai-khuc-khai-hoan-post1737943.tpo via JSON-LD+Tags
2025-05-14 15:36:34.315 INFO  [Worker-2] c.d.crawler.storage.ArticleStorage [ArticleStorage.java:52] - Saved article: https://tienphong.vn/goc-nghieng-cua-hoa-hau-thanh-thuy-post1736014.tpo via JSON-LD+Tags
2025-05-14 15:36:34.393 INFO  [Worker-1] c.d.crawler.storage.ArticleStorage [ArticleStorage.java:52] - Saved article: https://tienphong.vn/su-khac-biet-trong-man-ho-ten-cua-top-41-hoa-hau-viet-nam-2024-tai-dem-chung-khao-post1735956.tpo via JSON-LD+Tags
2025-05-14 15:36:34.394 INFO  [Worker-5] c.d.crawler.storage.ArticleStorage [ArticleStorage.java:52] - Saved article: https://tienphong.vn/khan-gia-nhan-xet-ve-dem-chung-khao-hoa-hau-viet-nam-2024-post1735758.tpo via JSON-LD+Tags
2025-05-14 15:36:34.397 INFO  [Worker-3] c.d.crawler.storage.ArticleStorage [ArticleStorage.java:52] - Saved article: https://tienphong.vn/thi-sinh-hoa-hau-viet-nam-goi-cam-post1735878.tpo via JSON-LD+Tags
2025-05-14 15:36:34.410 INFO  [Worker-4] c.d.crawler.storage.ArticleStorage [ArticleStorage.java:52] - Saved article: https://tienphong.vn/thi-sinh-hoa-hau-viet-nam-2024-dien-ao-dai-trong-man-ho-ten-post1735778.tpo via JSON-LD+Tags
2025-05-14 15:36:34.486 INFO  [Worker-0] c.d.crawler.storage.ArticleStorage [ArticleStorage.java:52] - Saved article: https://tienphong.vn/nguoi-than-ke-thi-sinh-hoa-hau-viet-nam-di-cay-lua-chan-bo-post1735747.tpo via JSON-LD+Tags
2025-05-14 15:36:34.611 INFO  [Worker-2] c.d.crawler.storage.ArticleStorage [ArticleStorage.java:52] - Saved article: https://tienphong.vn/toan-canh-san-khau-dem-chung-khao-hoa-hau-viet-nam-2024-post1735616.tpo via JSON-LD+Tags
2025-05-14 15:36:34.727 INFO  [Worker-3] c.d.crawler.storage.ArticleStorage [ArticleStorage.java:52] - Saved article: https://tienphong.vn/thi-sinh-hoa-hau-viet-nam-2024-trinh-dien-trang-phuc-ao-tam-lay-cam-hung-tu-la-sen-post1735496.tpo via JSON-LD+Tags
2025-05-14 15:36:34.739 INFO  [Worker-1] c.d.crawler.storage.ArticleStorage [ArticleStorage.java:52] - Saved article: https://tienphong.vn/nhan-sac-long-lay-cua-top-41-hoa-hau-viet-nam-2024-trong-trang-phuc-da-hoi-post1735499.tpo via JSON-LD+Tags
2025-05-14 15:36:34.874 INFO  [Worker-2] c.d.crawler.storage.ArticleStorage [ArticleStorage.java:52] - Saved article: https://thanhnien.vn/tong-bi-thu-to-lam-co-hon-80-hoat-dong-trong-8-ngay-tham-kazakhstan-azerbaijan-nga-belarus-185250513132202658.htm via JSON-LD+Tags
2025-05-14 15:36:35.128 INFO  [Worker-0] c.d.crawler.storage.ArticleStorage [ArticleStorage.java:52] - Saved article: https://thanhnien.vn/thiet-lap-quan-he-doi-tac-chien-luoc-viet-nam-belarus-185250512190155443.htm via JSON-LD+Tags
2025-05-14 15:36:35.130 INFO  [Worker-3] c.d.crawler.storage.ArticleStorage [ArticleStorage.java:52] - Saved article: https://thanhnien.vn/doanh-nghiep-nha-nuoc-nao-cung-nhay-vao-bat-dong-san-thi-lai-chet-185250513114318395.htm via JSON-LD+Tags
2025-05-14 15:36:35.131 INFO  [Worker-4] c.d.crawler.storage.ArticleStorage [ArticleStorage.java:52] - Saved article: https://thanhnien.vn/rut-ngan-nhiem-ky-quoc-hoi-xv-bau-cu-som-de-kien-toan-nhan-su-cap-cao-185250512084607616.htm via JSON-LD+Tags
2025-05-14 15:36:35.139 INFO  [Worker-5] c.d.crawler.storage.ArticleStorage [ArticleStorage.java:52] - Saved article: https://thanhnien.vn/thu-tuong-sua-gia-thuoc-gia-do-buong-long-thieu-trach-nhiem-185250514105012136.htm via JSON-LD+Tags
2025-05-14 15:36:35.188 INFO  [Worker-2] c.d.crawler.storage.ArticleStorage [ArticleStorage.java:52] - Saved article: https://thanhnien.vn/vu-sua-gia-thuoc-gia-bo-y-te-noi-da-lam-het-trach-nhiem-185250506190624884.htm via JSON-LD+Tags
2025-05-14 15:36:35.399 INFO  [Worker-1] c.d.crawler.storage.ArticleStorage [ArticleStorage.java:52] - Saved article: https://thanhnien.vn/de-xuat-lap-khu-thuong-mai-tu-do-hai-phong-voi-loat-chinh-sach-sieu-uu-dai-185250513085347111.htm via JSON-LD+Tags
2025-05-14 15:36:35.452 INFO  [Worker-3] c.d.crawler.storage.ArticleStorage [ArticleStorage.java:52] - Saved article: https://thanhnien.vn/de-xuat-bo-quy-dinh-hdnd-bau-chu-tich-ubnd-185250514092015768.htm via JSON-LD+Tags
2025-05-14 15:36:35.509 INFO  [Worker-4] c.d.crawler.storage.ArticleStorage [ArticleStorage.java:52] - Saved article: https://thanhnien.vn/dia-phuong-boi-roi-xu-ly-tru-so-doi-du-sau-sap-nhap-185250513231413627.htm via JSON-LD+Tags
2025-05-14 15:36:35.528 INFO  [Worker-5] c.d.crawler.storage.ArticleStorage [ArticleStorage.java:52] - Saved article: https://thanhnien.vn/chi-dinh-chu-tich-tinh-xa-sau-sap-nhap-the-nao-185250504153345014.htm via JSON-LD+Tags
2025-05-14 15:36:35.643 INFO  [Worker-2] c.d.crawler.storage.ArticleStorage [ArticleStorage.java:52] - Saved article: https://thanhnien.vn/cong-chuc-vien-chuc-co-the-tham-gia-luc-luong-gin-giu-hoa-binh-185250513233147417.htm via JSON-LD+Tags
2025-05-14 15:36:35.693 INFO  [Worker-0] c.d.crawler.storage.ArticleStorage [ArticleStorage.java:52] - Saved article: https://thanhnien.vn/tong-bi-thu-uu-tien-cai-tao-tru-so-doi-du-lam-truong-hoc-co-so-y-te-185250417130030917.htm via JSON-LD+Tags
2025-05-14 15:36:35.748 INFO  [Worker-1] c.d.crawler.storage.ArticleStorage [ArticleStorage.java:52] - Saved article: https://thanhnien.vn/bo-quoc-phong-de-xuat-sua-11-luat-ve-quan-su-quoc-phong-185250513194933244.htm via JSON-LD+Tags
2025-05-14 15:36:35.769 INFO  [Worker-3] c.d.crawler.storage.ArticleStorage [ArticleStorage.java:52] - Saved article: https://thanhnien.vn/hai-phong-xung-danh-thanh-pho-anh-hung-185250513222659613.htm via JSON-LD+Tags
2025-05-14 15:36:35.954 INFO  [Worker-4] c.d.crawler.storage.ArticleStorage [ArticleStorage.java:52] - Saved article: https://thanhnien.vn/tru-so-hanh-chinh-gan-3000-ti-cua-hai-phong-hai-duong-sau-sap-nhap-185250511145950293.htm via JSON-LD+Tags
2025-05-14 15:36:36.018 INFO  [Worker-0] c.d.crawler.storage.ArticleStorage [ArticleStorage.java:52] - Saved article: https://thanhnien.vn/thu-tuong-de-nghi-cac-doanh-nghiep-lon-cua-my-ung-ho-thoa-thuan-thuong-mai-185250513171100006.htm via JSON-LD+Tags
2025-05-14 15:36:36.072 INFO  [Worker-2] c.d.crawler.storage.ArticleStorage [ArticleStorage.java:52] - Saved article: https://thanhnien.vn/sua-hien-phap-phai-dung-quy-trinh-vi-lien-quan-den-lay-y-kien-nhan-dan-185250505123258862.htm via JSON-LD+Tags
2025-05-14 15:36:36.120 INFO  [Worker-3] c.d.crawler.storage.ArticleStorage [ArticleStorage.java:52] - Saved article: https://thanhnien.vn/chu-tich-nuoc-bam-nut-khanh-thanh-ben-cang-container-quoc-te-tai-hai-phong-185250513170615966.htm via JSON-LD+Tags
2025-05-14 15:36:36.163 INFO  [Worker-5] c.d.crawler.storage.ArticleStorage [ArticleStorage.java:52] - Saved article: https://thanhnien.vn/tong-bi-thu-lay-y-kien-nhan-dan-ve-sua-hien-phap-phai-dan-chu-thuc-chat-185250513184524298.htm via JSON-LD+Tags
2025-05-14 15:36:36.174 INFO  [Worker-1] c.d.crawler.storage.ArticleStorage [ArticleStorage.java:52] - Saved article: https://thanhnien.vn/94-doanh-nghiep-my-tin-viet-nam-la-noi-tot-de-kinh-doanh-185250228075928286.htm via JSON-LD+Tags
2025-05-14 15:36:36.404 INFO  [Worker-4] c.d.crawler.storage.ArticleStorage [ArticleStorage.java:52] - Saved article: https://thanhnien.vn/tong-bi-thu-to-lam-gap-go-cong-dong-nguoi-viet-nam-tai-belarus-185250512183919924.htm via JSON-LD+Tags
2025-05-14 15:36:36.455 INFO  [Worker-0] c.d.crawler.storage.ArticleStorage [ArticleStorage.java:52] - Saved article: https://thanhnien.vn/tong-bi-thu-to-lam-va-phu-nhan-ket-thuc-tot-dep-chuyen-tham-belarus-185250513023825186.htm via JSON-LD+Tags
2025-05-14 15:36:36.518 INFO  [Worker-3] c.d.crawler.storage.ArticleStorage [ArticleStorage.java:52] - Saved article: https://thanhnien.vn/le-don-tong-bi-thu-to-lam-tham-cap-nha-nuoc-belarus-185250512162343083.htm via JSON-LD+Tags
2025-05-14 15:36:36.716 INFO  [Worker-1] c.d.crawler.storage.ArticleStorage [ArticleStorage.java:52] - Saved article: https://thanhnien.vn/tai-sao-lua-dao-biet-can-cuoc-biet-chua-nop-tien-dien-lo-lot-tu-dau-185250512155143508.htm via JSON-LD+Tags
2025-05-14 15:36:36.784 INFO  [Worker-5] c.d.crawler.storage.ArticleStorage [ArticleStorage.java:52] - Saved article: https://thanhnien.vn/thanh-lap-co-quan-chuyen-trach-bao-ve-du-lieu-ca-nhan-thuoc-bo-cong-an-185250512170826334.htm via JSON-LD+Tags
2025-05-14 15:36:36.885 INFO  [Worker-4] c.d.crawler.storage.ArticleStorage [ArticleStorage.java:52] - Saved article: https://thanhnien.vn/tong-bi-thu-to-lam-vun-dap-tinh-huu-nghi-viet-nam-belarus-ngay-cang-ben-chat-185250512013353947.htm via JSON-LD+Tags
2025-05-14 15:36:36.977 INFO  [Worker-0] c.d.crawler.storage.ArticleStorage [ArticleStorage.java:52] - Saved article: https://thanhnien.vn/thu-tuong-thai-binh-can-lan-bien-lam-ngay-duong-10-lan-noi-voi-hung-yen-185250512151058675.htm via JSON-LD+Tags
2025-05-14 15:36:37.192 INFO  [Worker-1] c.d.crawler.storage.ArticleStorage [ArticleStorage.java:52] - Saved article: https://thanhnien.vn/thu-tuong-thai-lan-paetongtarn-shinawatra-sap-tham-chinh-thuc-viet-nam-185250512115759118.htm via JSON-LD+Tags
2025-05-14 15:36:37.209 INFO  [Worker-3] c.d.crawler.storage.ArticleStorage [ArticleStorage.java:52] - Saved article: https://thanhnien.vn/thu-tuong-du-le-khoi-cong-cao-toc-huyet-mach-dong-bang-song-hong-185250512004636764.htm via JSON-LD+Tags
2025-05-14 15:36:37.488 INFO  [Worker-4] c.d.crawler.storage.ArticleStorage [ArticleStorage.java:52] - Saved article: https://thanhnien.vn/tong-bi-thu-to-lam-va-phu-nhan-bat-dau-tham-cap-nha-nuoc-belarus-185250511212713332.htm via JSON-LD+Tags
2025-05-14 15:36:37.519 INFO  [Worker-0] c.d.crawler.storage.ArticleStorage [ArticleStorage.java:52] - Saved article: https://thanhnien.vn/tranh-cuc-bo-dia-phuong-khi-chon-nhan-su-sau-sap-nhap-185250511230149401.htm via JSON-LD+Tags
2025-05-14 15:36:37.592 INFO  [Worker-2] c.d.crawler.storage.ArticleStorage [ArticleStorage.java:52] - Saved article: https://thanhnien.vn/chu-tich-quoc-hoi-tran-thanh-man-khong-de-lang-phi-tru-so-sau-sap-nhap-185250418175950486.htm via JSON-LD+Tags
2025-05-14 15:36:37.832 INFO  [Worker-5] c.d.crawler.storage.ArticleStorage [ArticleStorage.java:52] - Saved article: https://thanhnien.vn/tong-bi-thu-to-lam-hoi-dam-voi-tong-thong-nga-vladimir-putin-185250511013208128.htm via JSON-LD+Tags
2025-05-14 15:36:37.864 INFO  [Worker-1] c.d.crawler.storage.ArticleStorage [ArticleStorage.java:52] - Saved article: https://thanhnien.vn/tong-bi-thu-to-lam-gap-go-cong-dong-nguoi-viet-nam-tai-nga-185250511174017521.htm via JSON-LD+Tags
2025-05-14 15:36:37.884 INFO  [Worker-3] c.d.crawler.storage.ArticleStorage [ArticleStorage.java:52] - Saved article: https://thanhnien.vn/tuyen-bo-chung-ve-quan-he-doi-tac-chien-luoc-toan-dien-viet-nam-nga-trong-giai-doan-hop-tac-moi-185250511180908042.htm via JSON-LD+Tags
2025-05-14 15:36:37.970 INFO  [Worker-0] c.d.crawler.storage.ArticleStorage [ArticleStorage.java:52] - Saved article: https://thanhnien.vn/phuong-an-sap-xep-mat-tran-to-quoc-5-to-chuc-chinh-tri-xa-hoi-185250511121430917.htm via JSON-LD+Tags
2025-05-14 15:36:37.971 INFO  [Worker-2] c.d.crawler.storage.ArticleStorage [ArticleStorage.java:52] - Saved article: https://thanhnien.vn/tong-bi-thu-thay-doi-cach-ung-xu-voi-kinh-te-tu-nhan-185250307203418045.htm via JSON-LD+Tags
2025-05-14 15:36:38.092 INFO  [Worker-4] c.d.crawler.storage.ArticleStorage [ArticleStorage.java:52] - Saved article: https://thanhnien.vn/dong-luc-moi-cho-phat-trien-kinh-te-185250511105123936.htm via JSON-LD+Tags
2025-05-14 15:36:38.229 INFO  [Worker-5] c.d.crawler.storage.ArticleStorage [ArticleStorage.java:52] - Saved article: https://thanhnien.vn/sua-luat-dua-5-to-chuc-20-hoi-ve-truc-thuoc-mat-tran-to-quoc-185250428154039334.htm via JSON-LD+Tags
2025-05-14 15:36:38.319 INFO  [Worker-0] c.d.crawler.storage.ArticleStorage [ArticleStorage.java:52] - Saved article: https://thanhnien.vn/quoc-hoi-azerbaijan-tiep-tuc-ung-ho-mo-rong-hop-tac-voi-viet-nam-185250508164002348.htm via JSON-LD+Tags
2025-05-14 15:36:38.362 INFO  [Worker-1] c.d.crawler.storage.ArticleStorage [ArticleStorage.java:52] - Saved article: https://thanhnien.vn/tong-bi-thu-to-lam-hoi-kien-chu-tich-duma-quoc-gia-nga-vyacheslav-volodin-185250510200330989.htm via JSON-LD+Tags
2025-05-14 15:36:38.406 INFO  [Worker-2] c.d.crawler.storage.ArticleStorage [ArticleStorage.java:52] - Saved article: https://thanhnien.vn/tu-nha-nuoc-quan-ly-toi-nha-nuoc-phuc-vu-185250429145718317.htm via JSON-LD+Tags
2025-05-14 15:36:38.445 INFO  [Worker-3] c.d.crawler.storage.ArticleStorage [ArticleStorage.java:52] - Saved article: https://thanhnien.vn/tong-bi-thu-to-lam-du-le-duyet-binh-ky-niem-80-nam-chien-thang-phat-xit-18525050916440972.htm via JSON-LD+Tags
2025-05-14 15:36:38.603 INFO  [Worker-4] c.d.crawler.storage.ArticleStorage [ArticleStorage.java:52] - Saved article: https://thanhnien.vn/doi-ngoai-nang-tam-vi-the-185250429151509829.htm via JSON-LD+Tags
2025-05-14 15:36:38.752 INFO  [Worker-0] c.d.crawler.storage.ArticleStorage [ArticleStorage.java:52] - Saved article: https://thanhnien.vn/doi-moi-20-tu-duy-kien-tao-va-khat-vong-vuon-minh-185250429153330486.htm via JSON-LD+Tags
2025-05-14 15:36:38.793 INFO  [Worker-5] c.d.crawler.storage.ArticleStorage [ArticleStorage.java:52] - Saved article: https://thanhnien.vn/mua-xuan-mua-cua-khat-vong-tuoi-tre-185250206181352737.htm via JSON-LD+Tags
2025-05-14 15:36:38.991 INFO  [Worker-2] c.d.crawler.storage.ArticleStorage [ArticleStorage.java:52] - Saved article: https://thanhnien.vn/chung-dong-mau-lac-hong-co-be-ban-ve-so-tro-thanh-doanh-nhan-toan-cau-185250510221643164.htm via JSON-LD+Tags
2025-05-14 15:36:39.027 INFO  [Worker-3] c.d.crawler.storage.ArticleStorage [ArticleStorage.java:52] - Saved article: https://thanhnien.vn/chung-dong-mau-lac-hong-kieu-bao-huong-tron-trai-tim-ve-truong-sa-185250503214750974.htm via JSON-LD+Tags
2025-05-14 15:36:39.051 INFO  [Worker-1] c.d.crawler.storage.ArticleStorage [ArticleStorage.java:52] - Saved article: https://thanhnien.vn/ky-nguyen-dua-dan-toc-don-binh-minh-185250203091411657.htm via JSON-LD+Tags
2025-05-14 15:36:39.055 INFO  [Worker-4] c.d.crawler.storage.ArticleStorage [ArticleStorage.java:52] - Saved article: https://thanhnien.vn/ba-my-virginia-mary-lockett-185250429165034794.htm via JSON-LD+Tags
2025-05-14 15:36:39.423 INFO  [Worker-4] c.d.crawler.storage.ArticleStorage [ArticleStorage.java:52] - Saved article: https://dantri.com.vn/xa-hoi/pha-do-toa-nha-ham-ca-map-co-ban-hoan-thanh-di-chuyen-do-dac-20250423101538366.htm via JSON-LD+Tags
2025-05-14 15:36:39.467 INFO  [Worker-3] c.d.crawler.storage.ArticleStorage [ArticleStorage.java:52] - Saved article: https://dantri.com.vn/xa-hoi/thong-tin-ve-thoi-gian-pha-do-toa-nha-ham-ca-map-o-ha-noi-20250422084710117.htm via JSON-LD+Tags
2025-05-14 15:36:39.630 INFO  [Worker-1] c.d.crawler.storage.ArticleStorage [ArticleStorage.java:52] - Saved article: https://dantri.com.vn/xa-hoi/thap-anh-sang-tao-diem-nhan-cho-quang-truong-dong-kinh-nghia-thuc-20250319161943486.htm via JSON-LD+Tags
2025-05-14 15:36:39.676 INFO  [Worker-2] c.d.crawler.storage.ArticleStorage [ArticleStorage.java:52] - Saved article: https://dantri.com.vn/xa-hoi/dong-thai-cua-ha-noi-lien-quan-viec-pha-bo-toa-nha-ham-ca-map-20250513101438868.htm via JSON-LD+Tags
2025-05-14 15:36:39.768 INFO  [Worker-4] c.d.crawler.storage.ArticleStorage [ArticleStorage.java:52] - Saved article: https://dantri.com.vn/xa-hoi/quan-hoan-kiem-de-xuat-dich-chuyen-mot-so-cay-xanh-tai-vuon-hoa-ly-thai-to-20250319153658443.htm via JSON-LD+Tags
2025-05-14 15:36:39.783 INFO  [Worker-3] c.d.crawler.storage.ArticleStorage [ArticleStorage.java:52] - Saved article: https://dantri.com.vn/xa-hoi/12-tru-so-nam-canh-ho-hoan-kiem-se-di-doi-ve-dau-20250319132241414.htm via JSON-LD+Tags
2025-05-14 15:36:39.845 INFO  [Worker-5] c.d.crawler.storage.ArticleStorage [ArticleStorage.java:52] - Saved article: https://dantri.com.vn/xa-hoi/chu-tich-ha-noi-kich-hoat-lan-xanh-cho-loat-du-an-quan-trong-20250319183005244.htm via JSON-LD+Tags
2025-05-14 15:36:39.954 INFO  [Worker-2] c.d.crawler.storage.ArticleStorage [ArticleStorage.java:52] - Saved article: https://dantri.com.vn/xa-hoi/hien-trang-vuon-hoa-ly-thai-to-sap-duoc-quan-hoan-kiem-cai-tao-20250319125614535.htm via JSON-LD+Tags
2025-05-14 15:36:39.959 INFO  [Worker-0] c.d.crawler.storage.ArticleStorage [ArticleStorage.java:52] - Saved article: https://dantri.com.vn/xa-hoi/ha-noi-phan-luong-giao-thong-khu-vuc-quang-truong-dong-kinh-nghia-thuc-20250407141746007.htm via JSON-LD+Tags
2025-05-14 15:36:40.076 INFO  [Worker-4] c.d.crawler.storage.ArticleStorage [ArticleStorage.java:52] - Saved article: https://dantri.com.vn/xa-hoi/kinh-phi-pha-do-toa-ham-ca-map-va-hoan-tra-ha-tang-giam-con-10-11-ty-dong-20250319104603846.htm via JSON-LD+Tags
2025-05-14 15:36:40.156 INFO  [Worker-1] c.d.crawler.storage.ArticleStorage [ArticleStorage.java:52] - Saved article: https://dantri.com.vn/du-lich/hang-nghin-nguoi-do-ve-toa-nha-ham-ca-map-chup-anh-truoc-khi-bi-thao-do-20250318012044716.htm via JSON-LD+Tags
2025-05-14 15:36:40.422 INFO  [Worker-1] c.d.crawler.storage.ArticleStorage [ArticleStorage.java:52] - Saved article: https://tienphong.vn/bi-lua-16-trieu-nguoi-phu-nu-o-hong-kong-tim-cach-lay-lai-nhung-bi-lua-them-6-ty-post1740457.tpo via JSON-LD+Tags
2025-05-14 15:36:40.466 INFO  [Worker-5] c.d.crawler.storage.ArticleStorage [ArticleStorage.java:52] - Saved article: https://tienphong.vn/xet-xu-mot-tay-chan-cua-sieu-lua-mr-pips-pho-duc-nam-post1740454.tpo via JSON-LD+Tags
2025-05-14 15:36:40.491 INFO  [Worker-0] c.d.crawler.storage.ArticleStorage [ArticleStorage.java:52] - Saved article: https://tienphong.vn/nu-sinh-vien-bi-cong-an-dom-de-doa-day-noi-doi-bo-me-de-chuyen-3-ty-dong-post1740426.tpo via JSON-LD+Tags
2025-05-14 15:36:40.499 INFO  [Worker-4] c.d.crawler.storage.ArticleStorage [ArticleStorage.java:52] - Saved article: https://tienphong.vn/lo-hong-quan-li-va-su-bung-phat-thuc-pham-chuc-nang-gia-bo-y-te-de-xuat-sua-luat-post1740442.tpo via JSON-LD+Tags
2025-05-14 15:36:40.502 INFO  [Worker-3] c.d.crawler.storage.ArticleStorage [ArticleStorage.java:52] - Saved article: https://tienphong.vn/canh-giac-web-gia-mao-doi-nop-phi-khi-khai-bao-nhap-canh-thai-lan-truc-tuyen-post1740414.tpo via JSON-LD+Tags
2025-05-14 15:36:40.507 INFO  [Worker-2] c.d.crawler.storage.ArticleStorage [ArticleStorage.java:52] - Saved article: https://tienphong.vn/canh-giac-voi-kieu-lua-dao-online-moi-am-tham-den-muc-nguoi-dung-kho-biet-post1740232.tpo via JSON-LD+Tags
2025-05-14 15:36:40.756 INFO  [Worker-4] c.d.crawler.storage.ArticleStorage [ArticleStorage.java:52] - Saved article: https://tienphong.vn/bo-gddt-canh-bao-thu-doan-loi-keo-hoc-sinh-mo-tai-khoan-ngan-hang-de-chiem-doat-tai-san-post1740176.tpo via JSON-LD+Tags
2025-05-14 15:36:40.767 INFO  [Worker-3] c.d.crawler.storage.ArticleStorage [ArticleStorage.java:52] - Saved article: https://tienphong.vn/bo-cong-an-thong-tin-ve-cac-vu-an-sua-gia-thuoc-gia-post1739936.tpo via JSON-LD+Tags
2025-05-14 15:36:40.787 INFO  [Worker-5] c.d.crawler.storage.ArticleStorage [ArticleStorage.java:52] - Saved article: https://tienphong.vn/ha-noi-hon-20-khach-hang-bi-lua-nop-tien-chenh-mua-nha-o-xa-hoi-post1740211.tpo via JSON-LD+Tags
2025-05-14 15:36:40.790 INFO  [Worker-0] c.d.crawler.storage.ArticleStorage [ArticleStorage.java:52] - Saved article: https://tienphong.vn/canh-bao-khan-ve-chieu-thuc-lua-dao-moi-lien-quan-thi-tot-nghiep-thpt-post1740180.tpo via JSON-LD+Tags
2025-05-14 15:36:40.822 INFO  [Worker-2] c.d.crawler.storage.ArticleStorage [ArticleStorage.java:52] - Saved article: https://tienphong.vn/vien-truong-vien-ksnd-toi-cao-noi-ve-toi-pham-lua-dao-thong-qua-quang-cao-ban-hang-tren-mang-post1739794.tpo via JSON-LD+Tags
2025-05-14 15:36:40.993 INFO  [Worker-4] c.d.crawler.storage.ArticleStorage [ArticleStorage.java:52] - Saved article: https://tienphong.vn/chuyen-khoan-dat-phong-qua-mang-den-khach-san-moi-biet-bi-lua-post1739735.tpo via JSON-LD+Tags
2025-05-14 15:36:41.031 INFO  [Worker-3] c.d.crawler.storage.ArticleStorage [ArticleStorage.java:52] - Saved article: https://tienphong.vn/can-canh-giac-voi-nhung-chieu-thuc-lua-dao-tinh-vi-qua-ma-qr-post1739694.tpo via JSON-LD+Tags
2025-05-14 15:36:41.074 INFO  [Worker-2] c.d.crawler.storage.ArticleStorage [ArticleStorage.java:52] - Saved article: https://tienphong.vn/kich-ban-thao-tung-tam-ly-co-giao-bang-don-hang-0-dong-post1739322.tpo via JSON-LD+Tags
2025-05-14 15:36:41.100 INFO  [Worker-5] c.d.crawler.storage.ArticleStorage [ArticleStorage.java:52] - Saved article: https://tienphong.vn/xuat-hien-nhieu-tin-don-doc-hai-truoc-mat-nghi-bau-giao-hoang-ke-nhiem-post1739644.tpo via JSON-LD+Tags
2025-05-14 15:36:41.129 INFO  [Worker-1] c.d.crawler.storage.ArticleStorage [ArticleStorage.java:52] - Saved article: https://tienphong.vn/ung-pho-the-nao-voi-hanh-vi-vu-khong-gay-ton-hai-thuong-hieu-doanh-nghiep-post1739410.tpo via JSON-LD+Tags
2025-05-14 15:36:41.192 INFO  [Worker-0] c.d.crawler.storage.ArticleStorage [ArticleStorage.java:52] - Saved article: https://tienphong.vn/pha-nhom-toi-pham-quoc-te-chuyen-tong-tien-can-bo-doanh-nhan-post1737806.tpo via JSON-LD+Tags
2025-05-14 15:36:41.333 INFO  [Worker-3] c.d.crawler.storage.ArticleStorage [ArticleStorage.java:52] - Saved article: https://tienphong.vn/phat-hien-hai-san-pham-thuc-pham-chuc-nang-chua-chat-cam-nguy-hiem-ban-tren-san-giao-dich-dien-tu-post1739242.tpo via JSON-LD+Tags
2025-05-14 15:36:41.386 INFO  [Worker-5] c.d.crawler.storage.ArticleStorage [ArticleStorage.java:52] - Saved article: https://tienphong.vn/cai-app-hanh-chinh-cong-gia-mao-nguoi-dan-ong-o-ha-noi-bi-rut-mat-350-trieu-dong-post1738910.tpo via JSON-LD+Tags
2025-05-14 15:36:41.402 INFO  [Worker-2] c.d.crawler.storage.ArticleStorage [ArticleStorage.java:52] - Saved article: https://tienphong.vn/bo-cong-an-canh-bao-thu-doan-dau-tu-tai-chinh-chung-khoan-tien-ao-de-lua-dao-post1738919.tpo via JSON-LD+Tags
2025-05-14 15:36:41.409 INFO  [Worker-1] c.d.crawler.storage.ArticleStorage [ArticleStorage.java:52] - Saved article: https://tienphong.vn/truy-na-doi-tuong-lua-hang-chuc-ty-dong-gop-von-mua-ban-ve-may-bay-post1738527.tpo via JSON-LD+Tags
2025-05-14 15:36:41.481 INFO  [Worker-0] c.d.crawler.storage.ArticleStorage [ArticleStorage.java:52] - Saved article: https://tienphong.vn/thu-loi-bat-chinh-hang-chuc-ty-dong-bang-viec-chiem-doat-tai-khoan-facebook-de-ban-post1738461.tpo via JSON-LD+Tags
2025-05-14 15:36:41.698 INFO  [Worker-3] c.d.crawler.storage.ArticleStorage [ArticleStorage.java:52] - Saved article: https://tienphong.vn/yeu-cau-facebook-tiktok-go-sach-quang-cao-84-loai-sua-gia-tai-viet-nam-post1738284.tpo via JSON-LD+Tags
2025-05-14 15:36:41.706 INFO  [Worker-4] c.d.crawler.storage.ArticleStorage [ArticleStorage.java:52] - Saved article: https://tienphong.vn/bat-giu-o-nhom-doi-tuong-trung-quoc-hoat-dong-lua-dao-post1738274.tpo via JSON-LD+Tags
2025-05-14 15:36:41.722 INFO  [Worker-5] c.d.crawler.storage.ArticleStorage [ArticleStorage.java:52] - Saved article: https://tienphong.vn/apple-canh-bao-nguoi-dung-iphone-xoa-ngay-ung-dung-pho-bien-nay-tren-thiet-bi-post1738051.tpo via JSON-LD+Tags
2025-05-14 15:36:41.738 INFO  [Worker-0] c.d.crawler.storage.ArticleStorage [ArticleStorage.java:52] - Saved article: https://tienphong.vn/lat-tay-thu-doan-moi-cua-nhom-san-xuat-thuoc-gia-sua-gia-post1737479.tpo via JSON-LD+Tags
2025-05-14 15:36:41.771 INFO  [Worker-1] c.d.crawler.storage.ArticleStorage [ArticleStorage.java:52] - Saved article: https://tienphong.vn/co-giao-bi-lua-hon-400-trieu-dong-sau-chieu-tro-don-hang-0-dong-post1737748.tpo via JSON-LD+Tags
2025-05-14 15:36:41.783 INFO  [Worker-2] c.d.crawler.storage.ArticleStorage [ArticleStorage.java:52] - Saved article: https://tienphong.vn/bi-lua-dao-yeu-cau-chung-minh-nang-luc-tai-chinh-nam-sinh-mat-trang-60-trieu-dong-post1737609.tpo via JSON-LD+Tags
2025-05-14 15:36:42.059 INFO  [Worker-3] c.d.crawler.storage.ArticleStorage [ArticleStorage.java:52] - Saved article: https://tienphong.vn/kip-thoi-can-ngan-cu-ba-rut-so-tien-lon-chuyen-cho-ke-gia-danh-cong-an-post1737239.tpo via JSON-LD+Tags
2025-05-14 15:36:42.068 INFO  [Worker-5] c.d.crawler.storage.ArticleStorage [ArticleStorage.java:52] - Saved article: https://tienphong.vn/csgt-tphcm-canh-bao-lua-dao-phat-nguoi-post1737252.tpo via JSON-LD+Tags
2025-05-14 15:36:42.092 INFO  [Worker-0] c.d.crawler.storage.ArticleStorage [ArticleStorage.java:52] - Saved article: https://tienphong.vn/canh-giac-truoc-chieu-tro-mao-danh-tt-group-tren-mang-xa-hoi-de-lua-dao-chiem-doat-tai-san-post1737108.tpo via JSON-LD+Tags
2025-05-14 15:36:42.094 INFO  [Worker-4] c.d.crawler.storage.ArticleStorage [ArticleStorage.java:52] - Saved article: https://tienphong.vn/pha-bang-nhom-toi-pham-quoc-te-chuyen-tong-tien-can-bo-cong-chuc-doanh-nhan-post1737142.tpo via JSON-LD+Tags
2025-05-14 15:36:42.124 INFO  [Worker-2] c.d.crawler.storage.ArticleStorage [ArticleStorage.java:52] - Saved article: https://tienphong.vn/cong-an-lam-viec-voi-chi-cuc-an-toan-ve-sinh-thuc-pham-hoa-binh-ve-viec-305-nhan-hieu-sua-gia-post1736864.tpo via JSON-LD+Tags
2025-05-14 15:36:42.177 INFO  [Worker-1] c.d.crawler.storage.ArticleStorage [ArticleStorage.java:52] - Saved article: https://tienphong.vn/mot-phu-nu-o-ca-mau-mat-gan-600-trieu-dong-sau-khi-bi-lua-cai-app-gia-mao-evn-post1737006.tpo via JSON-LD+Tags
2025-05-14 15:36:42.384 INFO  [Worker-3] c.d.crawler.storage.ArticleStorage [ArticleStorage.java:52] - Saved article: https://tienphong.vn/tai-xe-ke-ve-nu-hanh-khach-bi-du-viec-nhe-luong-cao-dat-xe-tu-binh-dinh-den-cua-khau-moc-bai-post1736664.tpo via JSON-LD+Tags
2025-05-14 15:36:42.512 INFO  [Worker-5] c.d.crawler.storage.ArticleStorage [ArticleStorage.java:52] - Saved article: https://vietnamnet.vn/thu-tuong-sua-gia-thuoc-gia-la-van-de-lon-phai-kiem-diem-lam-ro-trach-nhiem-2401013.html via JSON-LD+Tags
2025-05-14 15:36:42.515 INFO  [Worker-0] c.d.crawler.storage.ArticleStorage [ArticleStorage.java:52] - Saved article: https://vietnamnet.vn/bo-quyen-chat-van-cua-hdnd-voi-chanh-an-vien-truong-rat-kho-thuyet-phuc-cu-tri-2400910.html via JSON-LD+Tags
2025-05-14 15:36:42.516 INFO  [Worker-4] c.d.crawler.storage.ArticleStorage [ArticleStorage.java:52] - Saved article: https://vietnamnet.vn/de-xuat-hdnd-gioi-thieu-nhan-su-de-thu-tuong-phe-chuan-chu-tich-tinh-thay-vi-bau-2400968.html via JSON-LD+Tags
2025-05-14 15:36:42.522 INFO  [Worker-1] c.d.crawler.storage.ArticleStorage [ArticleStorage.java:52] - Saved article: https://vietnamnet.vn/15-tinh-bien-gioi-sau-sap-nhap-thay-doi-ra-sao-2400214.html via JSON-LD+Tags
2025-05-14 15:36:42.592 INFO  [Worker-2] c.d.crawler.storage.ArticleStorage [ArticleStorage.java:52] - Saved article: https://vietnamnet.vn/de-nghi-quy-dinh-ro-truong-hop-dac-biet-duoc-chi-dinh-chuc-danh-lanh-dao-hdnd-2400898.html via JSON-LD+Tags
2025-05-14 15:36:42.643 INFO  [Worker-3] c.d.crawler.storage.ArticleStorage [ArticleStorage.java:52] - Saved article: https://vietnamnet.vn/chu-tich-nuoc-hai-phong-phat-huy-loi-the-la-cua-chinh-ra-bien-cua-mien-bac-2400837.html via JSON-LD+Tags
2025-05-14 15:36:42.888 INFO  [Worker-0] c.d.crawler.storage.ArticleStorage [ArticleStorage.java:52] - Saved article: https://vietnamnet.vn/sua-doi-hien-phap-tranh-vi-suc-ep-thoi-gian-ma-lam-hinh-thuc-2400778.html via JSON-LD+Tags
2025-05-14 15:36:42.892 INFO  [Worker-5] c.d.crawler.storage.ArticleStorage [ArticleStorage.java:52] - Saved article: https://vietnamnet.vn/mon-qua-dac-biet-hoc-sinh-nguoi-viet-tai-belarus-tang-phu-nhan-ngo-phuong-ly-2400792.html via JSON-LD+Tags
2025-05-14 15:36:42.895 INFO  [Worker-4] c.d.crawler.storage.ArticleStorage [ArticleStorage.java:52] - Saved article: https://vietnamnet.vn/de-xuat-tiep-tuc-co-co-che-uu-dai-thu-nhap-voi-cong-chuc-vien-chuc-hai-phong-2400523.html via JSON-LD+Tags
2025-05-14 15:36:42.899 INFO  [Worker-2] c.d.crawler.storage.ArticleStorage [ArticleStorage.java:52] - Saved article: https://vietnamnet.vn/bcd-trung-uong-truc-tiep-chi-dao-xu-ly-vu-an-vu-viec-lang-phi-nghiem-trong-2400471.html via JSON-LD+Tags
2025-05-14 15:36:42.922 INFO  [Worker-1] c.d.crawler.storage.ArticleStorage [ArticleStorage.java:52] - Saved article: https://vietnamnet.vn/tong-bi-thu-cu-giu-tu-duy-cu-phan-cap-nua-voi-se-rat-kho-lam-viec-2400787.html via JSON-LD+Tags
2025-05-14 15:36:42.933 INFO  [Worker-3] c.d.crawler.storage.ArticleStorage [ArticleStorage.java:52] - Saved article: https://vietnamnet.vn/kip-thoi-chi-tra-che-do-theo-nghi-dinh-178-neu-thieu-bao-cao-cap-co-tham-quyen-bo-sung-2400507.html via JSON-LD+Tags
2025-05-14 15:36:43.221 INFO  [Worker-4] c.d.crawler.storage.ArticleStorage [ArticleStorage.java:52] - Saved article: https://vietnamnet.vn/thu-tuong-san-sang-doi-thoai-binh-dang-hieu-qua-voi-doanh-nghiep-my-2400742.html via JSON-LD+Tags
2025-05-14 15:36:43.223 INFO  [Worker-0] c.d.crawler.storage.ArticleStorage [ArticleStorage.java:52] - Saved article: https://vietnamnet.vn/can-co-co-che-ho-tro-phu-hop-cho-cac-nha-khoa-hoc-hai-lua-2400769.html via JSON-LD+Tags
2025-05-14 15:36:43.240 INFO  [Worker-2] c.d.crawler.storage.ArticleStorage [ArticleStorage.java:52] - Saved article: https://vietnamnet.vn/lanh-dao-4-nuoc-danh-cho-tong-bi-thu-tinh-cam-chan-thanh-don-tiep-nhieu-biet-le-2400603.html via JSON-LD+Tags
2025-05-14 15:36:43.246 INFO  [Worker-1] c.d.crawler.storage.ArticleStorage [ArticleStorage.java:52] - Saved article: https://vietnamnet.vn/de-xuat-mien-7-500-ty-dong-nam-tien-thue-su-dung-dat-nong-nghiep-den-het-2030-2400608.html via JSON-LD+Tags
2025-05-14 15:36:43.269 INFO  [Worker-5] c.d.crawler.storage.ArticleStorage [ArticleStorage.java:52] - Saved article: https://vietnamnet.vn/gia-lai-de-xuat-ho-tro-tien-di-lai-cho-gan-2-000-cong-chuc-vien-chuc-sau-sap-nhap-tinh-2400738.html via JSON-LD+Tags
2025-05-14 15:36:43.269 INFO  [Worker-3] c.d.crawler.storage.ArticleStorage [ArticleStorage.java:52] - Saved article: https://vietnamnet.vn/quan-doi-co-38-khoi-tham-gia-dieu-binh-dieu-hanh-ky-niem-80-nam-quoc-khanh-2400437.html via JSON-LD+Tags
2025-05-14 15:36:43.637 INFO  [Worker-1] c.d.crawler.storage.ArticleStorage [ArticleStorage.java:52] - Saved article: https://vietnamnet.vn/viet-nam-belarus-thiet-lap-quan-he-doi-tac-chien-luoc-2400435.html via JSON-LD+Tags
2025-05-14 15:36:43.644 INFO  [Worker-5] c.d.crawler.storage.ArticleStorage [ArticleStorage.java:52] - Saved article: https://vietnamnet.vn/tranh-de-can-bo-co-so-tro-thanh-luc-luong-thua-bien-che-thieu-dong-luc-2399225.html via JSON-LD+Tags
2025-05-14 15:36:43.652 INFO  [Worker-3] c.d.crawler.storage.ArticleStorage [ArticleStorage.java:52] - Saved article: https://vietnamnet.vn/bi-thu-cao-bang-vo-tinh-cham-vao-quang-cao-mua-nha-nhan-ngay-40-50-cuoc-goi-2400396.html via JSON-LD+Tags
2025-05-14 15:36:43.961 INFO  [Worker-2] c.d.crawler.storage.ArticleStorage [ArticleStorage.java:52] - Saved article: https://vietnamnet.vn/tong-bi-thu-viet-nam-va-belarus-nang-cap-quan-he-la-dau-moc-lich-su-2400502.html via JSON-LD+Tags
2025-05-14 15:36:44.017 INFO  [Worker-5] c.d.crawler.storage.ArticleStorage [ArticleStorage.java:52] - Saved article: https://vietnamnet.vn/nu-thu-tuong-thai-lan-sap-tham-viet-nam-2400239.html via JSON-LD+Tags
2025-05-14 15:36:44.020 INFO  [Worker-1] c.d.crawler.storage.ArticleStorage [ArticleStorage.java:52] - Saved article: https://vietnamnet.vn/quoc-hoi-vua-chay-vua-xep-hang-thao-go-diem-nghen-cua-diem-nghen-2399810.html via JSON-LD+Tags
2025-05-14 15:36:44.024 INFO  [Worker-3] c.d.crawler.storage.ArticleStorage [ArticleStorage.java:52] - Saved article: https://vietnamnet.vn/thu-tuong-de-nghi-lam-ngay-tuyen-duong-10-lan-ket-noi-thai-binh-voi-hung-yen-2400357.html via JSON-LD+Tags
2025-05-14 15:36:44.338 INFO  [Worker-4] c.d.crawler.storage.ArticleStorage [ArticleStorage.java:52] - Saved article: https://vietnamnet.vn/ban-khoan-khi-chu-quan-pho-giao-vien-phai-thue-chuyen-gia-bao-ve-du-lieu-2400361.html via JSON-LD+Tags
2025-05-14 15:36:44.416 INFO  [Worker-2] c.d.crawler.storage.ArticleStorage [ArticleStorage.java:52] - Saved article: https://vietnamnet.vn/tong-thong-belarus-chu-tri-le-don-tong-bi-thu-to-lam-2400399.html via JSON-LD+Tags
2025-05-14 15:36:44.494 INFO  [Worker-1] c.d.crawler.storage.ArticleStorage [ArticleStorage.java:52] - Saved article: https://vietnamnet.vn/quy-dinh-cua-ban-bi-thu-ve-phong-ngua-phat-hien-vi-pham-cua-dang-vien-2400388.html via JSON-LD+Tags
2025-05-14 15:36:45.649 INFO  [Worker-1] c.d.crawler.storage.ArticleStorage [ArticleStorage.java:52] - Saved article: https://dantri.com.vn/tam-diem/mo-dai-lo-cho-kinh-te-tu-nhan-chap-canh-dai-bang-trong-nuoc-20250507074437755.htm via JSON-LD+Tags
2025-05-14 15:36:45.722 INFO  [Worker-0] c.d.crawler.storage.ArticleStorage [ArticleStorage.java:52] - Saved article: https://dantri.com.vn/kinh-doanh/kinh-te-viet-nam-nua-the-ky-phuc-hoi-va-vuon-minh-hoi-nhap-20250429090928341.htm via JSON-LD+Tags
2025-05-14 15:36:45.723 INFO  [Worker-3] c.d.crawler.storage.ArticleStorage [ArticleStorage.java:52] - Saved article: https://dantri.com.vn/cong-nghe/nhung-doanh-nghiep-tien-phong-dong-luc-tu-noi-luc-viet-nam-20250429093922199.htm via JSON-LD
2025-05-14 15:36:45.746 INFO  [Worker-2] c.d.crawler.storage.ArticleStorage [ArticleStorage.java:52] - Saved article: https://dantri.com.vn/cong-nghe/viet-nam-nham-den-cong-nghe-chien-luoc-nao-cho-buoc-nhay-vot-20250427221622558.htm via JSON-LD
2025-05-14 15:36:45.927 INFO  [Worker-5] c.d.crawler.storage.ArticleStorage [ArticleStorage.java:52] - Saved article: https://dantri.com.vn/cong-nghe/de-viet-nam-but-pha-huong-di-tu-nen-tang-den-hanh-dong-20250506173246427.htm via JSON-LD
2025-05-14 15:36:45.937 INFO  [Worker-4] c.d.crawler.storage.ArticleStorage [ArticleStorage.java:52] - Saved article: https://dantri.com.vn/cong-nghe/cong-nghe-chien-luoc-viet-nam-dat-cuoc-vao-dau-de-but-pha-20250503215548589.htm via JSON-LD+Tags
2025-05-14 15:36:45.964 INFO  [Worker-1] c.d.crawler.storage.ArticleStorage [ArticleStorage.java:52] - Saved article: https://dantri.com.vn/cong-nghe/thao-go-diem-nghen-khoi-thong-dong-chay-sang-tao-nghi-quyet-57-va-bai-toan-nhan-luc-dau-tu-20250425212002614.htm via JSON-LD
2025-05-14 15:36:46.219 INFO  [Worker-2] c.d.crawler.storage.ArticleStorage [ArticleStorage.java:52] - Saved article: https://dantri.com.vn/xa-hoi/tong-bi-thu-noi-ve-giai-phap-chien-luoc-phat-trien-dat-nuoc-20250416172200867.htm via JSON-LD+Tags
2025-05-14 15:36:46.273 INFO  [Worker-0] c.d.crawler.storage.ArticleStorage [ArticleStorage.java:52] - Saved article: https://dantri.com.vn/cong-nghe/viet-nam-thieu-hut-nghiem-trong-nhan-luc-trinh-do-cao-20250326132608030.htm via JSON-LD
2025-05-14 15:36:46.450 INFO  [Worker-1] c.d.crawler.storage.ArticleStorage [ArticleStorage.java:52] - Saved article: https://dantri.com.vn/xa-hoi/nhung-viec-can-lam-ngay-dua-dat-nuoc-vuon-minh-trong-ky-nguyen-moi-20250319205305440.htm via JSON-LD+Tags
2025-05-14 15:36:47.316 INFO  [Worker-1] c.d.crawler.storage.ArticleStorage [ArticleStorage.java:52] - Saved article: https://tienphong.vn/tuoi-tre-ha-tinh-lan-toa-loi-song-xanh-post1729825.tpo via JSON-LD+Tags
2025-05-14 15:36:47.372 INFO  [Worker-2] c.d.crawler.storage.ArticleStorage [ArticleStorage.java:52] - Saved article: https://tienphong.vn/trao-giai-cuoc-thi-tim-hieu-ve-moi-truong-giac-mo-xanh-post1726901.tpo via JSON-LD+Tags
2025-05-14 15:36:47.382 INFO  [Worker-3] c.d.crawler.storage.ArticleStorage [ArticleStorage.java:52] - Saved article: https://tienphong.vn/mo-hinh-cho-dan-sinh-giam-rac-thai-nhua-lan-toa-loi-song-xanh-post1726482.tpo via JSON-LD+Tags
2025-05-14 15:36:47.385 INFO  [Worker-5] c.d.crawler.storage.ArticleStorage [ArticleStorage.java:52] - Saved article: https://tienphong.vn/nhung-cau-chuyen-hinh-anh-lay-dong-ve-bao-ve-moi-truong-post1726876.tpo via JSON-LD+Tags
2025-05-14 15:36:47.387 INFO  [Worker-0] c.d.crawler.storage.ArticleStorage [ArticleStorage.java:52] - Saved article: https://tienphong.vn/sang-213-trao-giai-cuoc-thi-tim-hieu-moi-truong-giac-mo-xanh-post1725706.tpo via JSON-LD+Tags
2025-05-14 15:36:47.609 INFO  [Worker-1] c.d.crawler.storage.ArticleStorage [ArticleStorage.java:52] - Saved article: https://tienphong.vn/hiem-co-rung-ko-nia-co-thu-giua-dong-bang-post1722367.tpo via JSON-LD+Tags
2025-05-14 15:36:47.635 INFO  [Worker-5] c.d.crawler.storage.ArticleStorage [ArticleStorage.java:52] - Saved article: https://tienphong.vn/giao-vien-va-hoc-sinh-trong-van-cay-xanh-dau-nam-moi-post1715504.tpo via JSON-LD+Tags
2025-05-14 15:36:47.636 INFO  [Worker-3] c.d.crawler.storage.ArticleStorage [ArticleStorage.java:52] - Saved article: https://tienphong.vn/hiep-si-ve-chai-tay-do-gom-rac-gop-yeu-thuong-post1720311.tpo via JSON-LD+Tags
2025-05-14 15:36:47.692 INFO  [Worker-4] c.d.crawler.storage.ArticleStorage [ArticleStorage.java:52] - Saved article: https://tienphong.vn/ca-chep-truot-bang-ngay-ong-cong-ong-tao-post1711570.tpo via JSON-LD+Tags
2025-05-14 15:36:47.709 INFO  [Worker-2] c.d.crawler.storage.ArticleStorage [ArticleStorage.java:52] - Saved article: https://tienphong.vn/nguoi-dan-da-nang-tang-quat-tet-de-phu-xanh-cong-vien-post1715127.tpo via JSON-LD+Tags
2025-05-14 15:36:47.710 INFO  [Worker-0] c.d.crawler.storage.ArticleStorage [ArticleStorage.java:52] - Saved article: https://tienphong.vn/cong-bo-ket-qua-cuoc-thi-giac-mo-xanh-post1712612.tpo via JSON-LD+Tags
2025-05-14 15:36:47.921 INFO  [Worker-5] c.d.crawler.storage.ArticleStorage [ArticleStorage.java:52] - Saved article: https://tienphong.vn/ban-tre-chung-tay-tha-ca-dung-tha-tui-nilon-ngay-cung-ong-cong-ong-tao-post1711232.tpo via JSON-LD+Tags
2025-05-14 15:36:47.932 INFO  [Worker-1] c.d.crawler.storage.ArticleStorage [ArticleStorage.java:52] - Saved article: https://tienphong.vn/107-tac-pham-lot-vao-chung-khao-cuoc-thi-giac-mo-xanh-post1711195.tpo via JSON-LD+Tags
2025-05-14 15:36:47.963 INFO  [Worker-3] c.d.crawler.storage.ArticleStorage [ArticleStorage.java:52] - Saved article: https://tienphong.vn/doan-vien-thanh-nien-hue-ra-quan-chu-nhat-xanh-don-tet-post1710738.tpo via JSON-LD+Tags
2025-05-14 15:36:48.004 INFO  [Worker-2] c.d.crawler.storage.ArticleStorage [ArticleStorage.java:52] - Saved article: https://tienphong.vn/xay-dung-thanh-cong-ban-do-o-nhiem-rac-thai-nhua-tren-bien-post1706344.tpo via JSON-LD+Tags
2025-05-14 15:36:48.013 INFO  [Worker-0] c.d.crawler.storage.ArticleStorage [ArticleStorage.java:52] - Saved article: https://tienphong.vn/tao-thuoc-bao-ve-thuc-vat-tu-cay-thong-bach-dan-post1706345.tpo via JSON-LD+Tags
2025-05-14 15:36:48.047 INFO  [Worker-4] c.d.crawler.storage.ArticleStorage [ArticleStorage.java:52] - Saved article: https://tienphong.vn/song-thap-thom-ben-bo-song-sat-lo-post1706348.tpo via JSON-LD+Tags
2025-05-14 15:36:48.234 INFO  [Worker-1] c.d.crawler.storage.ArticleStorage [ArticleStorage.java:52] - Saved article: https://tienphong.vn/tuoi-tre-ca-mau-trong-cham-soc-hon-4200km-cay-xanh-chong-sat-lo-post1705590.tpo via JSON-LD+Tags
2025-05-14 15:36:48.249 INFO  [Worker-5] c.d.crawler.storage.ArticleStorage [ArticleStorage.java:52] - Saved article: https://tienphong.vn/tra-ve-tu-nhien-12-ca-the-thu-quy-hiem-post1706188.tpo via JSON-LD+Tags
2025-05-14 15:36:48.262 INFO  [Worker-3] c.d.crawler.storage.ArticleStorage [ArticleStorage.java:52] - Saved article: https://tienphong.vn/cay-thong-noel-doc-dao-cao-8-met-lam-tu-vo-goi-mi-tom-bao-ni-long-post1703726.tpo via JSON-LD+Tags
2025-05-14 15:36:48.328 INFO  [Worker-4] c.d.crawler.storage.ArticleStorage [ArticleStorage.java:52] - Saved article: https://tienphong.vn/nganh-giao-duc-ha-noi-yeu-cau-truong-hoc-thi-dua-bao-ve-moi-truong-post1703585.tpo via JSON-LD+Tags
2025-05-14 15:36:48.338 INFO  [Worker-0] c.d.crawler.storage.ArticleStorage [ArticleStorage.java:52] - Saved article: https://tienphong.vn/hoc-sinh-thu-do-nghi-cach-cuu-moi-truong-o-nhiem-post1703665.tpo via JSON-LD+Tags
2025-05-14 15:36:48.354 INFO  [Worker-2] c.d.crawler.storage.ArticleStorage [ArticleStorage.java:52] - Saved article: https://tienphong.vn/uu-tien-dau-tu-bao-ton-bien-de-giu-gin-cho-mai-sau-post1703774.tpo via JSON-LD+Tags
2025-05-14 15:36:48.563 INFO  [Worker-1] c.d.crawler.storage.ArticleStorage [ArticleStorage.java:52] - Saved article: https://tienphong.vn/thac-si-rung-dau-tien-duoi-tan-rung-u-minh-post1703313.tpo via JSON-LD+Tags
2025-05-14 15:36:48.579 INFO  [Worker-5] c.d.crawler.storage.ArticleStorage [ArticleStorage.java:52] - Saved article: https://tienphong.vn/viet-nam-se-co-27-khu-bao-ton-bien-vao-nam-2030-post1703105.tpo via JSON-LD+Tags
2025-05-14 15:36:48.582 INFO  [Worker-3] c.d.crawler.storage.ArticleStorage [ArticleStorage.java:52] - Saved article: https://tienphong.vn/nha-may-13-trieu-usd-se-giu-mau-xanh-cho-vinh-nha-trang-post1702881.tpo via JSON-LD+Tags
2025-05-14 15:36:48.661 INFO  [Worker-0] c.d.crawler.storage.ArticleStorage [ArticleStorage.java:52] - Saved article: https://tienphong.vn/nguyen-tac-4-dung-khi-dung-thuoc-bao-ve-thuc-vat-post1702861.tpo via JSON-LD+Tags
2025-05-14 15:36:48.678 INFO  [Worker-2] c.d.crawler.storage.ArticleStorage [ArticleStorage.java:52] - Saved article: https://tienphong.vn/gioi-khoa-hoc-ban-cach-chon-vi-tri-xay-dung-phong-chong-thien-tai-post1702937.tpo via JSON-LD+Tags
2025-05-14 15:36:48.687 INFO  [Worker-4] c.d.crawler.storage.ArticleStorage [ArticleStorage.java:52] - Saved article: https://tienphong.vn/trong-them-hang-tram-cay-dua-bien-da-nang-ngat-xanh-post1702843.tpo via JSON-LD+Tags
2025-05-14 15:36:48.896 INFO  [Worker-3] c.d.crawler.storage.ArticleStorage [ArticleStorage.java:52] - Saved article: https://tienphong.vn/phat-dong-cuoc-thi-anh-ve-bao-ve-moi-truong-luu-vuc-song-post1702306.tpo via JSON-LD+Tags
2025-05-14 15:36:48.912 INFO  [Worker-1] c.d.crawler.storage.ArticleStorage [ArticleStorage.java:52] - Saved article: https://tienphong.vn/hoc-sinh-truong-thpt-chuyen-ha-noi-amsterdam-gianh-giai-nhat-dai-su-giam-nhua-post1702457.tpo via JSON-LD+Tags
2025-05-14 15:36:48.920 INFO  [Worker-5] c.d.crawler.storage.ArticleStorage [ArticleStorage.java:52] - Saved article: https://tienphong.vn/thanh-nien-ha-long-vi-muc-tieu-thanh-pho-xanh-post1702183.tpo via JSON-LD+Tags
2025-05-14 15:36:48.984 INFO  [Worker-0] c.d.crawler.storage.ArticleStorage [ArticleStorage.java:52] - Saved article: https://tienphong.vn/ngay-dem-giu-rung-tram-tuoi-giua-dai-ngan-post1701510.tpo via JSON-LD+Tags
2025-05-14 15:36:48.999 INFO  [Worker-2] c.d.crawler.storage.ArticleStorage [ArticleStorage.java:52] - Saved article: https://tienphong.vn/11-ca-the-khi-quy-hiem-duoc-tha-ve-khu-bao-ton-thien-nhien-pu-huong-post1701851.tpo via JSON-LD+Tags
2025-05-14 15:36:49.003 INFO  [Worker-4] c.d.crawler.storage.ArticleStorage [ArticleStorage.java:52] - Saved article: https://tienphong.vn/loi-bun-san-dac-san-muu-sinh-o-rung-ban-post1701560.tpo via JSON-LD+Tags
2025-05-14 15:36:49.895 INFO  [Worker-3] c.d.crawler.storage.ArticleStorage [ArticleStorage.java:52] - Saved article: https://thanhnien.vn/vu-tuon-dat-hiem-sang-trung-quoc-chu-tich-cong-ty-thai-duong-phai-nop-736-ti-185250514105346105.htm via JSON-LD+Tags
2025-05-14 15:36:49.897 INFO  [Worker-4] c.d.crawler.storage.ArticleStorage [ArticleStorage.java:52] - Saved article: https://thanhnien.vn/tphcm-phat-hien-mot-cong-ty-su-dung-hang-tan-nguyen-lieu-bot-dam-het-han-18525051408190813.htm via JSON-LD+Tags
2025-05-14 15:36:49.897 INFO  [Worker-0] c.d.crawler.storage.ArticleStorage [ArticleStorage.java:52] - Saved article: https://thanhnien.vn/dinh-chi-dieu-tra-vu-an-lien-quan-ong-nguyen-hong-khanh-cuu-bi-thu-ben-cat-185250514124709469.htm via JSON-LD+Tags
2025-05-14 15:36:49.919 INFO  [Worker-1] c.d.crawler.storage.ArticleStorage [ArticleStorage.java:52] - Saved article: https://thanhnien.vn/ba-ria-vung-tau-phat-hien-thi-the-da-kho-gan-nui-dinh-185250514142242931.htm via JSON-LD+Tags
2025-05-14 15:36:49.920 INFO  [Worker-2] c.d.crawler.storage.ArticleStorage [ArticleStorage.java:52] - Saved article: https://thanhnien.vn/binh-thuan-chi-hon-30-ti-dong-cho-30-can-bo-cap-phong-nghi-huu-truoc-tuoi-185250514112027706.htm via JSON-LD+Tags
2025-05-14 15:36:50.233 INFO  [Worker-5] c.d.crawler.storage.ArticleStorage [ArticleStorage.java:52] - Saved article: https://thanhnien.vn/ba-ria-vung-tau-phat-hien-thi-the-tre-so-sinh-dang-phan-huy-185250512112647324.htm via JSON-LD+Tags
2025-05-14 15:36:50.255 INFO  [Worker-4] c.d.crawler.storage.ArticleStorage [ArticleStorage.java:52] - Saved article: https://thanhnien.vn/cong-an-tinh-ca-mau-canh-bao-thu-doan-lua-dao-phu-huynh-cai-ung-dung-vneid-185250514042410221.htm via JSON-LD+Tags
2025-05-14 15:36:50.286 INFO  [Worker-2] c.d.crawler.storage.ArticleStorage [ArticleStorage.java:52] - Saved article: https://thanhnien.vn/bo-de-xuat-nguoi-noi-tieng-phai-su-dung-san-pham-truoc-khi-quang-cao-185250510002441015.htm via JSON-LD+Tags
2025-05-14 15:36:50.554 INFO  [Worker-3] c.d.crawler.storage.ArticleStorage [ArticleStorage.java:52] - Saved article: https://thanhnien.vn/cong-an-ca-mau-canh-bao-lua-dao-lam-can-cuoc-truc-tuyen-cho-tre-em-185250430171705788.htm via JSON-LD+Tags
2025-05-14 15:36:50.627 INFO  [Worker-1] c.d.crawler.storage.ArticleStorage [ArticleStorage.java:52] - Saved article: https://thanhnien.vn/phai-thong-xe-ky-thuat-ql28b-truoc-19-de-dap-ung-yeu-cau-sap-nhap-185250419152106115.htm via JSON-LD+Tags
2025-05-14 15:36:50.640 INFO  [Worker-0] c.d.crawler.storage.ArticleStorage [ArticleStorage.java:52] - Saved article: https://thanhnien.vn/xe-may-tren-5-nam-khong-kiem-dinh-khi-thai-co-bi-xu-phat-185241217155157593.htm via JSON-LD+Tags
2025-05-14 15:36:50.644 INFO  [Worker-2] c.d.crawler.storage.ArticleStorage [ArticleStorage.java:52] - Saved article: https://thanhnien.vn/bat-3-doi-tuong-van-chuyen-9-kg-ma-tuy-185250514114617909.htm via JSON-LD+Tags
2025-05-14 15:36:50.769 INFO  [Worker-5] c.d.crawler.storage.ArticleStorage [ArticleStorage.java:52] - Saved article: https://thanhnien.vn/no-5-trieu-dong-vi-dua-doi-mua-iphone-bi-ban-dua-vao-trong-ma-tuy-185250512211606725.htm via JSON-LD+Tags
2025-05-14 15:36:50.932 INFO  [Worker-1] c.d.crawler.storage.ArticleStorage [ArticleStorage.java:52] - Saved article: https://thanhnien.vn/vu-dan-chan-xe-cho-rac-hang-tram-tan-rac-un-u-dang-duoc-thu-gom-185250512152712801.htm via JSON-LD+Tags
2025-05-14 15:36:51.024 INFO  [Worker-0] c.d.crawler.storage.ArticleStorage [ArticleStorage.java:52] - Saved article: https://thanhnien.vn/khanh-hoa-van-hanh-bo-nao-so-trung-tam-giam-sat-dieu-hanh-thong-minh-185250514103228023.htm via JSON-LD+Tags
2025-05-14 15:36:51.153 INFO  [Worker-3] c.d.crawler.storage.ArticleStorage [ArticleStorage.java:52] - Saved article: https://thanhnien.vn/mot-be-gai-so-sinh-bi-bo-roi-ben-duong-con-nguyen-day-ron-185250507092148928.htm via JSON-LD+Tags
2025-05-14 15:36:51.163 INFO  [Worker-5] c.d.crawler.storage.ArticleStorage [ArticleStorage.java:52] - Saved article: https://thanhnien.vn/vi-sao-nha-trang-duoc-chon-lam-trung-tam-hanh-chinh-cua-tinh-khanh-hoa-moi-185250423100508393.htm via JSON-LD+Tags
2025-05-14 15:36:51.185 INFO  [Worker-2] c.d.crawler.storage.ArticleStorage [ArticleStorage.java:52] - Saved article: https://thanhnien.vn/chiu-khong-noi-mui-hoi-thoi-nguoi-dan-dung-lan-chan-xe-cho-rac-185250512144056197.htm via JSON-LD+Tags
2025-05-14 15:36:51.262 INFO  [Worker-1] c.d.crawler.storage.ArticleStorage [ArticleStorage.java:52] - Saved article: https://thanhnien.vn/sau-sap-nhap-mot-so-dia-danh-than-thuong-chi-con-la-hoai-niem-185250514101743137.htm via JSON-LD+Tags
2025-05-14 15:36:51.330 INFO  [Worker-0] c.d.crawler.storage.ArticleStorage [ArticleStorage.java:52] - Saved article: https://thanhnien.vn/bo-chat-van-vien-truong-va-chanh-an-nguoi-dan-bi-oan-se-nho-cay-ai-185250514091853968.htm via JSON-LD+Tags
2025-05-14 15:36:51.479 INFO  [Worker-2] c.d.crawler.storage.ArticleStorage [ArticleStorage.java:52] - Saved article: https://thanhnien.vn/chay-cua-hang-me-va-be-o-ha-tinh-gay-thiet-hai-2-ti-dong-185250514100426976.htm via JSON-LD+Tags
2025-05-14 15:36:51.573 INFO  [Worker-4] c.d.crawler.storage.ArticleStorage [ArticleStorage.java:52] - Saved article: https://thanhnien.vn/benh-vien-ung-buou-can-tho-qua-tai-nguoi-benh-chiu-dung-den-bao-gio-185250514090517055.htm via JSON-LD+Tags
2025-05-14 15:36:51.643 INFO  [Worker-0] c.d.crawler.storage.ArticleStorage [ArticleStorage.java:52] - Saved article: https://thanhnien.vn/ke-hoach-bo-tri-can-bo-sau-sap-xep-xa-phuong-tai-thanh-hoa-185250514094755498.htm via JSON-LD+Tags
2025-05-14 15:36:51.743 INFO  [Worker-3] c.d.crawler.storage.ArticleStorage [ArticleStorage.java:52] - Saved article: https://thanhnien.vn/du-an-benh-vien-ung-buou-can-tho-bo-hoang-may-nam-nay-toi-rat-sot-ruot-185250207153628508.htm via JSON-LD+Tags
2025-05-14 15:36:51.894 INFO  [Worker-1] c.d.crawler.storage.ArticleStorage [ArticleStorage.java:52] - Saved article: https://thanhnien.vn/tphcm-chay-khach-san-6-tang-canh-sat-giai-cuu-4-nguoi-185250513075217326.htm via JSON-LD+Tags
2025-05-14 15:36:51.981 INFO  [Worker-2] c.d.crawler.storage.ArticleStorage [ArticleStorage.java:52] - Saved article: https://thanhnien.vn/thanh-hoa-nhieu-dia-phuong-hop-ca-buoi-toi-kip-doi-lai-ten-xa-185250427161226234.htm via JSON-LD+Tags
2025-05-14 15:36:52.048 INFO  [Worker-4] c.d.crawler.storage.ArticleStorage [ArticleStorage.java:52] - Saved article: https://thanhnien.vn/bo-cong-an-huong-dan-nhan-dan-gop-y-sua-hien-phap-2013-tren-vneid-185250507140639413.htm via JSON-LD+Tags
2025-05-14 15:36:52.172 INFO  [Worker-0] c.d.crawler.storage.ArticleStorage [ArticleStorage.java:52] - Saved article: https://thanhnien.vn/de-xuat-sua-luat-bien-phong-nhieu-tham-quyen-o-bien-gioi-thay-doi-185250514074038711.htm via JSON-LD+Tags
2025-05-14 15:36:52.188 INFO  [Worker-5] c.d.crawler.storage.ArticleStorage [ArticleStorage.java:52] - Saved article: https://thanhnien.vn/nu-sinh-vien-o-hue-mat-65-trieu-vi-cuoc-dien-thoai-lua-dao-cua-ke-xau-185250304170015752.htm via JSON-LD+Tags
2025-05-14 15:36:52.290 INFO  [Worker-3] c.d.crawler.storage.ArticleStorage [ArticleStorage.java:52] - Saved article: https://thanhnien.vn/nghi-an-dam-chet-nguoi-roi-khoa-trai-cua-treo-co-tu-tu-185250514084351675.htm via JSON-LD+Tags
2025-05-14 15:36:52.527 INFO  [Worker-1] c.d.crawler.storage.ArticleStorage [ArticleStorage.java:52] - Saved article: https://thanhnien.vn/dieu-tra-vu-an-mang-khien-mot-nguoi-tu-vong-o-tphcm-185250407231001096.htm via JSON-LD+Tags
2025-05-14 15:36:52.553 INFO  [Worker-4] c.d.crawler.storage.ArticleStorage [ArticleStorage.java:52] - Saved article: https://thanhnien.vn/15-truong-pho-phong-cong-an-tinh-dien-bien-nghi-huu-truoc-tuoi-185250514075107904.htm via JSON-LD+Tags
2025-05-14 15:36:52.614 INFO  [Worker-5] c.d.crawler.storage.ArticleStorage [ArticleStorage.java:52] - Saved article: https://thanhnien.vn/ha-noi-tam-dinh-chi-truong-cong-an-xa-tam-hiep-lai-o-to-tong-6-xe-may-185250513235610855.htm via JSON-LD+Tags
2025-05-14 15:36:52.644 INFO  [Worker-2] c.d.crawler.storage.ArticleStorage [ArticleStorage.java:52] - Saved article: https://thanhnien.vn/them-30-lanh-dao-cap-phong-cua-cong-an-ha-noi-nghi-huu-truoc-tuoi-185250509135810392.htm via JSON-LD+Tags
2025-05-14 15:36:52.706 INFO  [Worker-0] c.d.crawler.storage.ArticleStorage [ArticleStorage.java:52] - Saved article: https://thanhnien.vn/tam-dinh-chi-cong-tac-can-bo-cong-an-bi-to-danh-nguoi-185250513221328352.htm via JSON-LD+Tags
2025-05-14 15:36:52.759 INFO  [Worker-3] c.d.crawler.storage.ArticleStorage [ArticleStorage.java:52] - Saved article: https://thanhnien.vn/huyen-thoai-co-gai-hai-bom-giua-rung-u-minh-ha-18525051322522178.htm via JSON-LD+Tags
2025-05-14 15:36:53.012 INFO  [Worker-5] c.d.crawler.storage.ArticleStorage [ArticleStorage.java:52] - Saved article: https://thanhnien.vn/sach-giao-khoa-gia-tuon-ra-thi-truong-nho-chiet-khau-khung-den-69-185250513213434742.htm via JSON-LD+Tags
2025-05-14 15:36:53.169 INFO  [Worker-3] c.d.crawler.storage.ArticleStorage [ArticleStorage.java:52] - Saved article: https://thanhnien.vn/dong-bhxh-the-nao-khi-nhan-vien-co-hai-hop-dong-lao-dong-185250513140447885.htm via JSON-LD+Tags
2025-05-14 15:36:53.232 INFO  [Worker-2] c.d.crawler.storage.ArticleStorage [ArticleStorage.java:52] - Saved article: https://thanhnien.vn/nguoi-lao-dong-tam-hoan-hop-dong-thi-dong-bhxh-duoc-khong-185250512202328563.htm via JSON-LD+Tags
2025-05-14 15:36:53.292 INFO  [Worker-1] c.d.crawler.storage.ArticleStorage [ArticleStorage.java:52] - Saved article: https://thanhnien.vn/so-nguoi-de-nghi-huong-tro-cap-that-nghiep-o-tphcm-tang-hon-16-185250512144918634.htm via JSON-LD+Tags
2025-05-14 15:36:53.378 INFO  [Worker-5] c.d.crawler.storage.ArticleStorage [ArticleStorage.java:52] - Saved article: https://thanhnien.vn/khong-xac-dinh-noi-thuong-tru-tam-tru-co-duoc-cap-phieu-ly-lich-tu-phap-185250512152147108.htm via JSON-LD+Tags
2025-05-14 15:36:53.388 INFO  [Worker-4] c.d.crawler.storage.ArticleStorage [ArticleStorage.java:52] - Saved article: https://thanhnien.vn/nhip-song-moi-o-toa-do-do-u-minh-xua-185250512180554509.htm via JSON-LD+Tags
2025-05-14 15:36:53.524 INFO  [Worker-3] c.d.crawler.storage.ArticleStorage [ArticleStorage.java:52] - Saved article: https://thanhnien.vn/co-quan-to-chuc-yeu-cau-cap-ly-lich-tu-phap-cho-nguoi-khong-noi-cu-tru-duoc-khong-185250513161230874.htm via JSON-LD+Tags
2025-05-14 15:36:53.663 INFO  [Worker-1] c.d.crawler.storage.ArticleStorage [ArticleStorage.java:52] - Saved article: https://thanhnien.vn/song-o-tphcm-nhung-con-duong-lich-su-giua-long-thanh-pho-185250509131622636.htm via JSON-LD+Tags
2025-05-14 15:36:53.774 INFO  [Worker-5] c.d.crawler.storage.ArticleStorage [ArticleStorage.java:52] - Saved article: https://thanhnien.vn/cu-ba-song-30-nam-trong-hop-ngu-o-tphcm-ban-doc-lam-dieu-bat-ngo-185250513001720514.htm via JSON-LD+Tags
2025-05-14 15:36:53.900 INFO  [Worker-4] c.d.crawler.storage.ArticleStorage [ArticleStorage.java:52] - Saved article: https://thanhnien.vn/thuong-si-viet-nam-ke-chuyen-sau-man-song-ca-gay-sot-voi-quan-nhan-trung-quoc-tai-nga-185250513134013459.htm via JSON-LD+Tags
2025-05-14 15:36:53.957 INFO  [Worker-3] c.d.crawler.storage.ArticleStorage [ArticleStorage.java:52] - Saved article: https://thanhnien.vn/tau-ngam-kilo-636-don-vi-dac-biet-cua-hai-quan-viet-nam-185250506225033241.htm via JSON-LD+Tags
2025-05-14 15:36:53.991 INFO  [Worker-1] c.d.crawler.storage.ArticleStorage [ArticleStorage.java:52] - Saved article: https://thanhnien.vn/de-xuat-sua-luat-nghia-vu-quan-su-khi-bo-cap-huyen-them-nhiem-vu-cho-4-bo-185250513095314078.htm via JSON-LD+Tags
2025-05-14 15:36:54.156 INFO  [Worker-2] c.d.crawler.storage.ArticleStorage [ArticleStorage.java:52] - Saved article: https://thanhnien.vn/thong-tin-be-trai-4-tuoi-nghi-bi-bat-coc-truoc-cong-truong-la-sai-su-that-185250422105803663.htm via JSON-LD+Tags
2025-05-14 15:36:54.240 INFO  [Worker-5] c.d.crawler.storage.ArticleStorage [ArticleStorage.java:52] - Saved article: https://thanhnien.vn/ben-tre-tien-giang-xu-phat-2-nguoi-tung-tin-gia-ve-viec-sap-nhap-tinh-185250506130552065.htm via JSON-LD+Tags
2025-05-14 15:36:54.545 INFO  [Worker-3] c.d.crawler.storage.ArticleStorage [ArticleStorage.java:52] - Saved article: https://thanhnien.vn/cong-an-tinh-vinh-long-len-tieng-ve-thong-tin-cong-an-xa-danh-nguoi-185250417091126089.htm via JSON-LD+Tags
2025-05-14 15:36:55.267 INFO  [Worker-3] c.d.crawler.storage.ArticleStorage [ArticleStorage.java:52] - Saved article: https://dantri.com.vn/phap-luat/bua-sang-voi-nguyen-bi-thu-thanh-uy-ha-noi-cua-chu-tich-tap-doan-thuan-an-20250512150729966.htm via JSON-LD+Tags
2025-05-14 15:36:55.282 INFO  [Worker-2] c.d.crawler.storage.ArticleStorage [ArticleStorage.java:52] - Saved article: https://dantri.com.vn/phap-luat/de-nghi-truy-to-cuu-pho-chu-nhiem-van-phong-quoc-hoi-pham-thai-ha-20250512131030209.htm via JSON-LD+Tags
2025-05-14 15:36:55.297 INFO  [Worker-1] c.d.crawler.storage.ArticleStorage [ArticleStorage.java:52] - Saved article: https://dantri.com.vn/o-to-xe-may/dung-la-dung-vuot-la-vuot-sao-dung-xe-lai-bi-xem-nhu-vuot-den-do-20250511173248522.htm via JSON-LD+Tags
2025-05-14 15:36:55.383 INFO  [Worker-0] c.d.crawler.storage.ArticleStorage [ArticleStorage.java:52] - Saved article: https://dantri.com.vn/xa-hoi/dieu-binh-va-duyet-binh-khac-nhau-nhu-the-nao-20250513165646442.htm via JSON-LD+Tags
2025-05-14 15:36:55.511 INFO  [Worker-4] c.d.crawler.storage.ArticleStorage [ArticleStorage.java:52] - Saved article: https://dantri.com.vn/phap-luat/bat-nguyen-cuc-truong-nguyen-thanh-phong-vu-100-tan-thuc-pham-chuc-nang-gia-20250513164657505.htm via JSON-LD+Tags
2025-05-14 15:36:55.646 INFO  [Worker-2] c.d.crawler.storage.ArticleStorage [ArticleStorage.java:52] - Saved article: https://vietnamnet.vn/chinh-phu-thong-qua-ho-so-de-an-sap-nhap-con-34-tinh-thanh-va-3-321-xa-phuong-2399857.html via JSON-LD+Tags
2025-05-14 15:36:55.664 INFO  [Worker-1] c.d.crawler.storage.ArticleStorage [ArticleStorage.java:52] - Saved article: https://vietnamnet.vn/thu-tuong-du-le-khoi-cong-tuyen-cao-toc-huyet-mach-gan-20-000-ty-qua-nam-dinh-thai-binh-2400241.html via JSON-LD+Tags
2025-05-14 15:36:55.723 INFO  [Worker-5] c.d.crawler.storage.ArticleStorage [ArticleStorage.java:52] - Saved article: https://vietnamnet.vn/bo-noi-vu-bi-thu-chu-tich-cap-huyen-se-ve-lam-nong-cot-tai-3-321-xa-phuong-moi-2399532.html via JSON-LD+Tags
2025-05-14 15:36:55.756 INFO  [Worker-3] c.d.crawler.storage.ArticleStorage [ArticleStorage.java:52] - Saved article: https://vietnamnet.vn/ca-nuoc-giam-hon-250-000-nguoi-huong-luong-ngan-sach-sau-sap-nhap-tinh-xa-2399425.html via JSON-LD+Tags
2025-05-14 15:36:55.900 INFO  [Worker-0] c.d.crawler.storage.ArticleStorage [ArticleStorage.java:52] - Saved article: https://vietnamnet.vn/213-can-bo-xin-thoi-viec-nghi-huu-truoc-tuoi-da-nang-da-tra-che-do-hon-191-ty-2398312.html via JSON-LD+Tags
2025-05-14 15:36:55.951 INFO  [Worker-4] c.d.crawler.storage.ArticleStorage [ArticleStorage.java:52] - Saved article: https://vietnamnet.vn/cac-xa-phuong-moi-o-buon-ma-thuot-van-huong-chinh-sach-dac-thu-khi-bo-cap-huyen-2399050.html via JSON-LD+Tags
2025-05-14 15:36:55.979 INFO  [Worker-1] c.d.crawler.storage.ArticleStorage [ArticleStorage.java:52] - Saved article: https://vietnamnet.vn/sap-nhap-hai-duong-va-hai-phong-khong-phai-chi-la-1-phep-cong-co-hoc-2396050.html via JSON-LD+Tags
2025-05-14 15:36:56.008 INFO  [Worker-2] c.d.crawler.storage.ArticleStorage [ArticleStorage.java:52] - Saved article: https://vietnamnet.vn/chinh-phu-de-xuat-danh-them-54-000-ty-dong-cho-tinh-gon-bo-may-mien-hoc-phi-2397636.html via JSON-LD+Tags
2025-05-14 15:36:56.050 INFO  [Worker-5] c.d.crawler.storage.ArticleStorage [ArticleStorage.java:52] - Saved article: https://vietnamnet.vn/chuyen-chua-ke-ve-hanh-trinh-nam-tien-gan-2-000-km-cua-62-chien-ma-ky-binh-2395064.html via JSON-LD+Tags
2025-05-14 15:36:56.207 INFO  [Worker-3] c.d.crawler.storage.ArticleStorage [ArticleStorage.java:52] - Saved article: https://vietnamnet.vn/ten-goi-tinh-khac-di-nhung-tinh-than-dong-khoi-cua-ben-tre-tiep-tuc-duoc-lan-toa-2394620.html via JSON-LD+Tags
2025-05-14 15:36:56.271 INFO  [Worker-4] c.d.crawler.storage.ArticleStorage [ArticleStorage.java:52] - Saved article: https://vietnamnet.vn/da-nang-quang-tri-bo-cach-dat-ten-phuong-xa-moi-theo-so-thu-tu-1-2-3-2393858.html via JSON-LD+Tags
2025-05-14 15:36:56.285 INFO  [Worker-1] c.d.crawler.storage.ArticleStorage [ArticleStorage.java:52] - Saved article: https://vietnamnet.vn/ly-do-hop-nhat-2-tinh-thai-binh-va-hung-yen-lay-ten-tinh-moi-la-hung-yen-2393578.html via JSON-LD+Tags
2025-05-14 15:36:56.292 INFO  [Worker-0] c.d.crawler.storage.ArticleStorage [ArticleStorage.java:52] - Saved article: https://vietnamnet.vn/vi-sao-hai-phong-chon-thuy-nguyen-lam-thu-phu-khi-sap-nhap-voi-hai-duong-2393625.html via JSON-LD+Tags
2025-05-14 15:36:56.333 INFO  [Worker-2] c.d.crawler.storage.ArticleStorage [ArticleStorage.java:52] - Saved article: https://vietnamnet.vn/bao-chi-cach-mang-can-doi-moi-thuc-chat-khong-chieu-le-2393381.html via JSON-LD+Tags
2025-05-14 15:36:56.424 INFO  [Worker-5] c.d.crawler.storage.ArticleStorage [ArticleStorage.java:52] - Saved article: https://vietnamnet.vn/sap-nhap-binh-dinh-va-gia-lai-thanh-sieu-tinh-rung-vang-bien-bac-2392862.html via JSON-LD+Tags
2025-05-14 15:36:56.578 INFO  [Worker-3] c.d.crawler.storage.ArticleStorage [ArticleStorage.java:52] - Saved article: https://vietnamnet.vn/kho-khan-trong-bo-tri-lanh-dao-chu-chot-khi-nhap-can-tho-hau-giang-soc-trang-2392711.html via JSON-LD+Tags
2025-05-14 15:36:56.626 INFO  [Worker-4] c.d.crawler.storage.ArticleStorage [ArticleStorage.java:52] - Saved article: https://vietnamnet.vn/sap-nhap-hai-phong-va-hai-duong-huong-toi-do-thi-dac-biet-thu-3-cua-ca-nuoc-2392870.html via JSON-LD+Tags
2025-05-14 15:36:56.628 INFO  [Worker-1] c.d.crawler.storage.ArticleStorage [ArticleStorage.java:52] - Saved article: https://vietnamnet.vn/bo-noi-vu-truoc-mat-giu-nguyen-cac-thon-to-dan-pho-hien-co-2392640.html via JSON-LD+Tags
2025-05-14 15:36:56.632 INFO  [Worker-0] c.d.crawler.storage.ArticleStorage [ArticleStorage.java:52] - Saved article: https://vietnamnet.vn/sap-nhap-cap-xa-ten-2-thanh-pho-tam-ky-va-hoi-an-tro-thanh-2-phuong-2392811.html via JSON-LD+Tags
2025-05-14 15:36:56.724 INFO  [Worker-5] c.d.crawler.storage.ArticleStorage [ArticleStorage.java:52] - Saved article: https://vietnamnet.vn/bi-thu-khanh-hoa-noi-ve-sap-xep-can-bo-tinh-ly-khi-sap-nhap-voi-ninh-thuan-2391851.html via JSON-LD+Tags
2025-05-14 15:36:56.773 INFO  [Worker-2] c.d.crawler.storage.ArticleStorage [ArticleStorage.java:52] - Saved article: https://vietnamnet.vn/ong-pham-viet-thanh-khong-de-tieu-cuc-trong-bo-tri-can-bo-khi-sap-nhap-tinh-2392584.html via JSON-LD+Tags
2025-05-14 15:36:56.948 INFO  [Worker-1] c.d.crawler.storage.ArticleStorage [ArticleStorage.java:52] - Saved article: https://vietnamnet.vn/sap-xep-lai-bo-may-nhan-su-thanh-tra-tinh-khi-khong-con-thanh-tra-huyen-so-2391674.html via JSON-LD+Tags
2025-05-14 15:36:56.950 INFO  [Worker-0] c.d.crawler.storage.ArticleStorage [ArticleStorage.java:52] - Saved article: https://vietnamnet.vn/giai-the-don-vi-hanh-chinh-cap-huyen-84-thanh-pho-thuoc-tinh-se-khong-con-2390460.html via JSON-LD+Tags
2025-05-14 15:36:56.950 INFO  [Worker-4] c.d.crawler.storage.ArticleStorage [ArticleStorage.java:52] - Saved article: https://vietnamnet.vn/de-xuat-to-chuc-lai-12-thanh-tra-bo-thanh-8-cuc-cua-thanh-tra-chinh-phu-2390381.html via JSON-LD+Tags
2025-05-14 15:36:56.972 INFO  [Worker-3] c.d.crawler.storage.ArticleStorage [ArticleStorage.java:52] - Saved article: https://vietnamnet.vn/ai-se-lam-bi-thu-chu-tich-xa-moi-sau-sap-nhap-2391535.html via JSON-LD+Tags
2025-05-14 15:36:57.067 INFO  [Worker-5] c.d.crawler.storage.ArticleStorage [ArticleStorage.java:52] - Saved article: https://vietnamnet.vn/bi-thu-le-tien-chau-nghien-cuu-phuong-an-toi-uu-sap-nhap-hai-duong-va-hai-phong-2389694.html via JSON-LD+Tags
2025-05-14 15:36:57.172 INFO  [Worker-2] c.d.crawler.storage.ArticleStorage [ArticleStorage.java:52] - Saved article: https://vietnamnet.vn/thu-tuong-yeu-cau-moi-du-an-cao-toc-phai-co-mot-thu-truong-phu-trach-2389469.html via JSON-LD+Tags
2025-05-14 15:36:58.047 INFO  [Worker-1] c.d.crawler.storage.ArticleStorage [ArticleStorage.java:52] - Saved article: https://vnexpress.net/dung-may-phat-dien-thap-sang-cau-can-tho-4885821.html via JSON-LD+Tags
2025-05-14 15:36:58.088 INFO  [Worker-2] c.d.crawler.storage.ArticleStorage [ArticleStorage.java:52] - Saved article: https://vnexpress.net/bai-rac-lon-nhat-thanh-hoa-hoat-dong-tro-lai-4885741.html via JSON-LD+Tags
2025-05-14 15:36:58.322 INFO  [Worker-5] c.d.crawler.storage.ArticleStorage [ArticleStorage.java:52] - Saved article: https://vnexpress.net/dung-may-sieu-am-tim-nguyen-nhan-lun-o-nut-giao-lon-nhat-nha-trang-4885779.html via JSON-LD+Tags
2025-05-14 15:36:58.325 INFO  [Worker-1] c.d.crawler.storage.ArticleStorage [ArticleStorage.java:52] - Saved article: https://vnexpress.net/cap-tinh-can-han-che-cam-tay-chi-viec-voi-cap-xa-4885706.html via JSON-LD+Tags
2025-05-14 15:36:58.343 INFO  [Worker-3] c.d.crawler.storage.ArticleStorage [ArticleStorage.java:52] - Saved article: https://vnexpress.net/de-xuat-can-bo-dan-su-duoc-tham-gia-gin-giu-hoa-binh-lien-hop-quoc-4885551.html via JSON-LD+Tags
2025-05-14 15:36:58.370 INFO  [Worker-2] c.d.crawler.storage.ArticleStorage [ArticleStorage.java:52] - Saved article: https://vnexpress.net/ba-hoc-sinh-bi-dien-phong-khi-go-dieu-4885555.html via JSON-LD+Tags
2025-05-14 15:36:58.375 INFO  [Worker-4] c.d.crawler.storage.ArticleStorage [ArticleStorage.java:52] - Saved article: https://vnexpress.net/tp-hcm-nang-cap-tuyen-duong-he-mua-ngap-lut-banh-xe-4885759.html via JSON-LD+Tags
2025-05-14 15:36:58.384 INFO  [Worker-0] c.d.crawler.storage.ArticleStorage [ArticleStorage.java:52] - Saved article: https://vnexpress.net/hang-nghin-nguoi-nghenh-don-xa-loi-duc-phat-tren-duong-pho-thu-do-4885547.html via JSON-LD+Tags
2025-05-14 15:36:58.612 INFO  [Worker-1] c.d.crawler.storage.ArticleStorage [ArticleStorage.java:52] - Saved article: https://vnexpress.net/hai-phong-nhan-danh-hieu-thanh-pho-anh-hung-4885511.html via JSON-LD+Tags
2025-05-14 15:36:58.613 INFO  [Worker-5] c.d.crawler.storage.ArticleStorage [ArticleStorage.java:52] - Saved article: https://vnexpress.net/tong-bi-thu-to-lam-phan-cap-quan-ly-de-van-hanh-bo-may-4885521.html via JSON-LD+Tags
2025-05-14 15:36:58.650 INFO  [Worker-2] c.d.crawler.storage.ArticleStorage [ArticleStorage.java:52] - Saved article: https://vnexpress.net/duong-vua-nang-cap-bi-sup-xuong-song-4885517.html via JSON-LD+Tags
2025-05-14 15:36:58.651 INFO  [Worker-4] c.d.crawler.storage.ArticleStorage [ArticleStorage.java:52] - Saved article: https://vnexpress.net/chay-xuong-in-o-ha-noi-4885528.html via JSON-LD+Tags
2025-05-14 15:36:58.667 INFO  [Worker-3] c.d.crawler.storage.ArticleStorage [ArticleStorage.java:52] - Saved article: https://vnexpress.net/xe-cuu-thuong-tong-oto-6-nguoi-bi-thuong-4885522.html via JSON-LD+Tags
2025-05-14 15:36:58.689 INFO  [Worker-0] c.d.crawler.storage.ArticleStorage [ArticleStorage.java:52] - Saved article: https://vnexpress.net/cau-can-tho-thieu-sang-nguy-co-tai-nan-4885388.html via JSON-LD+Tags
2025-05-14 15:36:58.897 INFO  [Worker-1] c.d.crawler.storage.ArticleStorage [ArticleStorage.java:52] - Saved article: https://vnexpress.net/hop-long-cau-hon-680-ty-dong-noi-ninh-binh-nam-dinh-4885432.html via JSON-LD+Tags
2025-05-14 15:36:58.956 INFO  [Worker-2] c.d.crawler.storage.ArticleStorage [ArticleStorage.java:52] - Saved article: https://vnexpress.net/chuyen-600-tan-rac-tu-tp-thanh-hoa-di-dot-4885195.html via JSON-LD+Tags
2025-05-14 15:36:58.956 INFO  [Worker-4] c.d.crawler.storage.ArticleStorage [ArticleStorage.java:52] - Saved article: https://vnexpress.net/phat-hien-bom-200-kg-khi-dao-muong-4885334.html via JSON-LD+Tags
2025-05-14 15:36:58.961 INFO  [Worker-3] c.d.crawler.storage.ArticleStorage [ArticleStorage.java:52] - Saved article: https://vnexpress.net/se-dung-phan-mem-danh-gia-kpi-cong-chuc-de-tranh-cam-tinh-4883820.html via JSON-LD+Tags
2025-05-14 15:36:58.969 INFO  [Worker-5] c.d.crawler.storage.ArticleStorage [ArticleStorage.java:52] - Saved article: https://vnexpress.net/ong-tran-quang-lam-lam-quyen-giam-doc-so-xay-dung-tp-hcm-4885352.html via JSON-LD+Tags
2025-05-14 15:36:59.029 INFO  [Worker-0] c.d.crawler.storage.ArticleStorage [ArticleStorage.java:52] - Saved article: https://vnexpress.net/oto-cho-hon-20-nguoi-lat-ngua-tren-quoc-lo-4885155.html via JSON-LD+Tags
2025-05-14 15:36:59.192 INFO  [Worker-1] c.d.crawler.storage.ArticleStorage [ArticleStorage.java:52] - Saved article: https://vnexpress.net/chay-khach-san-o-tp-hcm-4885131.html via JSON-LD+Tags
2025-05-14 15:36:59.234 INFO  [Worker-4] c.d.crawler.storage.ArticleStorage [ArticleStorage.java:52] - Saved article: https://vnexpress.net/tien-si-me-vo-beo-cua-mit-o-ca-mau-4883288.html via JSON-LD+Tags
2025-05-14 15:36:59.234 INFO  [Worker-2] c.d.crawler.storage.ArticleStorage [ArticleStorage.java:52] - Saved article: https://vnexpress.net/quoc-hoi-xem-xet-loat-co-che-dac-thu-cho-tp-hai-phong-4885066.html via JSON-LD+Tags
2025-05-14 15:36:59.258 INFO  [Worker-5] c.d.crawler.storage.ArticleStorage [ArticleStorage.java:52] - Saved article: https://vnexpress.net/than-den-di-doi-nha-1-000-tan-de-lam-vanh-dai-3-tp-hcm-4885043.html via JSON-LD+Tags
2025-05-14 15:36:59.260 INFO  [Worker-3] c.d.crawler.storage.ArticleStorage [ArticleStorage.java:52] - Saved article: https://vnexpress.net/ha-noi-tp-hcm-co-the-ap-dung-quy-chuan-khi-thai-xe-may-tu-nam-2027-4885054.html via JSON-LD+Tags
2025-05-14 15:36:59.311 INFO  [Worker-0] c.d.crawler.storage.ArticleStorage [ArticleStorage.java:52] - Saved article: https://vnexpress.net/chinh-phu-yeu-cau-chuan-bi-dieu-binh-duyet-binh-dip-quoc-khanh-4885056.html via JSON-LD+Tags
2025-05-14 15:36:59.472 INFO  [Worker-1] c.d.crawler.storage.ArticleStorage [ArticleStorage.java:52] - Saved article: https://vnexpress.net/dan-khi-gan-60-con-pha-ray-nguoi-dan-4884965.html via JSON-LD+Tags
2025-05-14 15:36:59.517 INFO  [Worker-4] c.d.crawler.storage.ArticleStorage [ArticleStorage.java:52] - Saved article: https://vnexpress.net/ba-nguoi-tu-vong-duoi-ham-tau-ca-4885027.html via JSON-LD+Tags
2025-05-14 15:36:59.536 INFO  [Worker-2] c.d.crawler.storage.ArticleStorage [ArticleStorage.java:52] - Saved article: https://vnexpress.net/rac-thai-tran-lan-tren-duong-pho-thanh-hoa-4884877.html via JSON-LD+Tags
2025-05-14 15:36:59.551 INFO  [Worker-5] c.d.crawler.storage.ArticleStorage [ArticleStorage.java:52] - Saved article: https://vnexpress.net/vi-sao-ke-xau-co-duoc-hoa-don-tien-dien-de-lua-dao-nguoi-dan-4884847.html via JSON-LD+Tags
2025-05-14 15:36:59.592 INFO  [Worker-0] c.d.crawler.storage.ArticleStorage [ArticleStorage.java:52] - Saved article: https://vnexpress.net/thu-tuong-yeu-cau-lam-ngay-duong-10-lan-noi-tp-hung-yen-va-thai-binh-4884859.html via JSON-LD+Tags
2025-05-14 15:36:59.593 INFO  [Worker-3] c.d.crawler.storage.ArticleStorage [ArticleStorage.java:52] - Saved article: https://vnexpress.net/80-phu-nu-bi-lua-ban-de-lam-co-dau-boc-lot-tinh-duc-4884851.html via JSON-LD+Tags
2025-05-14 15:36:59.797 INFO  [Worker-1] c.d.crawler.storage.ArticleStorage [ArticleStorage.java:52] - Saved article: https://vnexpress.net/quoc-lo-noi-tp-hcm-long-an-sap-hoan-thanh-mo-rong-4884741.html via JSON-LD+Tags
2025-05-14 15:36:59.815 INFO  [Worker-2] c.d.crawler.storage.ArticleStorage [ArticleStorage.java:52] - Saved article: https://vnexpress.net/tau-co-o-bien-hoi-an-co-the-duoc-lam-tu-the-ky-14-16-4884608.html via JSON-LD+Tags
2025-05-14 15:36:59.874 INFO  [Worker-0] c.d.crawler.storage.ArticleStorage [ArticleStorage.java:52] - Saved article: https://vnexpress.net/khoi-cong-cao-toc-nam-dinh-thai-binh-4884465.html via JSON-LD+Tags
2025-05-14 15:36:59.876 INFO  [Worker-5] c.d.crawler.storage.ArticleStorage [ArticleStorage.java:52] - Saved article: https://vnexpress.net/rut-ngan-nhiem-ky-dai-bieu-quoc-hoi-de-som-kien-toan-nhan-su-cap-cao-4884609.html via JSON-LD+Tags
2025-05-14 15:36:59.911 INFO  [Worker-3] c.d.crawler.storage.ArticleStorage [ArticleStorage.java:52] - Saved article: https://vnexpress.net/chay-tiem-dien-lanh-o-tp-hcm-4884562.html via JSON-LD+Tags
2025-05-14 15:37:00.089 INFO  [Worker-2] c.d.crawler.storage.ArticleStorage [ArticleStorage.java:52] - Saved article: https://vnexpress.net/thap-da-bao-noi-luu-giu-vinh-vien-xa-loi-bo-tat-thich-quang-duc-4884487.html via JSON-LD+Tags
2025-05-14 15:37:00.183 INFO  [Worker-5] c.d.crawler.storage.ArticleStorage [ArticleStorage.java:52] - Saved article: https://vnexpress.net/hang-nghin-hecta-lua-bi-gay-do-sau-mua-giong-o-mien-trung-4884476.html via JSON-LD+Tags
2025-05-14 15:37:00.189 INFO  [Worker-3] c.d.crawler.storage.ArticleStorage [ArticleStorage.java:52] - Saved article: https://vnexpress.net/kho-chap-nhan-neu-quy-mo-kinh-te-hai-phong-khong-o-top-ba-ca-nuoc-4883832.html via JSON-LD+Tags
2025-05-14 15:37:00.216 INFO  [Worker-0] c.d.crawler.storage.ArticleStorage [ArticleStorage.java:52] - Saved article: https://vnexpress.net/de-xuat-da-dang-hoa-hinh-thuc-van-dong-bau-cu-quoc-hoi-va-hdnd-4884433.html via JSON-LD+Tags
2025-05-14 15:37:00.377 INFO  [Worker-4] c.d.crawler.storage.ArticleStorage [ArticleStorage.java:52] - Saved article: https://vnexpress.net/hai-hoc-sinh-tra-lai-lac-vang-nhat-duoc-4884844.html via JSON-LD+Tags
2025-05-14 15:37:00.493 INFO  [Worker-5] c.d.crawler.storage.ArticleStorage [ArticleStorage.java:52] - Saved article: https://vnexpress.net/hang-nghin-tang-ni-phat-tu-di-bo-ruoc-phat-4884463.html via JSON-LD+Tags
2025-05-14 15:37:00.738 INFO  [Worker-2] c.d.crawler.storage.ArticleStorage [ArticleStorage.java:52] - Saved article: https://vnexpress.net/hon-1-100-can-bo-kon-tum-chuyen-xuong-quang-ngai-sau-sap-nhap-4884415.html via JSON-LD+Tags
2025-05-14 15:37:01.086 INFO  [Worker-2] c.d.crawler.storage.ArticleStorage [ArticleStorage.java:52] - Saved article: https://vnexpress.net/arab-saudi-dung-loat-nghi-thuc-dac-biet-don-ong-trump-4885608.html via JSON-LD+Tags
2025-05-14 15:37:01.159 INFO  [Worker-3] c.d.crawler.storage.ArticleStorage [ArticleStorage.java:52] - Saved article: https://vnexpress.net/canh-sat-nhat-son-vang-ca-tuyen-pho-de-chong-mai-dam-4885603.html via JSON-LD+Tags
2025-05-14 15:37:01.218 INFO  [Worker-0] c.d.crawler.storage.ArticleStorage [ArticleStorage.java:52] - Saved article: https://vnexpress.net/ong-macron-ukraine-biet-khong-the-gianh-lai-toan-bo-lanh-tho-4885704.html via JSON-LD+Tags
2025-05-14 15:37:01.333 INFO  [Worker-5] c.d.crawler.storage.ArticleStorage [ArticleStorage.java:52] - Saved article: https://vnexpress.net/ten-lua-houthi-bay-gan-den-muc-f-35-my-phai-co-dong-ne-tranh-4885677.html via JSON-LD+Tags
2025-05-14 15:37:01.372 INFO  [Worker-2] c.d.crawler.storage.ArticleStorage [ArticleStorage.java:52] - Saved article: https://vnexpress.net/tuong-my-khoe-tiem-kich-f-47-co-tam-bay-vuot-xa-the-he-cu-4885616.html via JSON-LD+Tags
2025-05-14 15:37:01.375 INFO  [Worker-1] c.d.crawler.storage.ArticleStorage [ArticleStorage.java:52] - Saved article: https://vnexpress.net/thai-tu-arab-saudi-lai-xe-golf-dua-ong-trump-toi-quoc-yen-4885629.html via JSON-LD+Tags
2025-05-14 15:37:01.446 INFO  [Worker-3] c.d.crawler.storage.ArticleStorage [ArticleStorage.java:52] - Saved article: https://vnexpress.net/giao-hoang-leo-xiv-dang-bai-dau-tien-tren-mang-xa-hoi-4885609.html via JSON-LD+Tags
2025-05-14 15:37:01.537 INFO  [Worker-0] c.d.crawler.storage.ArticleStorage [ArticleStorage.java:52] - Saved article: https://vnexpress.net/nga-trien-khai-drone-fpv-danh-chan-loat-uav-ukraine-4885346.html via JSON-LD+Tags
2025-05-14 15:37:01.625 INFO  [Worker-4] c.d.crawler.storage.ArticleStorage [ArticleStorage.java:52] - Saved article: https://vnexpress.net/chinh-phu-my-cat-them-450-trieu-usd-tai-tro-cho-harvard-4885587.html via JSON-LD+Tags
2025-05-14 15:37:01.629 INFO  [Worker-5] c.d.crawler.storage.ArticleStorage [ArticleStorage.java:52] - Saved article: https://vnexpress.net/ong-trump-tuyen-bo-se-do-bo-cam-van-voi-syria-4885579.html via JSON-LD+Tags
2025-05-14 15:37:01.673 INFO  [Worker-1] c.d.crawler.storage.ArticleStorage [ArticleStorage.java:52] - Saved article: https://vnexpress.net/my-arab-saudi-ky-thoa-thuan-vu-khi-142-ty-usd-4885552.html via JSON-LD+Tags
2025-05-14 15:37:01.675 INFO  [Worker-2] c.d.crawler.storage.ArticleStorage [ArticleStorage.java:52] - Saved article: https://vnexpress.net/thach-thuc-voi-my-khi-bien-cung-dien-bay-thanh-khong-luc-mot-4885252.html via JSON-LD+Tags
2025-05-14 15:37:01.752 INFO  [Worker-3] c.d.crawler.storage.ArticleStorage [ArticleStorage.java:52] - Saved article: https://vnexpress.net/ong-trump-dung-truoc-co-hoi-thao-go-hai-xung-dot-kho-hoa-giai-4883986.html via JSON-LD+Tags
2025-05-14 15:37:01.832 INFO  [Worker-0] c.d.crawler.storage.ArticleStorage [ArticleStorage.java:52] - Saved article: https://vnexpress.net/thai-tu-arab-saudi-don-ong-trump-o-san-bay-4885536.html via JSON-LD+Tags
2025-05-14 15:37:01.909 INFO  [Worker-4] c.d.crawler.storage.ArticleStorage [ArticleStorage.java:52] - Saved article: https://vnexpress.net/ukraine-thuc-giuc-ong-putin-tham-du-dam-phan-o-tho-nhi-ky-4885527.html via JSON-LD+Tags
2025-05-14 15:37:01.910 INFO  [Worker-5] c.d.crawler.storage.ArticleStorage [ArticleStorage.java:52] - Saved article: https://vnexpress.net/phong-khong-houthi-suyt-ban-trung-loat-f-16-f-35-my-4885429.html via JSON-LD+Tags
2025-05-14 15:37:01.957 INFO  [Worker-1] c.d.crawler.storage.ArticleStorage [ArticleStorage.java:52] - Saved article: https://vnexpress.net/nu-bac-si-37-tuoi-duoc-ong-trump-de-cu-vi-tri-tong-y-si-my-4884868.html via JSON-LD+Tags
2025-05-14 15:37:01.972 INFO  [Worker-2] c.d.crawler.storage.ArticleStorage [ArticleStorage.java:52] - Saved article: https://vnexpress.net/dan-het-han-phat-no-o-indonesia-13-nguoi-chet-4885396.html via JSON-LD+Tags
2025-05-14 15:37:02.031 INFO  [Worker-3] c.d.crawler.storage.ArticleStorage [ArticleStorage.java:52] - Saved article: https://vnexpress.net/pakistan-cong-bo-thuong-vong-trong-giao-tranh-voi-an-do-4885404.html via JSON-LD+Tags
2025-05-14 15:37:02.147 INFO  [Worker-0] c.d.crawler.storage.ArticleStorage [ArticleStorage.java:52] - Saved article: https://vnexpress.net/nhung-thanh-nien-trung-quoc-ve-nong-thon-nghi-huu-4885297.html via JSON-LD+Tags
2025-05-14 15:37:02.201 INFO  [Worker-4] c.d.crawler.storage.ArticleStorage [ArticleStorage.java:52] - Saved article: https://vnexpress.net/duc-truy-quet-nhom-dan-quan-cuc-huu-6-000-nguoi-4885342.html via JSON-LD+Tags
2025-05-14 15:37:02.212 INFO  [Worker-5] c.d.crawler.storage.ArticleStorage [ArticleStorage.java:52] - Saved article: https://vnexpress.net/khoanh-khac-ten-lua-iskander-tap-kich-to-hop-himars-ukraine-4885148.html via JSON-LD+Tags
2025-05-14 15:37:02.249 INFO  [Worker-1] c.d.crawler.storage.ArticleStorage [ArticleStorage.java:52] - Saved article: https://vnexpress.net/california-muon-gianh-lai-via-he-tu-nguoi-vo-gia-cu-4885218.html via JSON-LD+Tags
2025-05-14 15:37:02.273 INFO  [Worker-2] c.d.crawler.storage.ArticleStorage [ArticleStorage.java:52] - Saved article: https://vnexpress.net/tau-san-bay-han-quoc-bo-f-35-thay-bang-phi-doi-uav-4885232.html via JSON-LD+Tags
2025-05-14 15:37:02.327 INFO  [Worker-3] c.d.crawler.storage.ArticleStorage [ArticleStorage.java:52] - Saved article: https://vnexpress.net/ong-tap-lan-dau-len-tieng-sau-thoa-thuan-hoan-ap-thue-voi-my-4885321.html via JSON-LD+Tags
2025-05-14 15:37:02.498 INFO  [Worker-5] c.d.crawler.storage.ArticleStorage [ArticleStorage.java:52] - Saved article: https://vnexpress.net/thu-tuong-an-do-doa-tiep-tuc-khong-kich-pakistan-4885189.html via JSON-LD+Tags
2025-05-14 15:37:02.499 INFO  [Worker-4] c.d.crawler.storage.ArticleStorage [ArticleStorage.java:52] - Saved article: https://vnexpress.net/ung-vien-thi-truong-mexico-bi-am-sat-giua-luc-van-dong-tranh-cu-4885137.html via JSON-LD+Tags
2025-05-14 15:37:02.500 INFO  [Worker-0] c.d.crawler.storage.ArticleStorage [ArticleStorage.java:52] - Saved article: https://vnexpress.net/mau-sung-truong-moi-cua-my-gay-tranh-cai-vi-qua-it-dan-4885303.html via JSON-LD+Tags
2025-05-14 15:37:02.545 INFO  [Worker-1] c.d.crawler.storage.ArticleStorage [ArticleStorage.java:52] - Saved article: https://vnexpress.net/270-000-nguoi-cau-nguyen-cho-giao-hoang-leo-xiv-va-hoa-binh-the-gioi-4885240.html via JSON-LD+Tags
2025-05-14 15:37:02.562 INFO  [Worker-2] c.d.crawler.storage.ArticleStorage [ArticleStorage.java:52] - Saved article: https://vnexpress.net/pakistan-co-the-da-ban-ha-ten-lua-hien-dai-do-phap-san-xuat-4885149.html via JSON-LD+Tags
2025-05-14 15:37:02.642 INFO  [Worker-3] c.d.crawler.storage.ArticleStorage [ArticleStorage.java:52] - Saved article: https://vnexpress.net/nguoi-se-thuc-day-no-luc-tinh-gian-cua-doge-khi-elon-musk-roi-di-4884521.html via JSON-LD+Tags
2025-05-14 15:37:02.784 INFO  [Worker-4] c.d.crawler.storage.ArticleStorage [ArticleStorage.java:52] - Saved article: https://vnexpress.net/anh-dieu-tra-vu-chay-nha-rieng-cua-thu-tuong-starmer-4885136.html via JSON-LD+Tags
2025-05-14 15:37:02.784 INFO  [Worker-0] c.d.crawler.storage.ArticleStorage [ArticleStorage.java:52] - Saved article: https://vnexpress.net/linh-anh-thu-nghiem-lai-drone-fpv-tu-truc-thang-4885112.html via JSON-LD+Tags
2025-05-14 15:37:02.814 INFO  [Worker-5] c.d.crawler.storage.ArticleStorage [ArticleStorage.java:52] - Saved article: https://vnexpress.net/my-duyet-thuong-vu-ban-vu-khi-1-4-ty-usd-cho-uae-4885160.html via JSON-LD+Tags
2025-05-14 15:37:02.864 INFO  [Worker-2] c.d.crawler.storage.ArticleStorage [ArticleStorage.java:52] - Saved article: https://vnexpress.net/ong-trump-neu-diem-mau-chot-thuyet-phuc-an-do-pakistan-ngung-ban-4885108.html via JSON-LD+Tags
2025-05-14 15:37:02.867 INFO  [Worker-1] c.d.crawler.storage.ArticleStorage [ArticleStorage.java:52] - Saved article: https://vnexpress.net/drone-fpv-nga-lan-dau-tap-kich-to-hop-himars-ukraine-4884864.html via JSON-LD+Tags
2025-05-14 15:37:02.945 INFO  [Worker-3] c.d.crawler.storage.ArticleStorage [ArticleStorage.java:52] - Saved article: https://vnexpress.net/ong-trump-chi-ke-ngoc-moi-tu-choi-nhan-may-bay-cua-qatar-4885107.html via JSON-LD+Tags
2025-05-14 15:37:03.068 INFO  [Worker-4] c.d.crawler.storage.ArticleStorage [ArticleStorage.java:52] - Saved article: https://vnexpress.net/hamas-tha-con-tin-my-4885089.html via JSON-LD+Tags
2025-05-14 15:37:03.111 INFO  [Worker-5] c.d.crawler.storage.ArticleStorage [ArticleStorage.java:52] - Saved article: https://vnexpress.net/nui-lua-philippines-phun-trao-nha-cot-khoi-cao-4-500-m-4885086.html via JSON-LD+Tags
2025-05-14 15:37:03.168 INFO  [Worker-2] c.d.crawler.storage.ArticleStorage [ArticleStorage.java:52] - Saved article: https://vnexpress.net/my-ap-lenh-trung-phat-moi-voi-iran-4885084.html via JSON-LD+Tags
2025-05-14 15:37:03.548 INFO  [Worker-5] c.d.crawler.storage.ArticleStorage [ArticleStorage.java:52] - Saved article: https://tienphong.vn/xuat-hien-video-israel-cho-no-hang-chuc-toa-nha-o-bo-tay-post1714067.tpo via JSON-LD+Tags
2025-05-14 15:37:03.576 INFO  [Worker-1] c.d.crawler.storage.ArticleStorage [ArticleStorage.java:52] - Saved article: https://tienphong.vn/thu-tuong-israel-netanyahu-den-my-gap-tong-thong-donald-trump-post1713813.tpo via JSON-LD+Tags
2025-05-14 15:37:03.599 INFO  [Worker-3] c.d.crawler.storage.ArticleStorage [ArticleStorage.java:52] - Saved article: https://tienphong.vn/israel-tuc-gian-voi-canh-tuong-hon-loan-khi-hamas-trao-tra-con-tin-post1713450.tpo via JSON-LD+Tags
2025-05-14 15:37:03.761 INFO  [Worker-2] c.d.crawler.storage.ArticleStorage [ArticleStorage.java:52] - Saved article: https://tienphong.vn/ong-trump-bat-den-xanh-cung-cap-hang-nghin-qua-bom-hang-nang-cho-israel-post1712537.tpo via JSON-LD+Tags
2025-05-14 15:37:03.830 INFO  [Worker-1] c.d.crawler.storage.ArticleStorage [ArticleStorage.java:52] - Saved article: https://tienphong.vn/israel-phat-dong-chien-dich-buc-tuong-sat-o-bo-tay-post1711434.tpo via JSON-LD+Tags
2025-05-14 15:37:03.859 INFO  [Worker-5] c.d.crawler.storage.ArticleStorage [ArticleStorage.java:52] - Saved article: https://tienphong.vn/hamas-tra-tu-do-cho-bon-nu-quan-nhan-israel-post1712423.tpo via JSON-LD+Tags
2025-05-14 15:37:03.916 INFO  [Worker-3] c.d.crawler.storage.ArticleStorage [ArticleStorage.java:52] - Saved article: https://tienphong.vn/hamas-israel-trao-doi-tu-nhan-tuong-lai-dai-gaza-van-bat-dinh-post1710897.tpo via JSON-LD+Tags
2025-05-14 15:37:03.941 INFO  [Worker-0] c.d.crawler.storage.ArticleStorage [ArticleStorage.java:52] - Saved article: https://tienphong.vn/houthi-tiep-tuc-tan-cong-tau-san-bay-my-canh-bao-dap-tra-neu-israel-vi-pham-thoa-thuan-ngung-ban-o-dai-gaza-post1710714.tpo via JSON-LD+Tags
2025-05-14 15:37:04.059 INFO  [Worker-2] c.d.crawler.storage.ArticleStorage [ArticleStorage.java:52] - Saved article: https://tienphong.vn/thu-tuong-israel-doa-huy-thoa-thuan-ngung-ban-voi-hamas-vao-phut-chot-post1710672.tpo via JSON-LD+Tags
2025-05-14 15:37:04.141 INFO  [Worker-1] c.d.crawler.storage.ArticleStorage [ArticleStorage.java:52] - Saved article: https://tienphong.vn/houthi-tuyen-bo-dung-tan-cong-israel-post1710105.tpo via JSON-LD+Tags
2025-05-14 15:37:04.166 INFO  [Worker-5] c.d.crawler.storage.ArticleStorage [ArticleStorage.java:52] - Saved article: https://tienphong.vn/hamas-israel-dat-duoc-thoa-thuan-ngung-ban-nguoi-dan-vo-oa-trong-nuoc-mat-post1709884.tpo via JSON-LD+Tags
2025-05-14 15:37:04.216 INFO  [Worker-3] c.d.crawler.storage.ArticleStorage [ArticleStorage.java:52] - Saved article: https://tienphong.vn/houthi-tiep-tuc-phong-ten-lua-dan-dao-sieu-thanh-vao-israel-post1709455.tpo via JSON-LD+Tags
2025-05-14 15:37:04.247 INFO  [Worker-0] c.d.crawler.storage.ArticleStorage [ArticleStorage.java:52] - Saved article: https://tienphong.vn/israel-khong-kich-quy-mo-lon-vao-mien-nam-li-bang-post1709216.tpo via JSON-LD+Tags
2025-05-14 15:37:04.362 INFO  [Worker-2] c.d.crawler.storage.ArticleStorage [ArticleStorage.java:52] - Saved article: https://tienphong.vn/he-lo-loai-ten-lua-giup-houthi-vuot-mat-he-thong-phong-thu-cua-israel-post1707228.tpo via JSON-LD+Tags
2025-05-14 15:37:04.466 INFO  [Worker-1] c.d.crawler.storage.ArticleStorage [ArticleStorage.java:52] - Saved article: https://tienphong.vn/canh-bac-lon-cua-my-israel-voi-iran-post1706799.tpo via JSON-LD+Tags
2025-05-14 15:37:04.514 INFO  [Worker-5] c.d.crawler.storage.ArticleStorage [ArticleStorage.java:52] - Saved article: https://tienphong.vn/tong-thong-my-biden-ban-ke-hoach-tan-cong-cac-dia-diem-hat-nhan-cua-iran-post1706396.tpo via JSON-LD+Tags
2025-05-14 15:37:04.645 INFO  [Worker-0] c.d.crawler.storage.ArticleStorage [ArticleStorage.java:52] - Saved article: https://tienphong.vn/israel-ban-ha-ten-lua-dan-dao-tu-yemen-post1705556.tpo via JSON-LD+Tags
2025-05-14 15:37:04.787 INFO  [Worker-2] c.d.crawler.storage.ArticleStorage [ArticleStorage.java:52] - Saved article: https://tienphong.vn/tam-quan-trong-he-thong-phong-thu-thaad-cua-my-o-israel-post1705408.tpo via JSON-LD+Tags
2025-05-14 15:37:04.895 INFO  [Worker-3] c.d.crawler.storage.ArticleStorage [ArticleStorage.java:52] - Saved article: https://tienphong.vn/lanh-dao-moi-o-syria-muon-duy-tri-quan-he-tot-dep-voi-nga-post1705285.tpo via JSON-LD+Tags
2025-05-14 15:37:04.982 INFO  [Worker-5] c.d.crawler.storage.ArticleStorage [ArticleStorage.java:52] - Saved article: https://tienphong.vn/phu-nhan-thu-tuong-israel-bi-dieu-tra-post1704527.tpo via JSON-LD+Tags
2025-05-14 15:37:04.999 INFO  [Worker-1] c.d.crawler.storage.ArticleStorage [ArticleStorage.java:52] - Saved article: https://tienphong.vn/lo-cach-tinh-bao-israel-xam-nhap-dau-nao-dong-minh-cua-iran-post1705148.tpo via JSON-LD+Tags
2025-05-14 15:37:05.089 INFO  [Worker-0] c.d.crawler.storage.ArticleStorage [ArticleStorage.java:52] - Saved article: https://tienphong.vn/tong-giam-doc-who-bi-mac-ket-sau-cuoc-khong-kich-cua-israel-vao-yemen-post1704465.tpo via JSON-LD+Tags
2025-05-14 15:37:05.188 INFO  [Worker-2] c.d.crawler.storage.ArticleStorage [ArticleStorage.java:52] - Saved article: https://tienphong.vn/nga-canh-bao-israel-cho-nen-gieo-rac-bao-to-o-syria-post1704415.tpo via JSON-LD+Tags
2025-05-14 15:37:05.348 INFO  [Worker-4] c.d.crawler.storage.ArticleStorage [ArticleStorage.java:52] - Saved article: https://tienphong.vn/loat-tau-chien-nga-xuat-hien-ngoai-khoi-gibraltar-huong-toi-can-cu-tartus-o-syria-post1703358.tpo via JSON-LD+Tags
2025-05-14 15:37:05.387 INFO  [Worker-3] c.d.crawler.storage.ArticleStorage [ArticleStorage.java:52] - Saved article: https://tienphong.vn/he-thong-phong-khong-israel-ban-truot-ten-lua-dan-dao-cua-houthi-post1703012.tpo via JSON-LD+Tags
2025-05-14 15:37:05.507 INFO  [Worker-1] c.d.crawler.storage.ArticleStorage [ArticleStorage.java:52] - Saved article: https://tienphong.vn/my-tang-gap-doi-binh-si-o-syria-truoc-khi-chinh-quyen-tong-thong-bashar-al-assad-sup-do-post1702595.tpo via JSON-LD+Tags
2025-05-14 15:37:05.508 INFO  [Worker-5] c.d.crawler.storage.ArticleStorage [ArticleStorage.java:52] - Saved article: https://tienphong.vn/my-bo-treo-thuong-10-trieu-usd-voi-thu-linh-luc-luong-lat-do-tong-thong-syria-post1702815.tpo via JSON-LD+Tags
2025-05-14 15:37:05.538 INFO  [Worker-0] c.d.crawler.storage.ArticleStorage [ArticleStorage.java:52] - Saved article: https://tienphong.vn/tong-thong-putin-hop-bao-nhieu-gio-dong-ho-noi-ve-tinh-hinh-ukraine-syria-post1702452.tpo via JSON-LD+Tags
2025-05-14 15:37:05.631 INFO  [Worker-2] c.d.crawler.storage.ArticleStorage [ArticleStorage.java:52] - Saved article: https://tienphong.vn/nga-chuyen-rong-lua-s-400-tu-syria-sang-lybia-post1702319.tpo via JSON-LD+Tags
2025-05-14 15:37:05.722 INFO  [Worker-4] c.d.crawler.storage.ArticleStorage [ArticleStorage.java:52] - Saved article: https://tienphong.vn/anh-ve-tinh-tiet-lo-hoat-dong-cua-nga-tai-hai-can-cu-quan-su-o-syria-post1702016.tpo via JSON-LD+Tags
2025-05-14 15:37:05.766 INFO  [Worker-3] c.d.crawler.storage.ArticleStorage [ArticleStorage.java:52] - Saved article: https://tienphong.vn/my-lo-ngai-tho-nhi-ky-sap-dong-binh-o-syria-post1701893.tpo via JSON-LD+Tags
2025-05-14 15:37:05.888 INFO  [Worker-0] c.d.crawler.storage.ArticleStorage [ArticleStorage.java:52] - Saved article: https://tienphong.vn/palestine-nuoc-nguy-hiem-nhat-cho-nha-bao-post1700796.tpo via JSON-LD+Tags
2025-05-14 15:37:05.895 INFO  [Worker-1] c.d.crawler.storage.ArticleStorage [ArticleStorage.java:52] - Saved article: https://tienphong.vn/nga-rut-quan-nhung-khong-roi-khoi-syria-post1700899.tpo via JSON-LD+Tags
2025-05-14 15:37:05.914 INFO  [Worker-5] c.d.crawler.storage.ArticleStorage [ArticleStorage.java:52] - Saved article: https://tienphong.vn/dien-dam-voi-tong-thong-dac-cu-my-thu-tuong-netanyahu-nhan-manh-khat-khao-chien-thang-cua-israel-post1701168.tpo via JSON-LD+Tags
2025-05-14 15:37:05.960 INFO  [Worker-2] c.d.crawler.storage.ArticleStorage [ArticleStorage.java:52] - Saved article: https://tienphong.vn/nhung-gio-hon-loan-truoc-khi-ong-bashar-al-assad-len-may-bay-roi-syria-post1700594.tpo via JSON-LD+Tags
2025-05-14 15:37:08.932 INFO  [Worker-5] c.d.crawler.storage.ArticleStorage [ArticleStorage.java:52] - Saved article: https://vietnamnet.vn/mat-tran-to-quoc-cac-doan-the-trung-uong-xac-dinh-3-dot-pha-chien-luoc-2399814.html via JSON-LD+Tags
2025-05-14 15:37:08.971 INFO  [Worker-1] c.d.crawler.storage.ArticleStorage [ArticleStorage.java:52] - Saved article: https://vietnamnet.vn/thong-bao-chu-truong-ve-du-kien-nhan-su-chu-chot-cac-dia-phuong-sau-sap-nhap-2398615.html via JSON-LD+Tags
2025-05-14 15:37:08.990 INFO  [Worker-3] c.d.crawler.storage.ArticleStorage [ArticleStorage.java:52] - Saved article: https://vietnamnet.vn/da-nang-tinh-gon-con-15-dang-bo-xa-phuong-va-chi-bo-dac-khu-hoang-sa-2399930.html via JSON-LD+Tags
2025-05-14 15:37:09.012 INFO  [Worker-2] c.d.crawler.storage.ArticleStorage [ArticleStorage.java:52] - Saved article: https://vietnamnet.vn/dot-pha-the-che-phap-luat-de-dat-nuoc-vuon-minh-2397550.html via JSON-LD+Tags
2025-05-14 15:37:09.021 INFO  [Worker-4] c.d.crawler.storage.ArticleStorage [ArticleStorage.java:52] - Saved article: https://vietnamnet.vn/sau-sap-nhap-du-kien-cap-tinh-giam-18-440-bien-che-cap-xa-giam-110-780-bien-che-2397320.html via JSON-LD+Tags
2025-05-14 15:37:09.296 INFO  [Worker-0] c.d.crawler.storage.ArticleStorage [ArticleStorage.java:52] - Saved article: https://vietnamnet.vn/tong-bi-thu-to-lam-lam-truong-bcd-trung-uong-ve-hoan-thien-the-che-phap-luat-2397048.html via JSON-LD+Tags
2025-05-14 15:37:09.371 INFO  [Worker-5] c.d.crawler.storage.ArticleStorage [ArticleStorage.java:52] - Saved article: https://vietnamnet.vn/kien-nghi-thu-tuong-xu-ly-trach-nhiem-mot-so-nguyen-lanh-dao-can-tho-2394668.html via JSON-LD+Tags
2025-05-14 15:37:09.387 INFO  [Worker-1] c.d.crawler.storage.ArticleStorage [ArticleStorage.java:52] - Saved article: https://vietnamnet.vn/co-cau-bi-thu-pho-bi-thu-cua-4-dang-bo-o-trung-uong-nhiem-ky-moi-2392883.html via JSON-LD+Tags
2025-05-14 15:37:09.411 INFO  [Worker-2] c.d.crawler.storage.ArticleStorage [ArticleStorage.java:52] - Saved article: https://vietnamnet.vn/so-luong-pho-bi-thu-cap-tinh-va-tuoi-tai-cu-cap-uy-nhiem-ky-moi-2391282.html via JSON-LD+Tags
2025-05-14 15:37:09.657 INFO  [Worker-0] c.d.crawler.storage.ArticleStorage [ArticleStorage.java:52] - Saved article: https://vietnamnet.vn/quy-dinh-cua-bo-chinh-tri-ve-do-tuoi-co-cau-nhan-su-cap-uy-chinh-quyen-mttq-2391220.html via JSON-LD+Tags
2025-05-14 15:37:09.700 INFO  [Worker-3] c.d.crawler.storage.ArticleStorage [ArticleStorage.java:52] - Saved article: https://vietnamnet.vn/ong-le-minh-hung-sau-sap-nhap-on-dinh-se-xay-trung-tam-hanh-chinh-moi-hop-ly-2391878.html via JSON-LD+Tags
2025-05-14 15:37:09.768 INFO  [Worker-1] c.d.crawler.storage.ArticleStorage [ArticleStorage.java:52] - Saved article: https://vietnamnet.vn/bo-chinh-tri-huong-dan-cach-chon-nhan-su-cap-tinh-va-xa-khi-sap-nhap-2391207.html via JSON-LD+Tags
2025-05-14 15:37:09.858 INFO  [Worker-4] c.d.crawler.storage.ArticleStorage [ArticleStorage.java:52] - Saved article: https://vietnamnet.vn/tong-bi-thu-dat-nuoc-la-que-huong-vuot-qua-tam-ly-vung-mien-khi-sap-nhap-tinh-2391809.html via JSON-LD+Tags
2025-05-14 15:37:09.996 INFO  [Worker-2] c.d.crawler.storage.ArticleStorage [ArticleStorage.java:52] - Saved article: https://vietnamnet.vn/toan-van-nghi-quyet-60-hoi-nghi-trung-uong-11-thong-qua-de-an-sap-nhap-tinh-2390842.html via JSON-LD+Tags
2025-05-14 15:37:10.054 INFO  [Worker-1] c.d.crawler.storage.ArticleStorage [ArticleStorage.java:52] - Saved article: https://vietnamnet.vn/tong-bi-thu-sap-xep-nhan-su-khi-sap-nhap-phai-lay-tieu-chuan-vi-cong-viec-2390506.html via JSON-LD+Tags
2025-05-14 15:37:10.129 INFO  [Worker-0] c.d.crawler.storage.ArticleStorage [ArticleStorage.java:52] - Saved article: https://vietnamnet.vn/thong-cao-ve-ngay-lam-viec-thu-3-cua-hoi-nghi-trung-uong-11-khoa-13-2390542.html via JSON-LD+Tags
2025-05-14 15:37:10.151 INFO  [Worker-5] c.d.crawler.storage.ArticleStorage [ArticleStorage.java:52] - Saved article: https://vietnamnet.vn/bo-sung-nhan-su-quy-hoach-ban-chap-hanh-trung-uong-dang-khoa-14-2390502.html via JSON-LD+Tags
2025-05-14 15:37:10.207 INFO  [Worker-3] c.d.crawler.storage.ArticleStorage [ArticleStorage.java:52] - Saved article: https://vietnamnet.vn/trung-uong-thong-nhat-ket-thuc-hoat-dong-cua-tand-vksnd-cap-cao-va-cap-huyen-2390538.html via JSON-LD+Tags
2025-05-14 15:37:10.409 INFO  [Worker-2] c.d.crawler.storage.ArticleStorage [ArticleStorage.java:52] - Saved article: https://vietnamnet.vn/xoa-tu-cach-pho-chu-tich-ubnd-tinh-lang-son-cua-ong-ly-vinh-quang-2390379.html via JSON-LD+Tags
2025-05-14 15:37:10.479 INFO  [Worker-4] c.d.crawler.storage.ArticleStorage [ArticleStorage.java:52] - Saved article: https://vietnamnet.vn/trung-uong-thong-nhat-sap-nhap-con-34-tinh-thanh-giam-60-70-xa-2390496.html via JSON-LD+Tags
2025-05-14 15:37:10.486 INFO  [Worker-5] c.d.crawler.storage.ArticleStorage [ArticleStorage.java:52] - Saved article: https://vietnamnet.vn/tong-bi-thu-dia-phuong-co-the-de-xuat-giam-60-70-xa-neu-thay-quan-ly-duoc-2390054.html via JSON-LD+Tags
2025-05-14 15:37:10.562 INFO  [Worker-0] c.d.crawler.storage.ArticleStorage [ArticleStorage.java:52] - Saved article: https://vietnamnet.vn/thong-cao-ngay-lam-viec-thu-nhat-hoi-nghi-trung-uong-11-2389888.html via JSON-LD+Tags
2025-05-14 15:37:10.570 INFO  [Worker-1] c.d.crawler.storage.ArticleStorage [ArticleStorage.java:52] - Saved article: https://vietnamnet.vn/bo-chinh-tri-giai-trinh-y-kien-trung-uong-ve-sap-nhap-tinh-che-do-can-bo-2390265.html via JSON-LD+Tags
2025-05-14 15:37:10.690 INFO  [Worker-2] c.d.crawler.storage.ArticleStorage [ArticleStorage.java:52] - Saved article: https://vietnamnet.vn/cach-tat-ca-chuc-vu-trong-dang-voi-ong-truong-hoa-binh-2389885.html via JSON-LD+Tags
2025-05-14 15:37:10.703 INFO  [Worker-3] c.d.crawler.storage.ArticleStorage [ArticleStorage.java:52] - Saved article: https://vietnamnet.vn/trung-uong-thao-luan-ve-chu-truong-sap-nhap-tinh-sua-hien-phap-2389887.html via JSON-LD+Tags
2025-05-14 15:37:10.994 INFO  [Worker-1] c.d.crawler.storage.ArticleStorage [ArticleStorage.java:52] - Saved article: https://vietnamnet.vn/dieu-ngo-ngang-tu-ket-luan-thanh-tra-du-an-benh-vien-bach-mai-viet-duc-co-so-2-2388202.html via JSON-LD+Tags
2025-05-14 15:37:11.112 INFO  [Worker-5] c.d.crawler.storage.ArticleStorage [ArticleStorage.java:52] - Saved article: https://vietnamnet.vn/phat-bieu-khai-mac-cua-tong-bi-thu-to-lam-tai-hoi-nghi-trung-uong-11-khoa-13-2389692.html via JSON-LD+Tags
2025-05-14 15:37:11.114 INFO  [Worker-4] c.d.crawler.storage.ArticleStorage [ArticleStorage.java:52] - Saved article: https://vietnamnet.vn/tong-bi-thu-nhan-su-trung-uong-khoa-14-phu-hop-voi-co-cau-mo-hinh-to-chuc-moi-2389669.html via JSON-LD+Tags
2025-05-14 15:37:11.963 INFO  [Worker-5] c.d.crawler.storage.ArticleStorage [ArticleStorage.java:52] - Saved article: https://thanhnien.vn/ong-trump-neu-cach-khien-an-do-pakistan-ngung-ban-new-delhi-bac-bo-185250514122932781.htm via JSON-LD+Tags
2025-05-14 15:37:11.966 INFO  [Worker-1] c.d.crawler.storage.ArticleStorage [ArticleStorage.java:52] - Saved article: https://thanhnien.vn/chi-tinh-co-hoa-vang-khi-tai-hien-su-kien-big-bang-trong-long-dat-185250514110106358.htm via JSON-LD+Tags
2025-05-14 15:37:12.057 INFO  [Worker-2] c.d.crawler.storage.ArticleStorage [ArticleStorage.java:52] - Saved article: https://thanhnien.vn/chinh-quyen-trump-cat-them-tai-tro-dai-hoc-harvard-lap-tuc-dap-tra-185250514104037869.htm via JSON-LD+Tags
2025-05-14 15:37:12.145 INFO  [Worker-4] c.d.crawler.storage.ArticleStorage [ArticleStorage.java:52] - Saved article: https://thanhnien.vn/ong-trump-goi-iran-la-luc-luong-huy-diet-nhat-o-trung-dong-185250514105457481.htm via JSON-LD+Tags
2025-05-14 15:37:12.200 INFO  [Worker-0] c.d.crawler.storage.ArticleStorage [ArticleStorage.java:52] - Saved article: https://thanhnien.vn/phap-ban-chuyen-trien-khai-chien-dau-co-trang-bi-vu-khi-hat-nhan-cho-chau-au-185250514085944433.htm via JSON-LD+Tags
2025-05-14 15:37:12.260 INFO  [Worker-3] c.d.crawler.storage.ArticleStorage [ArticleStorage.java:52] - Saved article: https://thanhnien.vn/tong-thong-trump-se-hien-dai-hoa-kho-vu-khi-hat-nhan-my-185250401090956227.htm via JSON-LD+Tags
2025-05-14 15:37:12.312 INFO  [Worker-1] c.d.crawler.storage.ArticleStorage [ArticleStorage.java:52] - Saved article: https://thanhnien.vn/tranh-cai-ve-cung-dien-bay-do-qatar-tang-tong-thong-my-185250513224141468.htm via JSON-LD+Tags
2025-05-14 15:37:12.327 INFO  [Worker-5] c.d.crawler.storage.ArticleStorage [ArticleStorage.java:52] - Saved article: https://thanhnien.vn/bien-may-bay-boeing-cua-qatar-thanh-chuyen-co-tong-thong-my-phai-ton-ca-ti-usd-18525051407445377.htm via JSON-LD+Tags
2025-05-14 15:37:12.454 INFO  [Worker-2] c.d.crawler.storage.ArticleStorage [ArticleStorage.java:52] - Saved article: https://thanhnien.vn/microsoft-chuan-bi-cat-giam-hon-6000-nhan-su-185250514074456504.htm via JSON-LD+Tags
2025-05-14 15:37:12.577 INFO  [Worker-4] c.d.crawler.storage.ArticleStorage [ArticleStorage.java:52] - Saved article: https://thanhnien.vn/ti-phu-elon-musk-nham-den-microsoft-trong-don-kien-openai-185241116092420284.htm via JSON-LD+Tags
2025-05-14 15:37:12.613 INFO  [Worker-0] c.d.crawler.storage.ArticleStorage [ArticleStorage.java:52] - Saved article: https://thanhnien.vn/nga-bac-bo-phan-quyet-trong-vu-roi-may-bay-mh17-nam-2014-185250514062243133.htm via JSON-LD+Tags
2025-05-14 15:37:12.735 INFO  [Worker-5] c.d.crawler.storage.ArticleStorage [ArticleStorage.java:52] - Saved article: https://thanhnien.vn/ong-trump-do-bo-moi-lenh-cam-van-syria-18525051406404433.htm via JSON-LD+Tags
2025-05-14 15:37:12.865 INFO  [Worker-3] c.d.crawler.storage.ArticleStorage [ArticleStorage.java:52] - Saved article: https://thanhnien.vn/my-se-rut-1000-binh-si-khoi-syria-185250419075719727.htm via JSON-LD+Tags
2025-05-14 15:37:12.980 INFO  [Worker-0] c.d.crawler.storage.ArticleStorage [ArticleStorage.java:52] - Saved article: https://thanhnien.vn/trung-quoc-day-manh-robot-tich-hop-ai-cho-hoat-dong-san-xuat-185250513202406309.htm via JSON-LD+Tags
2025-05-14 15:37:13.064 INFO  [Worker-2] c.d.crawler.storage.ArticleStorage [ArticleStorage.java:52] - Saved article: https://thanhnien.vn/tau-san-bay-son-dong-tim-duong-khac-den-phia-dong-dai-loan-185250406153137175.htm via JSON-LD+Tags
2025-05-14 15:37:13.078 INFO  [Worker-5] c.d.crawler.storage.ArticleStorage [ArticleStorage.java:52] - Saved article: https://thanhnien.vn/lanh-dao-my-trung-co-the-dien-dam-tuan-nay-18525051322130797.htm via JSON-LD+Tags
2025-05-14 15:37:13.199 INFO  [Worker-4] c.d.crawler.storage.ArticleStorage [ArticleStorage.java:52] - Saved article: https://thanhnien.vn/trung-quoc-de-xuat-su-dung-vu-khi-nhiet-ap-cho-robot-chien-dau-185250225160907627.htm via JSON-LD+Tags
2025-05-14 15:37:13.243 INFO  [Worker-1] c.d.crawler.storage.ArticleStorage [ArticleStorage.java:52] - Saved article: https://thanhnien.vn/nguoi-ung-ho-ong-trump-cung-phan-doi-mon-qua-may-bay-boeing-tu-qatar-185250513111903334.htm via JSON-LD+Tags
2025-05-14 15:37:13.262 INFO  [Worker-3] c.d.crawler.storage.ArticleStorage [ArticleStorage.java:52] - Saved article: https://thanhnien.vn/khi-thuong-chien-my-trung-ha-nhiet-185250512233324618.htm via JSON-LD+Tags
2025-05-14 15:37:13.414 INFO  [Worker-5] c.d.crawler.storage.ArticleStorage [ArticleStorage.java:52] - Saved article: https://thanhnien.vn/lanh-dao-nga-ukraine-du-kien-dam-phan-truc-tiep-185250513225104175.htm via JSON-LD+Tags
2025-05-14 15:37:13.430 INFO  [Worker-2] c.d.crawler.storage.ArticleStorage [ArticleStorage.java:52] - Saved article: https://thanhnien.vn/tong-thong-trump-up-mo-kha-nang-du-cuoc-gap-lanh-dao-nga-ukraine-185250513085443332.htm via JSON-LD+Tags
2025-05-14 15:37:13.541 INFO  [Worker-4] c.d.crawler.storage.ArticleStorage [ArticleStorage.java:52] - Saved article: https://thanhnien.vn/my-va-a-rap-xe-ut-ky-thoa-thuan-vu-khi-khung-1852505132147457.htm via JSON-LD+Tags
2025-05-14 15:37:13.590 INFO  [Worker-1] c.d.crawler.storage.ArticleStorage [ArticleStorage.java:52] - Saved article: https://thanhnien.vn/tong-thong-trump-den-nhom-nuoc-giau-nhat-vung-vinh-185250512230123269.htm via JSON-LD+Tags
2025-05-14 15:37:13.710 INFO  [Worker-3] c.d.crawler.storage.ArticleStorage [ArticleStorage.java:52] - Saved article: https://thanhnien.vn/israel-tuyen-bo-toan-luc-tien-quan-vao-dai-gaza-de-tieu-diet-hamas-185250513211936202.htm via JSON-LD+Tags
2025-05-14 15:37:13.793 INFO  [Worker-5] c.d.crawler.storage.ArticleStorage [ArticleStorage.java:52] - Saved article: https://thanhnien.vn/cuu-chu-tich-tap-doan-dau-khi-quoc-gia-trung-quoc-lanh-an-vi-nhan-hoi-lo-185250513193143471.htm via JSON-LD+Tags
2025-05-14 15:37:13.869 INFO  [Worker-0] c.d.crawler.storage.ArticleStorage [ArticleStorage.java:52] - Saved article: https://thanhnien.vn/israel-khong-kich-khap-gaza-hamas-tung-hinh-anh-2-con-tin-con-song-185250511064201963.htm via JSON-LD+Tags
2025-05-14 15:37:13.944 INFO  [Worker-1] c.d.crawler.storage.ArticleStorage [ArticleStorage.java:52] - Saved article: https://thanhnien.vn/viet-nam-vuon-len-tren-chuoi-gia-tri-co-hoi-lon-cho-doanh-nghiep-thuy-dien-185250513141233651.htm via JSON-LD+Tags
2025-05-14 15:37:14.152 INFO  [Worker-5] c.d.crawler.storage.ArticleStorage [ArticleStorage.java:52] - Saved article: https://thanhnien.vn/anh-ve-tinh-he-lo-ton-that-nang-ne-cua-pakistan-sau-khi-an-do-tap-kich-185250513152015337.htm via JSON-LD+Tags
2025-05-14 15:37:14.217 INFO  [Worker-4] c.d.crawler.storage.ArticleStorage [ArticleStorage.java:52] - Saved article: https://thanhnien.vn/no-lon-khi-quan-doi-tieu-huy-dan-13-nguoi-thiet-mang-tai-indonesia-185250513170044499.htm via JSON-LD+Tags
2025-05-14 15:37:14.241 INFO  [Worker-2] c.d.crawler.storage.ArticleStorage [ArticleStorage.java:52] - Saved article: https://thanhnien.vn/an-do-va-pakistan-deu-to-nhau-vi-pham-ngung-ban-nhieu-vu-no-duoc-ghi-nhan-185250511063541413.htm via JSON-LD+Tags
2025-05-14 15:37:14.285 INFO  [Worker-1] c.d.crawler.storage.ArticleStorage [ArticleStorage.java:52] - Saved article: https://thanhnien.vn/ong-tap-can-binh-len-tieng-sau-thoa-thuan-thuong-mai-lon-voi-my-185250513115943711.htm via JSON-LD+Tags
2025-05-14 15:37:14.295 INFO  [Worker-0] c.d.crawler.storage.ArticleStorage [ArticleStorage.java:52] - Saved article: https://thanhnien.vn/my-giam-mot-nua-thue-de-minimis-voi-hang-gia-re-tu-trung-quoc-185250513142307395.htm via JSON-LD+Tags
2025-05-14 15:37:14.529 INFO  [Worker-5] c.d.crawler.storage.ArticleStorage [ArticleStorage.java:52] - Saved article: https://thanhnien.vn/anh-bat-nguoi-nghi-dot-nha-thu-tuong-starmer-185250513133705351.htm via JSON-LD+Tags
2025-05-14 15:37:14.612 INFO  [Worker-0] c.d.crawler.storage.ArticleStorage [ArticleStorage.java:52] - Saved article: https://thanhnien.vn/phat-hien-lang-mo-hoang-tu-ai-cap-an-sau-canh-cua-gia-185250513123549982.htm via JSON-LD+Tags
2025-05-14 15:37:14.612 INFO  [Worker-1] c.d.crawler.storage.ArticleStorage [ArticleStorage.java:52] - Saved article: https://thanhnien.vn/phat-hien-lang-mo-cua-vi-pharaoh-ai-cap-bi-an-co-nien-dai-3600-nam-185250328063315398.htm via JSON-LD+Tags
2025-05-14 15:37:14.656 INFO  [Worker-2] c.d.crawler.storage.ArticleStorage [ArticleStorage.java:52] - Saved article: https://thanhnien.vn/ong-trump-noi-ong-tap-can-binh-da-goi-dien-ve-thue-quan-185250425202602123.htm via JSON-LD+Tags
2025-05-14 15:37:14.664 INFO  [Worker-3] c.d.crawler.storage.ArticleStorage [ArticleStorage.java:52] - Saved article: https://thanhnien.vn/ong-trump-noi-gi-ve-vu-nhan-may-bay-boeing-sieu-sang-tu-qatar-185250513080930561.htm via JSON-LD+Tags
2025-05-14 15:37:14.843 INFO  [Worker-5] c.d.crawler.storage.ArticleStorage [ArticleStorage.java:52] - Saved article: https://thanhnien.vn/my-va-trung-quoc-nhat-tri-giam-hau-het-thue-doi-ung-trong-90-ngay-185250512144827746.htm via JSON-LD+Tags
2025-05-14 15:37:14.984 INFO  [Worker-0] c.d.crawler.storage.ArticleStorage [ArticleStorage.java:52] - Saved article: https://thanhnien.vn/nha-trang-thong-bao-dat-thoa-thuan-voi-trung-quoc-185250512064310802.htm via JSON-LD+Tags
2025-05-14 15:37:15.045 INFO  [Worker-4] c.d.crawler.storage.ArticleStorage [ArticleStorage.java:52] - Saved article: https://thanhnien.vn/eu-trong-kho-lo-y-hay-185250511223119523.htm via JSON-LD+Tags
2025-05-14 15:37:15.130 INFO  [Worker-3] c.d.crawler.storage.ArticleStorage [ArticleStorage.java:52] - Saved article: https://thanhnien.vn/an-do-khanh-thanh-co-so-san-xuat-ten-lua-brahmos-185250512150347058.htm via JSON-LD+Tags
2025-05-14 15:37:15.194 INFO  [Worker-1] c.d.crawler.storage.ArticleStorage [ArticleStorage.java:52] - Saved article: https://thanhnien.vn/tau-do-bo-trung-quoc-den-can-cu-ream-o-campuchia-chuan-bi-tap-tran-185250513094249892.htm via JSON-LD+Tags
2025-05-14 15:37:15.239 INFO  [Worker-5] c.d.crawler.storage.ArticleStorage [ArticleStorage.java:52] - Saved article: https://thanhnien.vn/mot-thoa-thuan-hai-dieu-loi-185250509224728511.htm via JSON-LD+Tags
2025-05-14 15:37:15.425 INFO  [Worker-2] c.d.crawler.storage.ArticleStorage [ArticleStorage.java:52] - Saved article: https://thanhnien.vn/nguoi-moi-mo-thoi-moi-185250507233902106.htm via JSON-LD+Tags
2025-05-14 15:37:15.495 INFO  [Worker-0] c.d.crawler.storage.ArticleStorage [ArticleStorage.java:52] - Saved article: https://thanhnien.vn/bo-sot-hung-thu-trong-vu-am-sat-ung-vien-tong-thong-my-robert-f-kennedy-185250508110908854.htm via JSON-LD+Tags
2025-05-14 15:37:15.584 INFO  [Worker-1] c.d.crawler.storage.ArticleStorage [ArticleStorage.java:52] - Saved article: https://thanhnien.vn/thanh-nien-sinh-vien-viet-nam-o-barcelona-to-chuc-giai-bong-da-mung-le-304-185250429234327046.htm via JSON-LD+Tags
2025-05-14 15:37:15.595 INFO  [Worker-4] c.d.crawler.storage.ArticleStorage [ArticleStorage.java:52] - Saved article: https://thanhnien.vn/kashmir-nguon-con-cang-thang-an-do-pakistan-185250507094202339.htm via JSON-LD+Tags
2025-05-14 15:37:15.615 INFO  [Worker-5] c.d.crawler.storage.ArticleStorage [ArticleStorage.java:52] - Saved article: https://thanhnien.vn/co-gai-viet-ghi-danh-trong-nganh-quang-cao-the-gioi-185250226145708287.htm via JSON-LD+Tags
2025-05-14 15:37:15.687 INFO  [Worker-3] c.d.crawler.storage.ArticleStorage [ArticleStorage.java:52] - Saved article: https://thanhnien.vn/cuoc-doi-gian-di-cua-giao-hoang-francis-185250223130545713.htm via JSON-LD+Tags
2025-05-14 15:37:15.918 INFO  [Worker-0] c.d.crawler.storage.ArticleStorage [ArticleStorage.java:52] - Saved article: https://thanhnien.vn/tu-co-be-viet-nhut-nhat-den-ngoi-sao-sang-cua-nganh-khoa-hoc-du-lieu-185250222180803575.htm via JSON-LD+Tags
2025-05-14 15:37:15.980 INFO  [Worker-2] c.d.crawler.storage.ArticleStorage [ArticleStorage.java:52] - Saved article: https://thanhnien.vn/malaysia-tim-giai-phap-sau-khi-voi-con-bi-xe-tong-chet-vi-bang-ngang-xa-lo-185250512204733103.htm via JSON-LD+Tags
2025-05-14 15:37:15.989 INFO  [Worker-5] c.d.crawler.storage.ArticleStorage [ArticleStorage.java:52] - Saved article: https://thanhnien.vn/vu-tru-bi-phan-huy-va-bien-mat-som-hon-van-tuong-185250512183825626.htm via JSON-LD+Tags
2025-05-14 15:37:16.096 INFO  [Worker-4] c.d.crawler.storage.ArticleStorage [ArticleStorage.java:52] - Saved article: https://thanhnien.vn/can-thu-vui-hon-trung-so-khi-cau-duoc-ca-chep-nang-47-kg-185250511105143675.htm via JSON-LD+Tags
2025-05-14 15:37:16.745 INFO  [Worker-4] c.d.crawler.storage.ArticleStorage [ArticleStorage.java:52] - Saved article: https://vnexpress.net/de-nghi-tap-doan-so-huu-facebook-som-hien-dien-thuong-mai-o-viet-nam-4885825.html via JSON-LD+Tags
2025-05-14 15:37:16.773 INFO  [Worker-3] c.d.crawler.storage.ArticleStorage [ArticleStorage.java:52] - Saved article: https://vnexpress.net/nhung-lo-ngai-sau-thoa-thuan-my-trung-4885368.html via JSON-LD+Tags
2025-05-14 15:37:16.807 INFO  [Worker-1] c.d.crawler.storage.ArticleStorage [ArticleStorage.java:52] - Saved article: https://vnexpress.net/doanh-nghiep-trung-quoc-van-than-trong-du-dat-thoa-thuan-voi-my-4885694.html via JSON-LD+Tags
2025-05-14 15:37:16.831 INFO  [Worker-2] c.d.crawler.storage.ArticleStorage [ArticleStorage.java:52] - Saved article: https://vnexpress.net/nha-dau-tu-thai-lan-da-nhan-33-000-ty-co-tuc-tu-doanh-nghiep-viet-4884826.html via JSON-LD+Tags
2025-05-14 15:37:16.941 INFO  [Worker-0] c.d.crawler.storage.ArticleStorage [ArticleStorage.java:52] - Saved article: https://vnexpress.net/kinh-te-my-chua-thoat-vung-nguy-hiem-4885361.html via JSON-LD+Tags
2025-05-14 15:37:17.026 INFO  [Worker-5] c.d.crawler.storage.ArticleStorage [ArticleStorage.java:52] - Saved article: https://vnexpress.net/marou-chocolate-gianh-giai-thuong-ve-vi-ngon-va-bao-bi-tai-phap-4885829.html via JSON-LD+Tags
2025-05-14 15:37:17.056 INFO  [Worker-3] c.d.crawler.storage.ArticleStorage [ArticleStorage.java:52] - Saved article: https://vnexpress.net/hai-phong-co-them-hai-ben-cang-nuoc-sau-7-000-ty-dong-o-lach-huyen-4885507.html via JSON-LD+Tags
2025-05-14 15:37:17.094 INFO  [Worker-1] c.d.crawler.storage.ArticleStorage [ArticleStorage.java:52] - Saved article: https://vnexpress.net/thu-tuong-de-nghi-doanh-nghiep-my-ung-ho-thoa-thuan-thuong-mai-cung-co-loi-4885523.html via JSON-LD+Tags
2025-05-14 15:37:17.109 INFO  [Worker-2] c.d.crawler.storage.ArticleStorage [ArticleStorage.java:52] - Saved article: https://vnexpress.net/khoi-tai-san-cua-hai-con-ong-ho-hung-anh-vuot-10-000-ty-dong-4885464.html via JSON-LD+Tags
2025-05-14 15:37:17.227 INFO  [Worker-0] c.d.crawler.storage.ArticleStorage [ArticleStorage.java:52] - Saved article: https://vnexpress.net/nha-dau-tu-ngoai-rot-tien-vao-chung-khoan-cao-nhat-2-nam-4885427.html via JSON-LD+Tags
2025-05-14 15:37:17.307 INFO  [Worker-5] c.d.crawler.storage.ArticleStorage [ArticleStorage.java:52] - Saved article: https://vnexpress.net/my-giam-hon-mot-nua-thue-nhap-khau-kien-hang-nho-tu-trung-quoc-4885331.html via JSON-LD+Tags
2025-05-14 15:37:17.340 INFO  [Worker-3] c.d.crawler.storage.ArticleStorage [ArticleStorage.java:52] - Saved article: https://vnexpress.net/moi-luong-vang-mieng-quay-dau-tang-1-trieu-dong-4885343.html via JSON-LD+Tags
2025-05-14 15:37:17.423 INFO  [Worker-1] c.d.crawler.storage.ArticleStorage [ArticleStorage.java:52] - Saved article: https://vnexpress.net/bamboo-capital-tiep-tuc-thay-ceo-4885326.html via JSON-LD+Tags
2025-05-14 15:37:17.426 INFO  [Worker-2] c.d.crawler.storage.ArticleStorage [ArticleStorage.java:52] - Saved article: https://vnexpress.net/doanh-nghiep-nha-nuoc-co-duoc-dau-tu-bat-dong-san-chung-khoan-4885268.html via JSON-LD+Tags
2025-05-14 15:37:17.516 INFO  [Worker-0] c.d.crawler.storage.ArticleStorage [ArticleStorage.java:52] - Saved article: https://vnexpress.net/jp-morgan-nang-du-bao-tang-truong-cua-trung-quoc-4885165.html via JSON-LD+Tags
2025-05-14 15:37:17.543 INFO  [Worker-4] c.d.crawler.storage.ArticleStorage [ArticleStorage.java:52] - Saved article: https://vnexpress.net/co-phieu-vinpearl-tang-tran-phien-giao-dich-dau-tien-4885237.html via JSON-LD+Tags
2025-05-14 15:37:17.609 INFO  [Worker-5] c.d.crawler.storage.ArticleStorage [ArticleStorage.java:52] - Saved article: https://vnexpress.net/trai-phieu-bat-dong-san-ruc-rich-tang-tro-lai-4885050.html via JSON-LD+Tags
2025-05-14 15:37:17.667 INFO  [Worker-3] c.d.crawler.storage.ArticleStorage [ArticleStorage.java:52] - Saved article: https://vnexpress.net/doanh-nghiep-xoay-xo-tiet-kiem-dien-4884723.html via JSON-LD+Tags
2025-05-14 15:37:17.729 INFO  [Worker-2] c.d.crawler.storage.ArticleStorage [ArticleStorage.java:52] - Saved article: https://vnexpress.net/xoai-uc-o-khanh-hoa-giam-con-5-000-dong-mot-kg-4885044.html via JSON-LD+Tags
2025-05-14 15:37:17.844 INFO  [Worker-4] c.d.crawler.storage.ArticleStorage [ArticleStorage.java:52] - Saved article: https://vnexpress.net/ong-ho-nhan-con-re-gia-toc-son-kim-qua-doi-o-tuoi-59-4885070.html via JSON-LD+Tags
2025-05-14 15:37:17.911 INFO  [Worker-0] c.d.crawler.storage.ArticleStorage [ArticleStorage.java:52] - Saved article: https://vnexpress.net/vinachem-ra-mat-san-thuong-mai-dien-tu-4885255.html via JSON-LD+Tags
2025-05-14 15:37:18.023 INFO  [Worker-2] c.d.crawler.storage.ArticleStorage [ArticleStorage.java:52] - Saved article: https://vnexpress.net/luu-y-khi-su-dung-giao-dich-ky-quy-4884776.html via JSON-LD+Tags
2025-05-14 15:37:18.066 INFO  [Worker-1] c.d.crawler.storage.ArticleStorage [ArticleStorage.java:52] - Saved article: https://vnexpress.net/prudential-ra-mat-bao-hiem-lien-ket-chung-moi-pru-bao-ve-toi-da-4885248.html via JSON-LD+Tags
2025-05-14 15:37:18.156 INFO  [Worker-4] c.d.crawler.storage.ArticleStorage [ArticleStorage.java:52] - Saved article: https://vnexpress.net/chung-khoan-my-tang-vot-gia-vang-lao-doc-4885047.html via JSON-LD+Tags
2025-05-14 15:37:18.222 INFO  [Worker-0] c.d.crawler.storage.ArticleStorage [ArticleStorage.java:52] - Saved article: https://vnexpress.net/tp-hcm-phan-dau-giai-ngan-het-84-400-ty-dong-dau-tu-cong-4885030.html via JSON-LD+Tags
2025-05-14 15:37:18.261 INFO  [Worker-5] c.d.crawler.storage.ArticleStorage [ArticleStorage.java:52] - Saved article: https://vnexpress.net/gia-nhan-dan-te-cao-nhat-6-thang-4884856.html via JSON-LD+Tags
2025-05-14 15:37:18.559 INFO  [Worker-5] c.d.crawler.storage.ArticleStorage [ArticleStorage.java:52] - Saved article: https://vnexpress.net/my-trung-quoc-dung-ap-thue-90-ngay-4884780.html via JSON-LD+Tags
2025-05-14 15:37:18.739 INFO  [Worker-0] c.d.crawler.storage.ArticleStorage [ArticleStorage.java:52] - Saved article: https://vnexpress.net/5-co-dong-lon-lien-quan-ong-bui-thanh-nhon-muon-ban-gan-19-trieu-co-phieu-novaland-4884769.html via JSON-LD+Tags
2025-05-14 15:37:18.773 INFO  [Worker-2] c.d.crawler.storage.ArticleStorage [ArticleStorage.java:52] - Saved article: https://vnexpress.net/thu-nhap-nhan-vien-f88-cao-ngang-mot-so-ngan-hang-4884751.html via JSON-LD+Tags
2025-05-14 15:37:18.823 INFO  [Worker-1] c.d.crawler.storage.ArticleStorage [ArticleStorage.java:52] - Saved article: https://vnexpress.net/dong-tien-vao-chung-khoan-cao-nhat-nua-thang-4884841.html via JSON-LD+Tags
2025-05-14 15:37:18.842 INFO  [Worker-5] c.d.crawler.storage.ArticleStorage [ArticleStorage.java:52] - Saved article: https://vnexpress.net/cang-bien-my-vang-bong-tau-hang-trung-quoc-4884636.html via JSON-LD+Tags
2025-05-14 15:37:19.059 INFO  [Worker-3] c.d.crawler.storage.ArticleStorage [ArticleStorage.java:52] - Saved article: https://vnexpress.net/uob-ap-luc-ty-gia-co-the-giam-4884959.html via JSON-LD+Tags
2025-05-14 15:37:19.079 INFO  [Worker-2] c.d.crawler.storage.ArticleStorage [ArticleStorage.java:52] - Saved article: https://vnexpress.net/tranh-luan-viec-hoc-phi-vien-phi-phai-ganh-them-thue-thu-nhap-doanh-nghiep-4884717.html via JSON-LD+Tags
2025-05-14 15:37:19.115 INFO  [Worker-1] c.d.crawler.storage.ArticleStorage [ArticleStorage.java:52] - Saved article: https://vnexpress.net/gia-vang-trong-nuoc-chenh-18-trieu-dong-so-voi-the-gioi-4884632.html via JSON-LD+Tags
2025-05-14 15:37:19.153 INFO  [Worker-5] c.d.crawler.storage.ArticleStorage [ArticleStorage.java:52] - Saved article: https://vnexpress.net/chau-au-than-trong-phan-ung-thue-quan-my-ra-sao-4884237.html via JSON-LD+Tags
2025-05-14 15:37:19.243 INFO  [Worker-4] c.d.crawler.storage.ArticleStorage [ArticleStorage.java:52] - Saved article: https://vnexpress.net/my-trung-quoc-dat-thoa-thuan-dang-ke-giam-tham-hut-thuong-mai-4884497.html via JSON-LD+Tags
2025-05-14 15:37:19.349 INFO  [Worker-3] c.d.crawler.storage.ArticleStorage [ArticleStorage.java:52] - Saved article: https://vnexpress.net/gia-vang-kho-dot-bien-tuan-nay-4884441.html via JSON-LD+Tags
2025-05-14 15:37:19.390 INFO  [Worker-2] c.d.crawler.storage.ArticleStorage [ArticleStorage.java:52] - Saved article: https://vnexpress.net/de-nghi-chinh-phu-lam-ro-viec-xu-ly-945-container-phe-lieu-ton-dong-4884446.html via JSON-LD+Tags
2025-05-14 15:37:19.456 INFO  [Worker-1] c.d.crawler.storage.ArticleStorage [ArticleStorage.java:52] - Saved article: https://vnexpress.net/th-khanh-thanh-nha-may-che-bien-sua-quy-mo-lon-tai-nga-4884820.html via JSON-LD+Tags
2025-05-14 15:37:19.543 INFO  [Worker-4] c.d.crawler.storage.ArticleStorage [ArticleStorage.java:52] - Saved article: https://vnexpress.net/dnse-mien-phi-giao-dich-ky-quy-phai-sinh-4884448.html via JSON-LD+Tags
2025-05-14 15:37:19.643 INFO  [Worker-3] c.d.crawler.storage.ArticleStorage [ArticleStorage.java:52] - Saved article: https://vnexpress.net/cach-ajinomoto-buoc-vao-cong-nghe-thong-tin-va-dinh-duong-y-hoc-4875620.html via JSON-LD+Tags
2025-05-14 15:37:19.717 INFO  [Worker-2] c.d.crawler.storage.ArticleStorage [ArticleStorage.java:52] - Saved article: https://vnexpress.net/doanh-nghiep-nga-muon-tang-dau-tu-nang-luong-cong-nghe-cao-tai-viet-nam-4884428.html via JSON-LD+Tags
2025-05-14 15:37:19.737 INFO  [Worker-1] c.d.crawler.storage.ArticleStorage [ArticleStorage.java:52] - Saved article: https://vnexpress.net/tong-bi-thu-can-thiet-lap-he-thong-canh-tranh-cong-bang-cho-kinh-te-tu-nhan-4884403.html via JSON-LD+Tags
2025-05-14 15:37:21.413 INFO  [Worker-4] c.d.crawler.storage.ArticleStorage [ArticleStorage.java:52] - Saved article: https://thanhnien.vn/cong-ty-cua-ti-phu-pham-nhat-vuong-chinh-thuc-dang-ky-dau-tu-duong-sat-cao-toc-bac-nam-185250514115337359.htm via JSON-LD+Tags
2025-05-14 15:37:21.460 INFO  [Worker-5] c.d.crawler.storage.ArticleStorage [ArticleStorage.java:52] - Saved article: https://thanhnien.vn/tang-kich-tran-ngay-khi-chao-san-co-phieu-vinpearl-dua-tai-san-ti-phu-pham-nhat-vuong-len-92-ti-usd-18525051309544155.htm via JSON-LD+Tags
2025-05-14 15:37:21.722 INFO  [Worker-4] c.d.crawler.storage.ArticleStorage [ArticleStorage.java:52] - Saved article: https://thanhnien.vn/kien-nghi-cho-doanh-nghiep-dong-20-quy-nha-o-xa-hoi-bang-tien-185250514105812417.htm via JSON-LD+Tags
2025-05-14 15:37:21.754 INFO  [Worker-3] c.d.crawler.storage.ArticleStorage [ArticleStorage.java:52] - Saved article: https://thanhnien.vn/co-nen-de-ban-quan-tri-chung-cu-nam-tai-chinh-185250512224524305.htm via JSON-LD+Tags
2025-05-14 15:37:21.820 INFO  [Worker-5] c.d.crawler.storage.ArticleStorage [ArticleStorage.java:52] - Saved article: https://thanhnien.vn/co-hoi-tiep-can-giai-phap-hvac-tu-panasonic-cho-sinh-vien-dai-hoc-cong-nghiep-tphcm-185250514101702185.htm via JSON-LD+Tags
2025-05-14 15:37:22.257 INFO  [Worker-4] c.d.crawler.storage.ArticleStorage [ArticleStorage.java:52] - Saved article: https://thanhnien.vn/cao-toc-tphcm-thu-dau-mot-chon-thanh-moi-ban-giao-chua-toi-3-ha-dat-185250514102704625.htm via JSON-LD+Tags
2025-05-14 15:37:22.315 INFO  [Worker-5] c.d.crawler.storage.ArticleStorage [ArticleStorage.java:52] - Saved article: https://thanhnien.vn/ra-mat-techcombank-private-lounge-phong-cho-san-bay-dang-cap-nang-tam-trai-nghiem-185250514103123678.htm via JSON-LD+Tags
2025-05-14 15:37:22.386 INFO  [Worker-3] c.d.crawler.storage.ArticleStorage [ArticleStorage.java:52] - Saved article: https://thanhnien.vn/thu-tuong-phat-lenh-khoi-cong-cao-toc-tphcm-thu-dau-mot-chon-thanh-185250201101228106.htm via JSON-LD+Tags
2025-05-14 15:37:22.481 INFO  [Worker-2] c.d.crawler.storage.ArticleStorage [ArticleStorage.java:52] - Saved article: https://thanhnien.vn/thu-tuong-chinh-phu-yeu-cau-trien-khai-cac-bien-phap-quan-ly-thi-truong-vang-18525051411052839.htm via JSON-LD+Tags
2025-05-14 15:37:22.483 INFO  [Worker-1] c.d.crawler.storage.ArticleStorage [ArticleStorage.java:52] - Saved article: https://thanhnien.vn/co-phieu-vinpearl-cua-ti-phu-pham-nhat-vuong-tiep-tuc-tang-kich-tran-185250514111839984.htm via JSON-LD+Tags
2025-05-14 15:37:22.573 INFO  [Worker-0] c.d.crawler.storage.ArticleStorage [ArticleStorage.java:52] - Saved article: https://thanhnien.vn/gia-usd-hom-nay-1452025-do-tu-do-dung-yen-bat-chap-ngan-hang-di-xuong-185250514073143571.htm via JSON-LD+Tags
2025-05-14 15:37:22.705 INFO  [Worker-4] c.d.crawler.storage.ArticleStorage [ArticleStorage.java:52] - Saved article: https://thanhnien.vn/hom-nay-tphcmtiep-tuc-mua-lon-185250514080315353.htm via JSON-LD+Tags
2025-05-14 15:37:22.889 INFO  [Worker-5] c.d.crawler.storage.ArticleStorage [ArticleStorage.java:52] - Saved article: https://thanhnien.vn/may-lanh-da-lat-nong-ky-luc-185250513075538381.htm via JSON-LD+Tags
2025-05-14 15:37:22.954 INFO  [Worker-2] c.d.crawler.storage.ArticleStorage [ArticleStorage.java:52] - Saved article: https://thanhnien.vn/hanh-trinh-20-nam-nang-cao-chi-so-pci-cua-long-an-185250513161819877.htm via JSON-LD+Tags
2025-05-14 15:37:23.057 INFO  [Worker-1] c.d.crawler.storage.ArticleStorage [ArticleStorage.java:52] - Saved article: https://thanhnien.vn/cung-thieu-vat-lieu-xay-dung-co-tien-cung-khong-mua-duoc-185250513200919355.htm via JSON-LD+Tags
2025-05-14 15:37:23.063 INFO  [Worker-3] c.d.crawler.storage.ArticleStorage [ArticleStorage.java:52] - Saved article: https://thanhnien.vn/tam-nhin-chien-luoc-kien-tao-nhung-do-thi-mang-dau-an-phu-long-185250513184409937.htm via JSON-LD+Tags
2025-05-14 15:37:23.166 INFO  [Worker-0] c.d.crawler.storage.ArticleStorage [ArticleStorage.java:52] - Saved article: https://thanhnien.vn/giai-ngan-dau-tu-cong-thap-cac-du-an-trong-diem-o-quang-ngai-tiep-tuc-do-dang-185250427175501389.htm via JSON-LD+Tags
2025-05-14 15:37:23.350 INFO  [Worker-5] c.d.crawler.storage.ArticleStorage [ArticleStorage.java:52] - Saved article: https://thanhnien.vn/ngan-hang-chan-thanh-toan-tren-san-ngoai-hoi-duoc-khong-185250513222440926.htm via JSON-LD+Tags
2025-05-14 15:37:23.503 INFO  [Worker-3] c.d.crawler.storage.ArticleStorage [ArticleStorage.java:52] - Saved article: https://thanhnien.vn/gia-vang-hom-nay-1352025-nguoi-mua-o-dinh-da-lo-65-trieu-dong-luong-185250513084806516.htm via JSON-LD+Tags
2025-05-14 15:37:23.523 INFO  [Worker-2] c.d.crawler.storage.ArticleStorage [ArticleStorage.java:52] - Saved article: https://thanhnien.vn/chan-thanh-toan-hoat-dong-cua-san-giao-dich-ngoai-hoi-forex-185250505161320207.htm via JSON-LD+Tags
2025-05-14 15:37:23.529 INFO  [Worker-0] c.d.crawler.storage.ArticleStorage [ArticleStorage.java:52] - Saved article: https://thanhnien.vn/evn-chi-3900-ti-dong-dau-tu-mo-rong-thuy-dien-tri-an-185250513171338172.htm via JSON-LD+Tags
2025-05-14 15:37:23.677 INFO  [Worker-4] c.d.crawler.storage.ArticleStorage [ArticleStorage.java:52] - Saved article: https://thanhnien.vn/ky-niem-thoi-trai-tre-o-long-ho-thuy-dien-tri-an-185250411184317571.htm via JSON-LD+Tags
2025-05-14 15:37:23.704 INFO  [Worker-5] c.d.crawler.storage.ArticleStorage [ArticleStorage.java:52] - Saved article: https://thanhnien.vn/dung-bo-lo-dai-tiec-khuyen-mai-mua-he-cua-vietjet-khoi-dong-roi-185250513171618618.htm via JSON-LD+Tags
2025-05-14 15:37:23.903 INFO  [Worker-3] c.d.crawler.storage.ArticleStorage [ArticleStorage.java:52] - Saved article: https://thanhnien.vn/xuat-khau-xe-buyt-cao-cap-thuong-hieu-mercedes-benz-do-thaco-san-xuat-18525051315195414.htm via JSON-LD+Tags
2025-05-14 15:37:23.911 INFO  [Worker-0] c.d.crawler.storage.ArticleStorage [ArticleStorage.java:52] - Saved article: https://thanhnien.vn/lai-vay-binh-quan-cua-cac-ngan-hang-hien-ra-sao-185250513145819618.htm via JSON-LD+Tags
2025-05-14 15:37:24.018 INFO  [Worker-2] c.d.crawler.storage.ArticleStorage [ArticleStorage.java:52] - Saved article: https://thanhnien.vn/thaco-industries-dau-tu-trung-tam-linh-kien-phu-tung-mang-tam-khu-vuc-185250318101554044.htm via JSON-LD+Tags
2025-05-14 15:37:24.064 INFO  [Worker-5] c.d.crawler.storage.ArticleStorage [ArticleStorage.java:52] - Saved article: https://thanhnien.vn/bat-chap-lai-suat-thap-nhieu-doanh-nghiep-van-gui-tiet-kiem-hang-ngan-ti-dong-185250512115646168.htm via JSON-LD+Tags
2025-05-14 15:37:24.095 INFO  [Worker-1] c.d.crawler.storage.ArticleStorage [ArticleStorage.java:52] - Saved article: https://thanhnien.vn/ra-soat-thong-tin-siet-quan-ly-thue-ban-hang-online-xu-ly-nguoi-tron-thue-185250513151237777.htm via JSON-LD+Tags
2025-05-14 15:37:24.222 INFO  [Worker-4] c.d.crawler.storage.ArticleStorage [ArticleStorage.java:52] - Saved article: https://thanhnien.vn/neu-ten-chuyen-ho-so-doanh-nghiep-ca-nhan-tron-thue-sang-co-quan-cong-an-185250412102709312.htm via JSON-LD+Tags
2025-05-14 15:37:24.286 INFO  [Worker-3] c.d.crawler.storage.ArticleStorage [ArticleStorage.java:52] - Saved article: https://thanhnien.vn/viet-nam-co-the-la-nha-nhap-khau-gao-lon-thu-2-the-gioi-185250513115253932.htm via JSON-LD+Tags
2025-05-14 15:37:24.329 INFO  [Worker-0] c.d.crawler.storage.ArticleStorage [ArticleStorage.java:52] - Saved article: https://thanhnien.vn/gia-gao-viet-lai-dung-dau-the-gioi-185250415224720455.htm via JSON-LD+Tags
2025-05-14 15:37:24.483 INFO  [Worker-1] c.d.crawler.storage.ArticleStorage [ArticleStorage.java:52] - Saved article: https://thanhnien.vn/gia-vang-giam-khong-phanh-185250512182755176.htm via JSON-LD+Tags
2025-05-14 15:37:24.531 INFO  [Worker-5] c.d.crawler.storage.ArticleStorage [ArticleStorage.java:52] - Saved article: https://thanhnien.vn/them-mot-cong-ty-cua-ti-phu-pham-nhat-vuong-len-san-hose-185250506182539762.htm via JSON-LD+Tags
2025-05-14 15:37:24.589 INFO  [Worker-4] c.d.crawler.storage.ArticleStorage [ArticleStorage.java:52] - Saved article: https://thanhnien.vn/san-choi-cong-bang-be-phong-cho-doanh-nghiep-tu-nhan-185250513001513532.htm via JSON-LD+Tags
2025-05-14 15:37:24.617 INFO  [Worker-2] c.d.crawler.storage.ArticleStorage [ArticleStorage.java:52] - Saved article: https://thanhnien.vn/dem-qua-nhieu-noi-mua-lon-thoi-tiet-tuan-nay-the-nao-185250512071916819.htm via JSON-LD+Tags
2025-05-14 15:37:24.784 INFO  [Worker-3] c.d.crawler.storage.ArticleStorage [ArticleStorage.java:52] - Saved article: https://thanhnien.vn/nhieu-co-dong-lon-cua-novaland-dang-ky-ban-gan-19-trieu-co-phieu-185250512170543829.htm via JSON-LD+Tags
2025-05-14 15:37:24.811 INFO  [Worker-0] c.d.crawler.storage.ArticleStorage [ArticleStorage.java:52] - Saved article: https://thanhnien.vn/mik-group-va-hanh-trinh-kien-tao-phong-cach-song-timeluxe-living-185250513161741829.htm via JSON-LD+Tags
2025-05-14 15:37:25.020 INFO  [Worker-5] c.d.crawler.storage.ArticleStorage [ArticleStorage.java:52] - Saved article: https://thanhnien.vn/doanh-nhan-thoi-binh-va-khat-vong-cong-hien-185250503210116218.htm via JSON-LD+Tags
2025-05-14 15:37:25.061 INFO  [Worker-1] c.d.crawler.storage.ArticleStorage [ArticleStorage.java:52] - Saved article: https://thanhnien.vn/vit-troi-de-trung-vang-nong-dan-vung-dat-trung-phen-thu-lai-cao-185250512104933448.htm via JSON-LD+Tags
2025-05-14 15:37:25.101 INFO  [Worker-4] c.d.crawler.storage.ArticleStorage [ArticleStorage.java:52] - Saved article: https://thanhnien.vn/doanh-nhan-se-cung-xay-dung-dat-nuoc-hung-cuong-185250510221953414.htm via JSON-LD+Tags
2025-05-14 15:37:25.126 INFO  [Worker-2] c.d.crawler.storage.ArticleStorage [ArticleStorage.java:52] - Saved article: https://thanhnien.vn/xay-dung-nen-kinh-te-tu-cuong-de-thich-ung-trat-tu-thuong-mai-moi-185250426220133953.htm via JSON-LD+Tags
2025-05-14 15:37:25.223 INFO  [Worker-3] c.d.crawler.storage.ArticleStorage [ArticleStorage.java:52] - Saved article: https://thanhnien.vn/lao-nong-thanh-ti-phu-nho-sau-rieng-nghich-mua-185250507160452358.htm via JSON-LD+Tags
2025-05-14 15:37:25.275 INFO  [Worker-0] c.d.crawler.storage.ArticleStorage [ArticleStorage.java:52] - Saved article: https://thanhnien.vn/bo-tui-hon-1-ti-dong-moi-nam-tu-cay-nhau-185250507104841329.htm via JSON-LD+Tags
2025-05-14 15:37:25.545 INFO  [Worker-5] c.d.crawler.storage.ArticleStorage [ArticleStorage.java:52] - Saved article: https://thanhnien.vn/kien-nghi-thanh-lap-hiep-hoi-quan-ly-van-hanh-nha-o-tphcm-185250512131941705.htm via JSON-LD+Tags
2025-05-14 15:37:30.393 INFO  [Worker-5] c.d.crawler.storage.ArticleStorage [ArticleStorage.java:52] - Saved article: https://vietnamnet.vn/tuyen-bo-chung-ve-thiet-lap-quan-he-doi-tac-chien-luoc-viet-nam-va-belarus-2400431.html via JSON-LD+Tags
2025-05-14 15:37:30.464 INFO  [Worker-0] c.d.crawler.storage.ArticleStorage [ArticleStorage.java:52] - Saved article: https://vietnamnet.vn/viet-nam-hoan-nghenh-de-xuat-cua-tong-thong-nga-ve-noi-lai-dam-phan-voi-ukraine-2400353.html via JSON-LD+Tags
2025-05-14 15:37:30.698 INFO  [Worker-2] c.d.crawler.storage.ArticleStorage [ArticleStorage.java:52] - Saved article: https://vietnamnet.vn/tong-bi-thu-to-lam-vun-dap-tinh-huu-nghi-viet-nam-belarus-ngay-cang-ben-chat-2400129.html via JSON-LD+Tags
2025-05-14 15:37:30.698 INFO  [Worker-5] c.d.crawler.storage.ArticleStorage [ArticleStorage.java:52] - Saved article: https://vietnamnet.vn/phu-nhan-ngo-phuong-ly-tham-noi-dao-tao-dien-anh-my-thuat-noi-tieng-cua-nga-2400155.html via JSON-LD+Tags
2025-05-14 15:37:31.085 INFO  [Worker-5] c.d.crawler.storage.ArticleStorage [ArticleStorage.java:52] - Saved article: https://vietnamnet.vn/nga-ban-giao-cho-viet-nam-tau-nghien-cuu-khoa-hoc-giao-su-gagarinsky-2400038.html via JSON-LD+Tags
2025-05-14 15:37:31.153 INFO  [Worker-0] c.d.crawler.storage.ArticleStorage [ArticleStorage.java:52] - Saved article: https://vietnamnet.vn/belarus-chao-don-tong-bi-thu-va-phu-nhan-bang-nghi-thuc-moi-banh-mi-va-muoi-2400059.html via JSON-LD+Tags
2025-05-14 15:37:31.153 INFO  [Worker-1] c.d.crawler.storage.ArticleStorage [ArticleStorage.java:52] - Saved article: https://vietnamnet.vn/tong-bi-thu-tham-belarus-dua-quan-he-hai-nuoc-ngay-cang-gan-bo-on-dinh-2400013.html via JSON-LD+Tags
2025-05-14 15:37:31.187 INFO  [Worker-4] c.d.crawler.storage.ArticleStorage [ArticleStorage.java:52] - Saved article: https://vietnamnet.vn/tong-bi-thu-mong-muon-quan-he-viet-nam-lien-bang-nga-tro-thanh-hinh-mau-2400007.html via JSON-LD+Tags
2025-05-14 15:37:31.559 INFO  [Worker-0] c.d.crawler.storage.ArticleStorage [ArticleStorage.java:52] - Saved article: https://vietnamnet.vn/tuyen-bo-chung-ve-dinh-huong-lon-quan-he-viet-nga-trong-giai-doan-hop-tac-moi-2400005.html via JSON-LD+Tags
2025-05-14 15:37:31.561 INFO  [Worker-5] c.d.crawler.storage.ArticleStorage [ArticleStorage.java:52] - Saved article: https://vietnamnet.vn/phat-bieu-cua-tong-bi-thu-to-lam-tai-hoc-vien-tong-thong-lien-bang-nga-2399894.html via JSON-LD+Tags
2025-05-14 15:37:31.826 INFO  [Worker-3] c.d.crawler.storage.ArticleStorage [ArticleStorage.java:52] - Saved article: https://vietnamnet.vn/tong-bi-thu-to-lam-dang-hoa-tuong-nho-chu-tich-ho-chi-minh-tai-moscow-2399891.html via JSON-LD+Tags
2025-05-14 15:37:31.897 INFO  [Worker-5] c.d.crawler.storage.ArticleStorage [ArticleStorage.java:52] - Saved article: https://vietnamnet.vn/tong-thong-putin-quan-he-nga-viet-nam-trai-qua-thu-thach-sat-canh-cung-nhau-2399886.html via JSON-LD+Tags
2025-05-14 15:37:32.101 INFO  [Worker-4] c.d.crawler.storage.ArticleStorage [ArticleStorage.java:52] - Saved article: https://vietnamnet.vn/tong-bi-thu-to-lam-nhan-danh-hieu-giao-su-danh-du-cua-hoc-vien-tong-thong-o-nga-2399801.html via JSON-LD+Tags
2025-05-14 15:37:32.359 INFO  [Worker-1] c.d.crawler.storage.ArticleStorage [ArticleStorage.java:52] - Saved article: https://vietnamnet.vn/chu-tich-nuoc-chuc-mung-tan-giao-hoang-leo-xiv-2399759.html via JSON-LD+Tags
2025-05-14 15:37:32.454 INFO  [Worker-4] c.d.crawler.storage.ArticleStorage [ArticleStorage.java:52] - Saved article: https://vietnamnet.vn/tong-bi-thu-to-lam-gap-chu-tich-dang-nuoc-nga-thong-nhat-medvedev-2399624.html via JSON-LD+Tags
2025-05-14 15:37:32.618 INFO  [Worker-0] c.d.crawler.storage.ArticleStorage [ArticleStorage.java:52] - Saved article: https://vietnamnet.vn/tong-bi-thu-to-lam-gap-tong-bi-thu-tap-can-binh-va-lanh-dao-nhieu-nuoc-2399600.html via JSON-LD+Tags
2025-05-14 15:37:32.824 INFO  [Worker-3] c.d.crawler.storage.ArticleStorage [ArticleStorage.java:52] - Saved article: https://vietnamnet.vn/quan-doi-viet-nam-hung-dung-duyet-binh-cung-cac-nuoc-tai-quang-truong-do-2399493.html via JSON-LD+Tags
2025-05-14 15:37:32.939 INFO  [Worker-5] c.d.crawler.storage.ArticleStorage [ArticleStorage.java:52] - Saved article: https://vietnamnet.vn/tong-bi-thu-cung-lanh-dao-cac-nuoc-tuong-niem-liet-si-vo-danh-o-quang-truong-do-2399576.html via JSON-LD+Tags
2025-05-14 15:37:32.967 INFO  [Worker-0] c.d.crawler.storage.ArticleStorage [ArticleStorage.java:52] - Saved article: https://vietnamnet.vn/tong-bi-thu-to-lam-va-phu-nhan-du-le-duyet-binh-tai-quang-truong-do-2399458.html via JSON-LD+Tags
2025-05-14 15:37:33.017 INFO  [Worker-4] c.d.crawler.storage.ArticleStorage [ArticleStorage.java:52] - Saved article: https://vietnamnet.vn/viet-nam-dang-cai-2-su-kien-lon-cua-bao-chi-truyen-thong-asean-2399291.html via JSON-LD+Tags
2025-05-14 15:37:33.401 INFO  [Worker-1] c.d.crawler.storage.ArticleStorage [ArticleStorage.java:52] - Saved article: https://vietnamnet.vn/tu-dau-chan-the-ky-toi-su-dong-cam-cua-hai-dan-toc-viet-nga-2398431.html via JSON-LD+Tags
2025-05-14 15:37:33.478 INFO  [Worker-0] c.d.crawler.storage.ArticleStorage [ArticleStorage.java:52] - Saved article: https://vietnamnet.vn/viet-nam-bac-bo-lenh-cam-danh-bat-ca-don-phuong-cua-trung-quoc-tren-bien-dong-2399229.html via JSON-LD+Tags
2025-05-14 15:37:33.594 INFO  [Worker-2] c.d.crawler.storage.ArticleStorage [ArticleStorage.java:52] - Saved article: https://vietnamnet.vn/tong-bi-thu-viet-nam-dac-biet-coi-trong-quan-he-voi-nga-2399238.html via JSON-LD+Tags
2025-05-14 15:37:33.609 INFO  [Worker-5] c.d.crawler.storage.ArticleStorage [ArticleStorage.java:52] - Saved article: https://vietnamnet.vn/tong-bi-thu-to-lam-bat-dau-tham-nga-theo-loi-moi-cua-tong-thong-putin-2399182.html via JSON-LD+Tags
2025-05-14 15:37:35.064 INFO  [Worker-1] c.d.crawler.storage.ArticleStorage [ArticleStorage.java:52] - Saved article: https://vnexpress.net/cong-nghe-giup-fbi-nhin-xuyen-tuong-4885613.html via JSON-LD+Tags
2025-05-14 15:37:35.077 INFO  [Worker-0] c.d.crawler.storage.ArticleStorage [ArticleStorage.java:52] - Saved article: https://vnexpress.net/elon-musk-khoe-optimus-nhay-dieu-giong-ong-trump-4885634.html via JSON-LD+Tags
2025-05-14 15:37:35.128 INFO  [Worker-5] c.d.crawler.storage.ArticleStorage [ArticleStorage.java:52] - Saved article: https://vnexpress.net/sam-altman-cach-su-dung-chatgpt-phan-anh-do-tuoi-nguoi-dung-4885562.html via JSON-LD+Tags
2025-05-14 15:37:35.338 INFO  [Worker-2] c.d.crawler.storage.ArticleStorage [ArticleStorage.java:52] - Saved article: https://vnexpress.net/microsoft-cat-giam-hon-6-000-nhan-vien-toan-cau-4885566.html via JSON-LD+Tags
2025-05-14 15:37:35.368 INFO  [Worker-1] c.d.crawler.storage.ArticleStorage [ArticleStorage.java:52] - Saved article: https://vnexpress.net/may-loc-khong-khi-cho-cho-meo-khac-gi-loai-thuong-4885063.html via JSON-LD+Tags
2025-05-14 15:37:35.406 INFO  [Worker-0] c.d.crawler.storage.ArticleStorage [ArticleStorage.java:52] - Saved article: https://vnexpress.net/google-dua-chatbot-gemini-len-oto-tv-dong-ho-4885570.html via JSON-LD+Tags
2025-05-14 15:37:35.449 INFO  [Worker-5] c.d.crawler.storage.ArticleStorage [ArticleStorage.java:52] - Saved article: https://vnexpress.net/lg-dualcool-ai-air-dieu-hoa-voi-hai-khe-thoi-gio-4885023.html via JSON-LD+Tags
2025-05-14 15:37:35.482 INFO  [Worker-4] c.d.crawler.storage.ArticleStorage [ArticleStorage.java:52] - Saved article: https://vnexpress.net/meta-duoc-de-nghi-som-thanh-lap-van-phong-dai-dien-tai-viet-nam-4885817.html via JSON-LD+Tags
2025-05-14 15:37:35.915 INFO  [Worker-1] c.d.crawler.storage.ArticleStorage [ArticleStorage.java:52] - Saved article: https://vnexpress.net/hon-150-trieu-dong-cho-cac-startup-tranh-tai-tai-pitchfest-2025-4885506.html via JSON-LD+Tags
2025-05-14 15:37:35.994 INFO  [Worker-0] c.d.crawler.storage.ArticleStorage [ArticleStorage.java:52] - Saved article: https://vnexpress.net/phong-thi-nghiem-anh-tao-ra-chat-lam-lanh-moi-trong-dieu-hoa-4885200.html via JSON-LD+Tags
2025-05-14 15:37:36.057 INFO  [Worker-2] c.d.crawler.storage.ArticleStorage [ArticleStorage.java:52] - Saved article: https://vnexpress.net/dua-nhiem-vu-nghien-cuu-co-ban-ve-cac-dai-hoc-hang-dau-4885459.html via JSON-LD+Tags
2025-05-14 15:37:36.207 INFO  [Worker-5] c.d.crawler.storage.ArticleStorage [ArticleStorage.java:52] - Saved article: https://vnexpress.net/galaxy-ring-thiet-bi-theo-doi-suc-khoe-sieu-nho-4885461.html via JSON-LD+Tags
2025-05-14 15:37:36.211 INFO  [Worker-1] c.d.crawler.storage.ArticleStorage [ArticleStorage.java:52] - Saved article: https://vnexpress.net/galaxy-s25-edge-smartphone-sieu-mong-tai-viet-nam-4885328.html via JSON-LD+Tags
2025-05-14 15:37:36.270 INFO  [Worker-3] c.d.crawler.storage.ArticleStorage [ArticleStorage.java:52] - Saved article: https://vnexpress.net/mo-cong-binh-chon-chung-ket-vietnam-game-awards-2025-4875773.html via JSON-LD+Tags
2025-05-14 15:37:36.290 INFO  [Worker-0] c.d.crawler.storage.ArticleStorage [ArticleStorage.java:52] - Saved article: https://vnexpress.net/lien-hop-quoc-ban-ve-quan-ly-vu-khi-ai-va-robot-sat-thu-4885211.html via JSON-LD+Tags
2025-05-14 15:37:36.340 INFO  [Worker-2] c.d.crawler.storage.ArticleStorage [ArticleStorage.java:52] - Saved article: https://vnexpress.net/hai-cosplayer-quoc-te-lam-giam-khao-cosplay-contest-2025-4884852.html via JSON-LD+Tags
2025-05-14 15:37:36.498 INFO  [Worker-1] c.d.crawler.storage.ArticleStorage [ArticleStorage.java:52] - Saved article: https://vnexpress.net/con-ba-ngay-binh-chon-chung-ket-vietnam-game-awards-2025-4885120.html via JSON-LD+Tags
2025-05-14 15:37:36.515 INFO  [Worker-5] c.d.crawler.storage.ArticleStorage [ArticleStorage.java:52] - Saved article: https://vnexpress.net/nhung-chao-lua-nong-nhat-tren-trai-dat-4884536.html via JSON-LD+Tags
2025-05-14 15:37:36.559 INFO  [Worker-3] c.d.crawler.storage.ArticleStorage [ArticleStorage.java:52] - Saved article: https://vnexpress.net/thiet-ke-khac-biet-cua-khach-san-cao-nhat-the-gioi-o-dubai-4885038.html via JSON-LD+Tags
2025-05-14 15:37:36.588 INFO  [Worker-0] c.d.crawler.storage.ArticleStorage [ArticleStorage.java:52] - Saved article: https://vnexpress.net/ios-18-5-ra-mat-ho-tro-nhan-tin-ve-tinh-cho-iphone-13-4885151.html via JSON-LD+Tags
2025-05-14 15:37:36.749 INFO  [Worker-2] c.d.crawler.storage.ArticleStorage [ArticleStorage.java:52] - Saved article: https://vnexpress.net/partybox-encore-2-loa-da-nang-tich-hop-ai-4884493.html via JSON-LD+Tags
2025-05-14 15:37:36.807 INFO  [Worker-1] c.d.crawler.storage.ArticleStorage [ArticleStorage.java:52] - Saved article: https://vnexpress.net/cach-nop-thue-thu-nhap-ca-nhan-tren-etax-4885016.html via JSON-LD+Tags
2025-05-14 15:37:36.879 INFO  [Worker-3] c.d.crawler.storage.ArticleStorage [ArticleStorage.java:52] - Saved article: https://vnexpress.net/cac-ong-lon-cong-nghe-giua-nga-ba-duong-vi-ai-4884565.html via JSON-LD+Tags
2025-05-14 15:37:37.061 INFO  [Worker-0] c.d.crawler.storage.ArticleStorage [ArticleStorage.java:52] - Saved article: https://vnexpress.net/cong-bo-32-san-pham-giai-phap-khoa-hoc-cong-nghe-make-in-viet-nam-4885212.html via JSON-LD+Tags
2025-05-14 15:37:37.063 INFO  [Worker-2] c.d.crawler.storage.ArticleStorage [ArticleStorage.java:52] - Saved article: https://vnexpress.net/blockchain-va-ai-hai-yeu-to-thuc-day-dot-pha-cong-nghe-4885187.html via JSON-LD+Tags
2025-05-14 15:37:37.111 INFO  [Worker-1] c.d.crawler.storage.ArticleStorage [ArticleStorage.java:52] - Saved article: https://vnexpress.net/samsung-galaxy-ring-va-galaxy-s25-edge-ra-mat-tai-viet-nam-4885115.html via JSON-LD+Tags
2025-05-14 15:37:37.203 INFO  [Worker-4] c.d.crawler.storage.ArticleStorage [ArticleStorage.java:52] - Saved article: https://vnexpress.net/cosplay-contest-2025-mo-cong-binh-chon-4875600.html via JSON-LD+Tags
2025-05-14 15:37:37.349 INFO  [Worker-5] c.d.crawler.storage.ArticleStorage [ArticleStorage.java:52] - Saved article: https://vnexpress.net/apple-can-nhac-tang-gia-iphone-17-4885068.html via JSON-LD+Tags
2025-05-14 15:37:37.359 INFO  [Worker-0] c.d.crawler.storage.ArticleStorage [ArticleStorage.java:52] - Saved article: https://vnexpress.net/he-thong-drone-kiem-tra-than-toc-duong-day-dien-4884730.html via JSON-LD+Tags
2025-05-14 15:37:37.417 INFO  [Worker-2] c.d.crawler.storage.ArticleStorage [ArticleStorage.java:52] - Saved article: https://vnexpress.net/ve-tinh-vnredsat-1-gui-hinh-anh-ve-sau-hai-nam-loi-he-thong-4884273.html via JSON-LD+Tags
2025-05-14 15:37:37.433 INFO  [Worker-1] c.d.crawler.storage.ArticleStorage [ArticleStorage.java:52] - Saved article: https://vnexpress.net/mo-hinh-ai-cho-phep-dieu-khien-robot-bang-loi-4884100.html via JSON-LD+Tags
2025-05-14 15:37:37.618 INFO  [Worker-3] c.d.crawler.storage.ArticleStorage [ArticleStorage.java:52] - Saved article: https://vnexpress.net/loai-ga-hoi-den-muc-ke-thu-phai-tranh-xa-4884533.html via JSON-LD+Tags
2025-05-14 15:37:37.730 INFO  [Worker-0] c.d.crawler.storage.ArticleStorage [ArticleStorage.java:52] - Saved article: https://vnexpress.net/ban-nhac-buc-tuong-lam-tai-nghe-khong-day-4884501.html via JSON-LD+Tags
2025-05-14 15:37:37.765 INFO  [Worker-5] c.d.crawler.storage.ArticleStorage [ArticleStorage.java:52] - Saved article: https://vnexpress.net/de-xuat-nhieu-uu-dai-thue-cho-doanh-nghiep-lam-khoa-hoc-cong-nghe-4884778.html via JSON-LD+Tags
2025-05-14 15:37:37.797 INFO  [Worker-1] c.d.crawler.storage.ArticleStorage [ArticleStorage.java:52] - Saved article: https://vnexpress.net/cong-ty-my-tuyen-bo-khai-thac-helium-3-tren-mat-trang-4884534.html via JSON-LD+Tags
2025-05-14 15:37:37.844 INFO  [Worker-2] c.d.crawler.storage.ArticleStorage [ArticleStorage.java:52] - Saved article: https://vnexpress.net/nhieu-nguoi-tre-my-mong-lam-giau-voi-meme-coin-4884489.html via JSON-LD+Tags
2025-05-14 15:37:37.898 INFO  [Worker-4] c.d.crawler.storage.ArticleStorage [ArticleStorage.java:52] - Saved article: https://vnexpress.net/cuoc-dua-khai-thac-nang-luong-tu-long-dat-4882374.html via JSON-LD+Tags
2025-05-14 15:37:37.986 INFO  [Worker-3] c.d.crawler.storage.ArticleStorage [ArticleStorage.java:52] - Saved article: https://vnexpress.net/loat-smartphone-pin-lon-ra-mat-nam-2025-4883925.html via JSON-LD+Tags
2025-05-14 15:37:38.076 INFO  [Worker-5] c.d.crawler.storage.ArticleStorage [ArticleStorage.java:52] - Saved article: https://vnexpress.net/mobifone-gioi-thieu-camera-ai-cho-gia-dinh-4884014.html via JSON-LD+Tags
2025-05-14 15:37:38.076 INFO  [Worker-0] c.d.crawler.storage.ArticleStorage [ArticleStorage.java:52] - Saved article: https://vnexpress.net/mobifone-econtract-giai-phap-cho-hop-dong-dien-tu-an-toan-4884754.html via JSON-LD+Tags
2025-05-14 15:37:38.187 INFO  [Worker-2] c.d.crawler.storage.ArticleStorage [ArticleStorage.java:52] - Saved article: https://vnexpress.net/bon-nha-khoa-hoc-gianh-giai-thuong-bao-son-2024-4884471.html via JSON-LD+Tags
2025-05-14 15:37:38.188 INFO  [Worker-4] c.d.crawler.storage.ArticleStorage [ArticleStorage.java:52] - Saved article: https://vnexpress.net/nga-ban-giao-tau-nghien-cuu-khoa-hoc-cho-viet-nam-4884481.html via JSON-LD+Tags
2025-05-14 15:37:38.301 INFO  [Worker-3] c.d.crawler.storage.ArticleStorage [ArticleStorage.java:52] - Saved article: https://vnexpress.net/hieu-ung-bi-an-de-doa-trang-trai-dien-gio-4883041.html via JSON-LD+Tags
2025-05-14 15:37:38.490 INFO  [Worker-2] c.d.crawler.storage.ArticleStorage [ArticleStorage.java:52] - Saved article: https://vnexpress.net/tau-tham-do-sao-kim-roi-xuong-trai-dat-4884386.html via JSON-LD+Tags
2025-05-14 15:37:38.563 INFO  [Worker-4] c.d.crawler.storage.ArticleStorage [ArticleStorage.java:52] - Saved article: https://vnexpress.net/ho-sua-chua-khi-doc-chet-nguoi-4883964.html via JSON-LD+Tags
2025-05-14 15:37:39.052 INFO  [Worker-1] c.d.crawler.storage.ArticleStorage [ArticleStorage.java:52] - Saved article: https://vnexpress.net/coco-solar-ra-mat-nen-tang-lap-dat-va-tra-cham-dien-mat-troi-4884061.html via JSON-LD+Tags
2025-05-14 15:37:39.184 INFO  [Worker-3] c.d.crawler.storage.ArticleStorage [ArticleStorage.java:52] - Saved article: https://vnexpress.net/cong-nghe-giup-hang-trieu-nguoi-xem-video-cung-luc-the-nao-4882918.html via JSON-LD+Tags
2025-05-14 15:37:40.134 INFO  [Worker-2] c.d.crawler.storage.ArticleStorage [ArticleStorage.java:52] - Saved article: https://vietnamnet.vn/kiem-soat-quyen-luc-la-giai-phap-quan-trong-hang-dau-tri-tham-nhung-chinh-sach-2399190.html via JSON-LD+Tags
2025-05-14 15:37:40.145 INFO  [Worker-1] c.d.crawler.storage.ArticleStorage [ArticleStorage.java:52] - Saved article: https://vietnamnet.vn/sap-nhap-tinh-xa-3-4-bi-thu-chu-tich-chon-ai-lam-truong-ai-lam-pho-rat-kho-2399828.html via JSON-LD+Tags
2025-05-14 15:37:40.169 INFO  [Worker-3] c.d.crawler.storage.ArticleStorage [ArticleStorage.java:52] - Saved article: https://vietnamnet.vn/ky-vong-khi-bo-chinh-tri-ban-bi-thu-chi-dinh-lanh-dao-tinh-sau-sap-nhap-2396680.html via JSON-LD+Tags
2025-05-14 15:37:40.169 INFO  [Worker-5] c.d.crawler.storage.ArticleStorage [ArticleStorage.java:52] - Saved article: https://vietnamnet.vn/sau-sap-nhap-tranh-bien-tai-san-cong-thanh-tu-cha-chung-khong-ai-khoc-2397585.html via JSON-LD+Tags
2025-05-14 15:37:40.242 INFO  [Worker-4] c.d.crawler.storage.ArticleStorage [ArticleStorage.java:52] - Saved article: https://vietnamnet.vn/nen-uu-dai-cho-cong-chuc-duoc-mua-nha-mua-dat-gan-noi-lam-viec-sau-sap-nhap-2395225.html via JSON-LD+Tags
2025-05-14 15:37:40.242 INFO  [Worker-0] c.d.crawler.storage.ArticleStorage [ArticleStorage.java:52] - Saved article: https://vietnamnet.vn/khong-lo-thua-chi-so-thieu-trach-nhiem-khi-sap-xep-tru-so-cong-sau-sap-nhap-tinh-2395111.html via JSON-LD+Tags
2025-05-14 15:37:40.495 INFO  [Worker-2] c.d.crawler.storage.ArticleStorage [ArticleStorage.java:52] - Saved article: https://vietnamnet.vn/dua-tinh-uy-vien-giam-doc-so-ve-xa-de-dao-tao-ren-luyen-can-bo-2396896.html via JSON-LD+Tags
2025-05-14 15:37:40.503 INFO  [Worker-1] c.d.crawler.storage.ArticleStorage [ArticleStorage.java:52] - Saved article: https://vietnamnet.vn/giam-doc-so-tinh-uy-vien-lam-bi-thu-chu-tich-xa-phai-biet-xan-quan-loi-ruong-2397118.html via JSON-LD+Tags
2025-05-14 15:37:40.512 INFO  [Worker-3] c.d.crawler.storage.ArticleStorage [ArticleStorage.java:52] - Saved article: https://vietnamnet.vn/chuyen-gia-viet-khap-the-gioi-tiet-lo-bi-quyet-de-tphcm-keo-nhan-tai-ve-nuoc-2390263.html via JSON-LD+Tags
2025-05-14 15:37:40.513 INFO  [Worker-5] c.d.crawler.storage.ArticleStorage [ArticleStorage.java:52] - Saved article: https://vietnamnet.vn/sap-nhap-tinh-va-chuyen-tham-luan-khong-duoc-in-cua-nha-nghien-cuu-dang-hoanh-loan-2395114.html via JSON-LD+Tags
2025-05-14 15:37:40.546 INFO  [Worker-0] c.d.crawler.storage.ArticleStorage [ArticleStorage.java:52] - Saved article: https://vietnamnet.vn/da-den-luc-tphcm-khai-thac-mo-vang-song-sai-gon-bang-cac-dai-lo-metro-ven-song-2390252.html via JSON-LD+Tags
2025-05-14 15:37:40.563 INFO  [Worker-4] c.d.crawler.storage.ArticleStorage [ArticleStorage.java:52] - Saved article: https://vietnamnet.vn/dat-ten-xa-phuong-moi-khong-nen-danh-so-vi-ta-dau-thieu-chu-nghia-2394353.html via JSON-LD+Tags
2025-05-14 15:37:40.880 INFO  [Worker-2] c.d.crawler.storage.ArticleStorage [ArticleStorage.java:52] - Saved article: https://vietnamnet.vn/nghe-y-kien-dan-nhieu-tinh-thanh-bo-cach-dat-ten-xa-phuong-theo-so-1-2-3-2394069.html via JSON-LD+Tags
2025-05-14 15:37:40.881 INFO  [Worker-1] c.d.crawler.storage.ArticleStorage [ArticleStorage.java:52] - Saved article: https://vietnamnet.vn/sa-pa-ha-long-da-lat-khong-can-phai-la-cap-huyen-moi-giu-duoc-ten-tuoi-2393557.html via JSON-LD+Tags
2025-05-14 15:37:40.897 INFO  [Worker-3] c.d.crawler.storage.ArticleStorage [ArticleStorage.java:52] - Saved article: https://vietnamnet.vn/dat-ten-xa-phuong-sau-sap-nhap-sao-cu-phai-1-2-3-4-2393189.html via JSON-LD+Tags
2025-05-14 15:37:40.897 INFO  [Worker-5] c.d.crawler.storage.ArticleStorage [ArticleStorage.java:52] - Saved article: https://vietnamnet.vn/chuyen-gia-viet-o-nuoc-ngoai-tphcm-phat-trien-qua-nhanh-va-nhung-vet-thuong-can-chua-lanh-2393019.html via JSON-LD+Tags
2025-05-14 15:37:40.903 INFO  [Worker-0] c.d.crawler.storage.ArticleStorage [ArticleStorage.java:52] - Saved article: https://vietnamnet.vn/sua-gia-thuc-pham-ban-nhan-vat-co-tieng-showbiz-tiep-tay-lua-dan-den-4-nam-2392192.html via JSON-LD+Tags
2025-05-14 15:37:40.920 INFO  [Worker-4] c.d.crawler.storage.ArticleStorage [ArticleStorage.java:52] - Saved article: https://vietnamnet.vn/nguyen-pho-chu-tich-nuoc-cac-chau-du-hoc-ve-lam-sao-nhan-luong-he-so-vai-trieu-2392146.html via JSON-LD+Tags
2025-05-14 15:37:41.217 INFO  [Worker-5] c.d.crawler.storage.ArticleStorage [ArticleStorage.java:52] - Saved article: https://vietnamnet.vn/bac-giang-gan-voi-vai-thieu-thanh-ten-phuong-xa-tinh-bac-ninh-thi-hay-qua-2391845.html via JSON-LD+Tags
2025-05-14 15:37:41.238 INFO  [Worker-1] c.d.crawler.storage.ArticleStorage [ArticleStorage.java:52] - Saved article: https://vietnamnet.vn/que-toi-hai-duong-nhung-lay-ten-hai-phong-la-hop-ly-2391243.html via JSON-LD+Tags
2025-05-14 15:37:41.265 INFO  [Worker-4] c.d.crawler.storage.ArticleStorage [ArticleStorage.java:52] - Saved article: https://vietnamnet.vn/bon-yeu-to-cot-loi-khong-the-thieu-khi-sap-nhap-tinh-2389434.html via JSON-LD+Tags
2025-05-14 15:37:41.286 INFO  [Worker-2] c.d.crawler.storage.ArticleStorage [ArticleStorage.java:52] - Saved article: https://vietnamnet.vn/bo-noi-vu-cong-chuc-tre-co-tai-nang-co-the-duoc-thang-chuc-khong-qua-quy-hoach-2390418.html via JSON-LD+Tags
2025-05-14 15:37:41.305 INFO  [Worker-0] c.d.crawler.storage.ArticleStorage [ArticleStorage.java:52] - Saved article: https://vietnamnet.vn/nhieu-truong-phong-lo-mat-quy-hoach-khi-khong-con-cap-huyen-2390302.html via JSON-LD+Tags
2025-05-14 15:37:41.309 INFO  [Worker-3] c.d.crawler.storage.ArticleStorage [ArticleStorage.java:52] - Saved article: https://vietnamnet.vn/nguyen-thu-truong-bo-noi-vu-giai-bai-toan-ai-di-ai-o-khi-sap-nhap-phuong-xa-2390690.html via JSON-LD+Tags
2025-05-14 15:37:41.569 INFO  [Worker-4] c.d.crawler.storage.ArticleStorage [ArticleStorage.java:52] - Saved article: https://vietnamnet.vn/lo-it-co-co-hoi-lam-nguoi-o-lai-nhieu-bi-thu-chu-tich-xa-xin-nghi-huu-som-2389494.html via JSON-LD+Tags
2025-05-14 15:37:41.570 INFO  [Worker-5] c.d.crawler.storage.ArticleStorage [ArticleStorage.java:52] - Saved article: https://vietnamnet.vn/trinh-do-nhiet-huyet-co-du-nhung-thieu-huyen-uy-vien-cung-kho-duoc-chon-o-lai-2389904.html via JSON-LD+Tags
2025-05-14 15:37:41.606 INFO  [Worker-1] c.d.crawler.storage.ArticleStorage [ArticleStorage.java:52] - Saved article: https://vietnamnet.vn/cong-chuc-lam-viec-tu-xa-se-tranh-duoc-tinh-trang-sang-cap-o-di-toi-cap-o-ve-2389136.html via JSON-LD+Tags
2025-05-14 15:37:42.598 INFO  [Worker-0] c.d.crawler.storage.ArticleStorage [ArticleStorage.java:52] - Saved article: https://thanhnien.vn/chang-trai-105-kg-lot-xac-ngoan-muc-dieu-bat-ngo-sau-6-thang-18525051310135286.htm via JSON-LD+Tags
2025-05-14 15:37:42.611 INFO  [Worker-5] c.d.crawler.storage.ArticleStorage [ArticleStorage.java:52] - Saved article: https://thanhnien.vn/binh-yen-cua-chang-trai-bo-pho-ve-lam-vuon-185250508000257743.htm via JSON-LD+Tags
2025-05-14 15:37:42.682 INFO  [Worker-4] c.d.crawler.storage.ArticleStorage [ArticleStorage.java:52] - Saved article: https://thanhnien.vn/chi-voi-mot-chiec-dien-thoai-co-co-hoi-nhan-giai-thuong-len-den-10-trieu-dong-18525051316152754.htm via JSON-LD+Tags
2025-05-14 15:37:42.918 INFO  [Worker-2] c.d.crawler.storage.ArticleStorage [ArticleStorage.java:52] - Saved article: https://thanhnien.vn/thach-thuc-bai-toan-tram-ngan-ti-nha-ven-kenh-cho-thay-ao-moi-ky-5-185250509022216818.htm via JSON-LD+Tags
2025-05-14 15:37:42.965 INFO  [Worker-5] c.d.crawler.storage.ArticleStorage [ArticleStorage.java:52] - Saved article: https://thanhnien.vn/nhan-vien-cay-xang-khach-tranh-cai-chuyen-do-xang-ai-la-nguoi-mo-nap-binh-185250512101753258.htm via JSON-LD+Tags
2025-05-14 15:37:42.987 INFO  [Worker-1] c.d.crawler.storage.ArticleStorage [ArticleStorage.java:52] - Saved article: https://thanhnien.vn/giai-ma-quang-mat-troi-xuat-hien-o-nhieu-noi-dan-mang-ran-ran-chia-se-185250512141748872.htm via JSON-LD+Tags
2025-05-14 15:37:42.987 INFO  [Worker-4] c.d.crawler.storage.ArticleStorage [ArticleStorage.java:52] - Saved article: https://thanhnien.vn/ve-da-nang-xem-danh-bat-bun-song-cu-de-lam-mon-an-sieu-la-185250511124427429.htm via JSON-LD+Tags
2025-05-14 15:37:43.030 INFO  [Worker-0] c.d.crawler.storage.ArticleStorage [ArticleStorage.java:52] - Saved article: https://thanhnien.vn/ve-dep-co-kinh-cua-chua-dieu-phap-co-tu-200-nam-tuoi-xu-hue-185250511124813742.htm via JSON-LD+Tags
2025-05-14 15:37:43.208 INFO  [Worker-3] c.d.crawler.storage.ArticleStorage [ArticleStorage.java:52] - Saved article: https://thanhnien.vn/nhieu-tuyen-duong-tphcm-ngap-nang-sau-mua-se-con-mua-lon-den-bao-gio-185250510185334772.htm via JSON-LD+Tags
2025-05-14 15:37:43.322 INFO  [Worker-4] c.d.crawler.storage.ArticleStorage [ArticleStorage.java:52] - Saved article: https://thanhnien.vn/quang-mat-troi-xuat-hien-o-tphcm-sang-nay-dan-mang-chia-se-ao-at-185250513111245949.htm via JSON-LD+Tags
2025-05-14 15:37:43.373 INFO  [Worker-0] c.d.crawler.storage.ArticleStorage [ArticleStorage.java:52] - Saved article: https://thanhnien.vn/me-sinh-thuong-5-nguoi-con-trong-7-nam-mang-thai-lan-thu-6-dong-con-cho-nha-them-vui-185241106175825595.htm via JSON-LD+Tags
2025-05-14 15:37:43.381 INFO  [Worker-5] c.d.crawler.storage.ArticleStorage [ArticleStorage.java:52] - Saved article: https://thanhnien.vn/nguoi-mien-tay-mung-muon-khoc-ngay-duoc-lap-mien-phi-he-thong-sieu-loc-nuoc-mua-185250510092945436.htm via JSON-LD+Tags
2025-05-14 15:37:43.420 INFO  [Worker-1] c.d.crawler.storage.ArticleStorage [ArticleStorage.java:52] - Saved article: https://thanhnien.vn/tiem-mi-goi-1k-o-tphcm-chi-sang-den-ve-dem-khach-nuom-nuop-185250411203000852.htm via JSON-LD+Tags
2025-05-14 15:37:43.461 INFO  [Worker-2] c.d.crawler.storage.ArticleStorage [ArticleStorage.java:52] - Saved article: https://thanhnien.vn/lotus-lounge-cham-tinh-hoa-nghe-viet-185250509104002517.htm via JSON-LD+Tags
2025-05-14 15:37:43.748 INFO  [Worker-1] c.d.crawler.storage.ArticleStorage [ArticleStorage.java:52] - Saved article: https://thanhnien.vn/nhan-com-chay-mien-phi-o-tphcm-dip-le-phat-dan-thay-am-long-lam-18525051208522342.htm via JSON-LD+Tags
2025-05-14 15:37:43.831 INFO  [Worker-4] c.d.crawler.storage.ArticleStorage [ArticleStorage.java:52] - Saved article: https://thanhnien.vn/ngoi-chua-tu-thoi-nguyen-noi-co-buc-tranh-5-con-rong-an-hien-tren-tran-dien-185250508163015212.htm via JSON-LD+Tags
2025-05-14 15:37:43.848 INFO  [Worker-0] c.d.crawler.storage.ArticleStorage [ArticleStorage.java:52] - Saved article: https://thanhnien.vn/moi-cong-tac-dien-tat-di-hanh-tinh-xanh-them-moi-ngay-185250513203953755.htm via JSON-LD+Tags
2025-05-14 15:37:43.922 INFO  [Worker-5] c.d.crawler.storage.ArticleStorage [ArticleStorage.java:52] - Saved article: https://thanhnien.vn/ong-troi-da-giam-tien-dien-cho-nha-toi-185250513204638437.htm via JSON-LD+Tags
2025-05-14 15:37:43.998 INFO  [Worker-2] c.d.crawler.storage.ArticleStorage [ArticleStorage.java:52] - Saved article: https://thanhnien.vn/cuoc-thi-viet-tiet-kiem-dien-thanh-thoi-quen-nam-2025-tong-giai-thuong-130-trieu-dong-phong-phu-chu-de-cach-the-hien-185250422103942568.htm via JSON-LD+Tags
2025-05-14 15:37:44.070 INFO  [Worker-1] c.d.crawler.storage.ArticleStorage [ArticleStorage.java:52] - Saved article: https://thanhnien.vn/tin-tuc-dac-biet-tren-bao-in-thanh-nien-1452025-185250513235647661.htm via JSON-LD+Tags
2025-05-14 15:37:44.083 INFO  [Worker-3] c.d.crawler.storage.ArticleStorage [ArticleStorage.java:52] - Saved article: https://thanhnien.vn/tiet-kiem-dien-bi-an-chiec-hop-den-dien-ky-dieu-185250512101814732.htm via JSON-LD+Tags
2025-05-14 15:37:44.153 INFO  [Worker-4] c.d.crawler.storage.ArticleStorage [ArticleStorage.java:52] - Saved article: https://thanhnien.vn/tin-tuc-dac-biet-tren-bao-in-thanh-nien-1352025-185250513000555297.htm via JSON-LD+Tags
2025-05-14 15:37:44.164 INFO  [Worker-0] c.d.crawler.storage.ArticleStorage [ArticleStorage.java:52] - Saved article: https://thanhnien.vn/tu-vi-hang-ngay-xem-tu-vi-vui-12-con-giap-ngay-1452025-185250513230523409.htm via JSON-LD+Tags
2025-05-14 15:37:44.247 INFO  [Worker-5] c.d.crawler.storage.ArticleStorage [ArticleStorage.java:52] - Saved article: https://thanhnien.vn/tu-vi-12-con-giap-ngay-1352025-18525051223565822.htm via JSON-LD+Tags
2025-05-14 15:37:44.303 INFO  [Worker-2] c.d.crawler.storage.ArticleStorage [ArticleStorage.java:52] - Saved article: https://thanhnien.vn/vesak-va-tinh-than-cua-anh-dao-phuong-dong-185250513181237681.htm via JSON-LD+Tags
2025-05-14 15:37:44.379 INFO  [Worker-1] c.d.crawler.storage.ArticleStorage [ArticleStorage.java:52] - Saved article: https://thanhnien.vn/tram-mi-acecook-tai-cua-hang-tien-loi-ministop-voi-menu-chuan-nha-hang-185250513175836527.htm via JSON-LD+Tags
2025-05-14 15:37:44.457 INFO  [Worker-3] c.d.crawler.storage.ArticleStorage [ArticleStorage.java:52] - Saved article: https://thanhnien.vn/hai-thuong-toa-duoc-bo-nhiem-lam-pho-chanh-van-phong-ii-trung-uong-ghpgvn-185250513110613814.htm via JSON-LD+Tags
2025-05-14 15:37:44.483 INFO  [Worker-4] c.d.crawler.storage.ArticleStorage [ArticleStorage.java:52] - Saved article: https://thanhnien.vn/sang-nay-dai-le-phat-dan-tai-viet-nam-quoc-tu-song-chanh-niem-nuoi-duong-tu-bi-185250512085119411.htm via JSON-LD+Tags
2025-05-14 15:37:44.487 INFO  [Worker-0] c.d.crawler.storage.ArticleStorage [ArticleStorage.java:52] - Saved article: https://thanhnien.vn/ket-qua-xo-so-hom-nay-kqxs-xo-so-truc-tiep-thu-ba-ngay-1352025-185250513155716777.htm via JSON-LD+Tags
2025-05-14 15:37:44.565 INFO  [Worker-5] c.d.crawler.storage.ArticleStorage [ArticleStorage.java:52] - Saved article: https://thanhnien.vn/ket-qua-xo-so-hom-nay-kqxs-xo-so-truc-tiep-thu-hai-ngay-1252025-185250512150758654.htm via JSON-LD+Tags
2025-05-14 15:37:44.616 INFO  [Worker-2] c.d.crawler.storage.ArticleStorage [ArticleStorage.java:52] - Saved article: https://thanhnien.vn/nhieu-quan-o-tphcm-se-cup-nuoc-tu-toi-nay-135-185250513114753628.htm via JSON-LD+Tags
2025-05-14 15:37:44.793 INFO  [Worker-1] c.d.crawler.storage.ArticleStorage [ArticleStorage.java:52] - Saved article: https://thanhnien.vn/canh-nuoc-chay-xiet-nhu-thac-do-sau-con-mua-o-tphcm-nhieu-nguoi-gong-minh-chong-do-185250510103336582.htm via JSON-LD+Tags
2025-05-14 15:37:44.861 INFO  [Worker-4] c.d.crawler.storage.ArticleStorage [ArticleStorage.java:52] - Saved article: https://thanhnien.vn/gia-dinh-mua-ve-so-khi-di-du-lich-bat-ngo-trung-5-to-doc-dac-185250512193614857.htm via JSON-LD+Tags
2025-05-14 15:37:44.868 INFO  [Worker-3] c.d.crawler.storage.ArticleStorage [ArticleStorage.java:52] - Saved article: https://thanhnien.vn/nhung-ba-cu-toc-trang-pho-tren-pho-nguyen-hue-truoc-gio-trinh-dien-10500-drone-mung-dai-le-185250428145516584.htm via JSON-LD+Tags
2025-05-14 15:37:44.889 INFO  [Worker-5] c.d.crawler.storage.ArticleStorage [ArticleStorage.java:52] - Saved article: https://thanhnien.vn/nguoi-dan-ong-trung-2-to-ve-so-doc-dac-mang-bao-lon-di-nhan-tien-mat-185250422150717613.htm via JSON-LD+Tags
2025-05-14 15:37:44.904 INFO  [Worker-0] c.d.crawler.storage.ArticleStorage [ArticleStorage.java:52] - Saved article: https://thanhnien.vn/ngoai-quang-mat-troi-vi-sao-co-nhieu-vong-sang-khac-vay-quanh-mat-troi-sang-nay-185250512122046883.htm via JSON-LD+Tags
2025-05-14 15:37:44.957 INFO  [Worker-2] c.d.crawler.storage.ArticleStorage [ArticleStorage.java:52] - Saved article: https://thanhnien.vn/buoi-lam-tranh-xe-dan-giay-vun-cua-nhung-em-be-o-vien-duong-lao-185250512223648033.htm via JSON-LD+Tags
2025-05-14 15:37:45.261 INFO  [Worker-4] c.d.crawler.storage.ArticleStorage [ArticleStorage.java:52] - Saved article: https://thanhnien.vn/tin-tuc-dac-biet-tren-bao-in-thanh-nien-1052025-185250509231923991.htm via JSON-LD+Tags
2025-05-14 15:37:45.263 INFO  [Worker-3] c.d.crawler.storage.ArticleStorage [ArticleStorage.java:52] - Saved article: https://thanhnien.vn/tu-vi-hang-ngay-xem-tu-vi-vui-12-con-giap-ngay-1252025-185250511150905501.htm via JSON-LD+Tags
2025-05-14 15:37:45.317 INFO  [Worker-5] c.d.crawler.storage.ArticleStorage [ArticleStorage.java:52] - Saved article: https://thanhnien.vn/nhung-ong-ba-cu-u90-buon-chai-noi-xom-ve-so-o-tphcm-bat-ngo-nhan-qua-am-ap-sau-tet-185250219122132163.htm via JSON-LD+Tags
2025-05-14 15:37:45.364 INFO  [Worker-0] c.d.crawler.storage.ArticleStorage [ArticleStorage.java:52] - Saved article: https://thanhnien.vn/duong-hoa-xuan-tien-giang-diem-den-hap-dan-phuc-vu-nhan-dan-vui-xuan-don-tet-185250125154913302.htm via JSON-LD+Tags
2025-05-14 15:37:45.421 INFO  [Worker-2] c.d.crawler.storage.ArticleStorage [ArticleStorage.java:52] - Saved article: https://thanhnien.vn/chau-mai-gia-500-trieu-o-cho-hoa-khu-nha-giau-tphcm-khach-tra-350-trieu-chu-co-ban-khong-185250123214121081.htm via JSON-LD+Tags
2025-05-14 15:37:45.627 INFO  [Worker-4] c.d.crawler.storage.ArticleStorage [ArticleStorage.java:52] - Saved article: https://thanhnien.vn/thuc-hu-chuyen-cha-trung-so-doc-dac-khi-don-con-tan-hoc-185250510192145675.htm via JSON-LD+Tags
2025-05-14 15:37:45.714 INFO  [Worker-5] c.d.crawler.storage.ArticleStorage [ArticleStorage.java:52] - Saved article: https://thanhnien.vn/nhung-quan-buffet-chay-0-dong-binh-dan-tung-gay-sot-o-tphcm-gio-ra-sao-185250506140727547.htm via JSON-LD+Tags
2025-05-14 15:37:45.774 INFO  [Worker-1] c.d.crawler.storage.ArticleStorage [ArticleStorage.java:52] - Saved article: https://thanhnien.vn/tphcm-don-tran-mua-lon-nhat-tu-dau-nam-den-nay-bat-ngo-o-nhung-ron-ngap-185250510110438672.htm via JSON-LD+Tags
2025-05-14 15:37:45.788 INFO  [Worker-3] c.d.crawler.storage.ArticleStorage [ArticleStorage.java:52] - Saved article: https://thanhnien.vn/du-khach-nuoc-ngoai-va-hanh-trinh-nhieu-khoanh-khac-bat-ngo-o-da-nang-185250417100323592.htm via JSON-LD+Tags
2025-05-14 15:37:45.832 INFO  [Worker-0] c.d.crawler.storage.ArticleStorage [ArticleStorage.java:52] - Saved article: https://thanhnien.vn/ngay-cua-me-nguoi-phu-nu-100-kg-chuyen-nghe-lam-me-da-thay-doi-the-nao-185250510134750862.htm via JSON-LD+Tags
2025-05-14 15:37:45.941 INFO  [Worker-2] c.d.crawler.storage.ArticleStorage [ArticleStorage.java:52] - Saved article: https://thanhnien.vn/linh-vuc-san-phu-khoa-buoc-vao-ky-nguyen-doi-moi-nhieu-loi-ich-cho-phu-nu-185250508111255677.htm via JSON-LD+Tags
2025-05-14 15:37:46.101 INFO  [Worker-4] c.d.crawler.storage.ArticleStorage [ArticleStorage.java:52] - Saved article: https://thanhnien.vn/me-gia-83-tuoi-suot-35-nam-cham-con-benh-trai-tim-yeu-thuong-vi-dai-khong-can-hoi-dap-185250307115504927.htm via JSON-LD+Tags
2025-05-14 15:37:49.049 INFO  [Worker-4] c.d.crawler.storage.ArticleStorage [ArticleStorage.java:52] - Saved article: https://vnexpress.net/co-nen-ban-nha-mat-dat-noi-thanh-de-mua-hai-can-chung-cu-cho-thue-4885793.html via JSON-LD+Tags
2025-05-14 15:37:49.140 INFO  [Worker-0] c.d.crawler.storage.ArticleStorage [ArticleStorage.java:52] - Saved article: https://vnexpress.net/phu-huynh-lach-quy-dinh-de-con-hoc-them-4885373.html via JSON-LD+Tags
2025-05-14 15:37:49.192 INFO  [Worker-5] c.d.crawler.storage.ArticleStorage [ArticleStorage.java:52] - Saved article: https://vnexpress.net/thao-tung-tam-ly-lap-giao-phai-trong-ky-tuc-xa-nu-4885246.html via JSON-LD+Tags
2025-05-14 15:37:49.201 INFO  [Worker-1] c.d.crawler.storage.ArticleStorage [ArticleStorage.java:52] - Saved article: https://vnexpress.net/can-coi-hanh-hung-bac-si-la-chong-nguoi-thi-hanh-cong-vu-4884508.html via JSON-LD+Tags
2025-05-14 15:37:49.227 INFO  [Worker-3] c.d.crawler.storage.ArticleStorage [ArticleStorage.java:52] - Saved article: https://vnexpress.net/danh-vo-hai-lan-de-vo-phai-thay-doi-4884190.html via JSON-LD+Tags
2025-05-14 15:37:49.311 INFO  [Worker-2] c.d.crawler.storage.ArticleStorage [ArticleStorage.java:52] - Saved article: https://vnexpress.net/vi-sao-nhieu-nguoi-am-anh-benh-lay-truyen-qua-duong-tinh-duc-4883847.html via JSON-LD+Tags
2025-05-14 15:37:49.477 INFO  [Worker-0] c.d.crawler.storage.ArticleStorage [ArticleStorage.java:52] - Saved article: https://vnexpress.net/lam-gia-105-bo-hai-cot-liet-si-lua-tien-4883637.html via JSON-LD+Tags
2025-05-14 15:37:49.528 INFO  [Worker-1] c.d.crawler.storage.ArticleStorage [ArticleStorage.java:52] - Saved article: https://vnexpress.net/diem-tin-6h-nha-dau-tu-thua-lo-vi-om-dat-theo-sap-nhap-tinh-my-arab-saudi-ky-thoa-thuan-vu-khi-142-ty-usd-4885581.html via JSON-LD+Tags
2025-05-14 15:37:49.806 INFO  [Worker-0] c.d.crawler.storage.ArticleStorage [ArticleStorage.java:52] - Saved article: https://vnexpress.net/quang-ba-thuong-hieu-qua-game-huong-di-moi-cho-doanh-nghiep-4885441.html via JSON-LD+Tags
2025-05-14 15:37:50.136 INFO  [Worker-5] c.d.crawler.storage.ArticleStorage [ArticleStorage.java:52] - Saved article: https://vnexpress.net/vi-sao-nguoi-viet-me-het-karaoke-4843837.html via JSON-LD+Tags
2025-05-14 15:37:51.112 INFO  [Worker-0] c.d.crawler.storage.ArticleStorage [ArticleStorage.java:52] - Saved article: https://vnexpress.net/canh-sat-cuu-tai-xe-dot-quy-khi-lai-oto-tren-cao-toc-quyet-dinh-trong-tich-tac-4823718.html via JSON-LD+Tags
2025-05-14 15:37:51.612 INFO  [Worker-4] c.d.crawler.storage.ArticleStorage [ArticleStorage.java:52] - Saved article: https://vnexpress.net/chien-thuat-leo-cao-dao-sau-cua-tinh-bao-pham-ngoc-thao-4883225.html via JSON-LD+Tags
2025-05-14 15:37:53.202 INFO  [Worker-4] c.d.crawler.storage.ArticleStorage [ArticleStorage.java:52] - Saved article: https://vnexpress.net/tron-mama-lam-chu-cuoc-song-voi-quy-tac-4-goc-uu-tien-4827361.html via JSON-LD+Tags
2025-05-14 15:37:54.046 INFO  [Worker-2] c.d.crawler.storage.ArticleStorage [ArticleStorage.java:52] - Saved article: https://dantri.com.vn/kinh-doanh/marou-gianh-2-giai-thuong-quoc-te-tai-phap-20250514141025333.htm via JSON-LD+Tags
2025-05-14 15:37:54.047 INFO  [Worker-3] c.d.crawler.storage.ArticleStorage [ArticleStorage.java:52] - Saved article: https://dantri.com.vn/kinh-doanh/doanh-nghiep-can-xem-esg-la-chiec-la-ban-khong-phai-dich-den-20250513183519389.htm via JSON-LD+Tags
2025-05-14 15:37:54.209 INFO  [Worker-0] c.d.crawler.storage.ArticleStorage [ArticleStorage.java:52] - Saved article: https://dantri.com.vn/kinh-doanh/gia-vang-mieng-tang-1-trieu-dong-moi-luong-sau-phien-giam-sau-20250514070532571.htm via JSON-LD+Tags
2025-05-14 15:37:54.308 INFO  [Worker-3] c.d.crawler.storage.ArticleStorage [ArticleStorage.java:52] - Saved article: https://dantri.com.vn/kinh-doanh/gia-xang-ngay-155-se-bat-tang-20250514010013509.htm via JSON-LD+Tags
2025-05-14 15:37:54.486 INFO  [Worker-5] c.d.crawler.storage.ArticleStorage [ArticleStorage.java:52] - Saved article: https://dantri.com.vn/kinh-doanh/viet-nam-trong-duoc-loai-gia-vi-dat-thu-3-the-gioi-xuat-khau-tiep-tuc-tang-20250513194400761.htm via JSON-LD+Tags
2025-05-14 15:37:54.489 INFO  [Worker-0] c.d.crawler.storage.ArticleStorage [ArticleStorage.java:52] - Saved article: https://dantri.com.vn/kinh-doanh/tan-binh-vinpearl-tim-lim-phien-chao-san-tai-san-ty-phu-vuong-dat-ky-luc-20250513165923807.htm via JSON-LD+Tags
2025-05-14 15:37:54.726 INFO  [Worker-5] c.d.crawler.storage.ArticleStorage [ArticleStorage.java:52] - Saved article: https://dantri.com.vn/kinh-doanh/xuat-hien-giong-sau-rieng-moi-gay-sot-gia-dat-hon-ca-musang-king-20250513120925864.htm via JSON-LD+Tags
2025-05-14 15:37:54.729 INFO  [Worker-0] c.d.crawler.storage.ArticleStorage [ArticleStorage.java:52] - Saved article: https://dantri.com.vn/kinh-doanh/chan-dung-ong-ho-nhan-cha-de-vaccine-nanocovax-vua-qua-doi-do-benh-tim-20250513105840181.htm via JSON-LD+Tags
2025-05-14 15:37:54.771 INFO  [Worker-3] c.d.crawler.storage.ArticleStorage [ArticleStorage.java:52] - Saved article: https://dantri.com.vn/kinh-doanh/bitcoin-vuot-105000-usd-nho-thoa-thuan-my-trung-cho-moc-127000-usd-20250513095946648.htm via JSON-LD+Tags
2025-05-14 15:37:55.266 INFO  [Worker-4] c.d.crawler.storage.ArticleStorage [ArticleStorage.java:52] - Saved article: https://dantri.com.vn/kinh-doanh/ban-hanh-nghi-quyet-68-ve-phat-trien-kinh-te-tu-nhan-20250505103447715.htm via JSON-LD+Tags
2025-05-14 15:37:55.508 INFO  [Worker-2] c.d.crawler.storage.ArticleStorage [ArticleStorage.java:52] - Saved article: https://dantri.com.vn/kinh-doanh/nghi-quyet-68-nhung-diem-moi-dot-pha-giup-kinh-te-tu-nhan-phat-trien-20250505171645266.htm via JSON-LD+Tags
2025-05-14 15:37:55.522 INFO  [Worker-0] c.d.crawler.storage.ArticleStorage [ArticleStorage.java:52] - Saved article: https://dantri.com.vn/kinh-doanh/dien-gia-dien-dan-esg-viet-nam-lan-thu-nhat-ho-la-ai-20250418133648707.htm via JSON-LD+Tags
2025-05-14 15:37:55.727 INFO  [Worker-1] c.d.crawler.storage.ArticleStorage [ArticleStorage.java:52] - Saved article: https://dantri.com.vn/kinh-doanh/hanh-trinh-tu-anh-tho-moc-den-ong-trum-dia-oc-giau-nhat-nuoc-my-20250409153507085.htm via JSON-LD+Tags
2025-05-14 15:37:55.761 INFO  [Worker-5] c.d.crawler.storage.ArticleStorage [ArticleStorage.java:52] - Saved article: https://dantri.com.vn/kinh-doanh/10-cach-de-khong-bi-ai-thay-the-20250506231634874.htm via JSON-LD+Tags
2025-05-14 15:37:55.768 INFO  [Worker-2] c.d.crawler.storage.ArticleStorage [ArticleStorage.java:52] - Saved article: https://dantri.com.vn/kinh-doanh/ai-len-ngoi-google-tram-nhan-su-bao-sa-thai-can-quet-toan-cau-20250508124202204.htm via JSON-LD+Tags
2025-05-14 15:37:55.785 INFO  [Worker-4] c.d.crawler.storage.ArticleStorage [ArticleStorage.java:52] - Saved article: https://dantri.com.vn/kinh-doanh/dich-vu-thue-quan-ao-tu-do-xanh-hay-cai-bay-dot-tien-20250502000531262.htm via JSON-LD+Tags
2025-05-14 15:37:55.993 INFO  [Worker-3] c.d.crawler.storage.ArticleStorage [ArticleStorage.java:52] - Saved article: https://dantri.com.vn/kinh-doanh/nghi-quyet-68-khuyen-khich-doanh-nghiep-esg-thuc-day-khoa-hoc-cong-nghe-20250505173928409.htm via JSON-LD+Tags
2025-05-14 15:37:56.107 INFO  [Worker-1] c.d.crawler.storage.ArticleStorage [ArticleStorage.java:52] - Saved article: https://dantri.com.vn/kinh-doanh/dong-pi-bung-no-vuot-moc-1-usd-va-lot-top-20-toan-cau-dieu-gi-dang-xay-ra-20250513092357283.htm via JSON-LD+Tags
2025-05-14 15:37:56.292 INFO  [Worker-2] c.d.crawler.storage.ArticleStorage [ArticleStorage.java:52] - Saved article: https://dantri.com.vn/kinh-doanh/gia-vang-the-gioi-roi-thang-dung-sau-tin-my-va-trung-quoc-dat-thoa-thuan-20250512202713511.htm via JSON-LD+Tags
2025-05-14 15:37:56.566 INFO  [Worker-2] c.d.crawler.storage.ArticleStorage [ArticleStorage.java:52] - Saved article: https://dantri.com.vn/kinh-doanh/con-sot-vang-lich-su-co-lap-lai-trong-thoi-dai-so-20250427204819577.htm via JSON-LD+Tags
2025-05-14 15:37:56.567 INFO  [Worker-3] c.d.crawler.storage.ArticleStorage [ArticleStorage.java:52] - Saved article: https://dantri.com.vn/kinh-doanh/lai-suat-fed-cuoc-can-nao-giua-lam-phat-tang-truong-va-bao-chinh-tri-20250506224544237.htm via JSON-LD+Tags
2025-05-14 15:37:58.564 INFO  [Worker-5] c.d.crawler.storage.ArticleStorage [ArticleStorage.java:52] - Saved article: https://vietnamnet.vn/ong-nguyen-trong-nghia-can-nghi-quyet-dot-pha-cho-nguon-nhan-luc-chat-luong-cao-2400253.html via JSON-LD+Tags
2025-05-14 15:37:58.576 INFO  [Worker-2] c.d.crawler.storage.ArticleStorage [ArticleStorage.java:52] - Saved article: https://vietnamnet.vn/tong-bi-thu-lang-nghe-y-kien-cua-nhan-dan-de-sua-hien-phap-2397781.html via JSON-LD+Tags
2025-05-14 15:37:58.773 INFO  [Worker-0] c.d.crawler.storage.ArticleStorage [ArticleStorage.java:52] - Saved article: https://vietnamnet.vn/chung-ta-khong-the-viet-lai-lich-su-nhung-co-the-hoach-dinh-lai-tuong-lai-2396612.html via JSON-LD+Tags
2025-05-14 15:37:58.786 INFO  [Worker-3] c.d.crawler.storage.ArticleStorage [ArticleStorage.java:52] - Saved article: https://vietnamnet.vn/viet-tiep-ban-hung-ca-dan-toc-trong-ky-nguyen-moi-hoa-binh-dep-lam-2396722.html via JSON-LD+Tags
2025-05-14 15:37:58.805 INFO  [Worker-1] c.d.crawler.storage.ArticleStorage [ArticleStorage.java:52] - Saved article: https://vietnamnet.vn/sau-sap-nhap-tphcm-co-the-xay-khu-kinh-te-bien-voi-quy-che-dac-biet-nhu-dubai-2395105.html via JSON-LD+Tags
2025-05-14 15:37:58.806 INFO  [Worker-4] c.d.crawler.storage.ArticleStorage [ArticleStorage.java:52] - Saved article: https://vietnamnet.vn/sap-nhap-tinh-co-duong-bien-dai-nhat-nuoc-hinh-thanh-trai-tim-dien-sach-2394209.html via JSON-LD+Tags
2025-05-14 15:37:58.896 INFO  [Worker-5] c.d.crawler.storage.ArticleStorage [ArticleStorage.java:52] - Saved article: https://vietnamnet.vn/de-tphcm-tro-thanh-trung-tam-tai-chinh-quoc-te-hoi-tu-gioi-sieu-giau-nhu-dubai-2386690.html via JSON-LD+Tags
2025-05-14 15:37:58.908 INFO  [Worker-2] c.d.crawler.storage.ArticleStorage [ArticleStorage.java:52] - Saved article: https://vietnamnet.vn/chu-tich-nuoc-viet-nam-la-hinh-mau-cua-khep-lai-qua-khu-huong-toi-tuong-lai-2394173.html via JSON-LD+Tags
2025-05-14 15:37:59.128 INFO  [Worker-0] c.d.crawler.storage.ArticleStorage [ArticleStorage.java:52] - Saved article: https://vietnamnet.vn/tong-bi-thu-to-lam-sap-nhap-tinh-khong-don-gian-la-2-cong-2-bang-4-2393536.html via JSON-LD+Tags
2025-05-14 15:37:59.148 INFO  [Worker-1] c.d.crawler.storage.ArticleStorage [ArticleStorage.java:52] - Saved article: https://vietnamnet.vn/tong-bi-thu-goi-mo-ha-noi-co-the-mien-phi-an-trua-cho-hon-1-trieu-hoc-sinh-2392210.html via JSON-LD+Tags
2025-05-14 15:37:59.160 INFO  [Worker-3] c.d.crawler.storage.ArticleStorage [ArticleStorage.java:52] - Saved article: https://vietnamnet.vn/chuyen-gia-marketing-tap-doan-da-quoc-gia-hien-ke-dinh-vi-thuong-hieu-cho-tphcm-2390244.html via JSON-LD+Tags
2025-05-14 15:37:59.194 INFO  [Worker-4] c.d.crawler.storage.ArticleStorage [ArticleStorage.java:52] - Saved article: https://vietnamnet.vn/thu-tuong-tang-truong-2-con-so-rat-thach-thuc-nhung-khong-lam-khong-duoc-2391755.html via JSON-LD+Tags
2025-05-14 15:37:59.225 INFO  [Worker-2] c.d.crawler.storage.ArticleStorage [ArticleStorage.java:52] - Saved article: https://vietnamnet.vn/tong-bi-thu-to-lam-mo-ra-ky-nguyen-phat-trien-moi-cua-quan-he-viet-trung-2390873.html via JSON-LD+Tags
2025-05-14 15:37:59.263 INFO  [Worker-5] c.d.crawler.storage.ArticleStorage [ArticleStorage.java:52] - Saved article: https://vietnamnet.vn/tong-bi-thu-phan-dau-moi-nam-nguoi-dan-duoc-kiem-tra-suc-khoe-it-nhat-mot-lan-2391558.html via JSON-LD+Tags
2025-05-14 15:37:59.473 INFO  [Worker-0] c.d.crawler.storage.ArticleStorage [ArticleStorage.java:52] - Saved article: https://vietnamnet.vn/dai-thang-mua-xuan-1975-va-bai-hoc-khoi-day-hao-khi-dan-toc-trong-ky-nguyen-moi-2379532.html via JSON-LD+Tags
2025-05-14 15:37:59.487 INFO  [Worker-1] c.d.crawler.storage.ArticleStorage [ArticleStorage.java:52] - Saved article: https://vietnamnet.vn/khai-mac-hoi-nghi-trung-uong-cho-y-kien-de-an-sap-nhap-tinh-2389612.html via JSON-LD+Tags
2025-05-14 15:37:59.500 INFO  [Worker-3] c.d.crawler.storage.ArticleStorage [ArticleStorage.java:52] - Saved article: https://vietnamnet.vn/tong-bi-thu-tien-toi-mien-vien-phi-cho-moi-nguoi-dan-2389084.html via JSON-LD+Tags
2025-05-14 15:37:59.539 INFO  [Worker-4] c.d.crawler.storage.ArticleStorage [ArticleStorage.java:52] - Saved article: https://vietnamnet.vn/tong-bi-thu-to-lam-vuon-minh-trong-hoi-nhap-quoc-te-2387394.html via JSON-LD+Tags
2025-05-14 15:37:59.584 INFO  [Worker-5] c.d.crawler.storage.ArticleStorage [ArticleStorage.java:52] - Saved article: https://vietnamnet.vn/sap-nhap-tinh-khong-to-chuc-cap-huyen-sap-xep-xa-nghe-dan-noi-2384347.html via JSON-LD+Tags
2025-05-14 15:37:59.587 INFO  [Worker-2] c.d.crawler.storage.ArticleStorage [ArticleStorage.java:52] - Saved article: https://vietnamnet.vn/manh-dan-giao-viec-kho-de-kinh-te-tu-nhan-tham-gia-vao-cong-nghiep-quoc-phong-2387242.html via JSON-LD+Tags
2025-05-14 15:37:59.805 INFO  [Worker-0] c.d.crawler.storage.ArticleStorage [ArticleStorage.java:52] - Saved article: https://vietnamnet.vn/thanh-lap-ban-chi-dao-de-an-thuc-day-tang-truong-kinh-te-trong-ky-nguyen-moi-2384773.html via JSON-LD+Tags
2025-05-14 15:37:59.862 INFO  [Worker-3] c.d.crawler.storage.ArticleStorage [ArticleStorage.java:52] - Saved article: https://vietnamnet.vn/tuong-lai-cho-the-he-vuon-minh-2383943.html via JSON-LD+Tags
2025-05-14 15:37:59.956 INFO  [Worker-5] c.d.crawler.storage.ArticleStorage [ArticleStorage.java:52] - Saved article: https://vietnamnet.vn/sap-nhap-tinh-khong-the-noi-anh-giau-hon-toi-toi-la-ganh-nang-cho-anh-2382478.html via JSON-LD+Tags
2025-05-14 15:38:00.639 INFO  [Worker-5] c.d.crawler.storage.ArticleStorage [ArticleStorage.java:52] - Saved article: https://thanhnien.vn/covid-19-xu-huong-tang-theo-doi-suc-khoe-khi-ve-tu-noi-co-so-ca-mac-cao-185250514111320752.htm via JSON-LD+Tags
2025-05-14 15:38:00.987 INFO  [Worker-4] c.d.crawler.storage.ArticleStorage [ArticleStorage.java:52] - Saved article: https://thanhnien.vn/bap-cai-phong-ngua-nhung-benh-ung-thu-nao-185250513163346007.htm via JSON-LD+Tags
2025-05-14 15:38:00.987 INFO  [Worker-1] c.d.crawler.storage.ArticleStorage [ArticleStorage.java:52] - Saved article: https://thanhnien.vn/mot-dia-rau-xao-nay-moi-ngay-giam-ca-huyet-ap-cholesterol-va-nguy-co-dot-quy-185250513225753667.htm via JSON-LD+Tags
2025-05-14 15:38:00.991 INFO  [Worker-3] c.d.crawler.storage.ArticleStorage [ArticleStorage.java:52] - Saved article: https://thanhnien.vn/3-loai-thuc-vat-giup-nguoi-tieu-duong-kiem-soat-duong-huyet-185250511142228964.htm via JSON-LD+Tags
2025-05-14 15:38:00.993 INFO  [Worker-5] c.d.crawler.storage.ArticleStorage [ArticleStorage.java:52] - Saved article: https://thanhnien.vn/ngay-moi-voi-tin-tuc-suc-khoe-an-loai-dau-nao-giup-ngan-tieu-duong-benh-tim-18525051323231869.htm via JSON-LD+Tags
2025-05-14 15:38:01.044 INFO  [Worker-2] c.d.crawler.storage.ArticleStorage [ArticleStorage.java:52] - Saved article: https://thanhnien.vn/thai-lan-covid-19-tai-bung-phat-16-ca-tu-vong-185250511222733559.htm via JSON-LD+Tags
2025-05-14 15:38:01.363 INFO  [Worker-3] c.d.crawler.storage.ArticleStorage [ArticleStorage.java:52] - Saved article: https://thanhnien.vn/tinh-hinh-2-benh-nhan-trong-vu-chay-chung-cu-vien-dong-bong-nhe-nhung-nguy-kich-185250511084058962.htm via JSON-LD+Tags
2025-05-14 15:38:01.410 INFO  [Worker-0] c.d.crawler.storage.ArticleStorage [ArticleStorage.java:52] - Saved article: https://thanhnien.vn/an-mot-qua-chuoi-buoi-toi-giup-ho-tro-tim-mach-ngu-ngon-hon-185250512134729343.htm via JSON-LD+Tags
2025-05-14 15:38:01.469 INFO  [Worker-1] c.d.crawler.storage.ArticleStorage [ArticleStorage.java:52] - Saved article: https://thanhnien.vn/zona-than-kinh-noi-am-anh-cua-nguoi-mac-benh-nen-185250508144625405.htm via JSON-LD+Tags
2025-05-14 15:38:01.479 INFO  [Worker-5] c.d.crawler.storage.ArticleStorage [ArticleStorage.java:52] - Saved article: https://thanhnien.vn/niem-hy-vong-moi-cho-benh-nhan-mac-cac-benh-ve-tim-mach-185250510182250909.htm via JSON-LD+Tags
2025-05-14 15:38:01.529 INFO  [Worker-2] c.d.crawler.storage.ArticleStorage [ArticleStorage.java:52] - Saved article: https://thanhnien.vn/muon-gan-khoe-manh-can-lam-nhung-dieu-nay-18525050912430989.htm via JSON-LD+Tags
2025-05-14 15:38:01.708 INFO  [Worker-4] c.d.crawler.storage.ArticleStorage [ArticleStorage.java:52] - Saved article: https://thanhnien.vn/tinh-hinh-hien-tai-cua-be-trai-bi-nhanh-cay-gay-roi-trung-dau-185250509161034148.htm via JSON-LD+Tags
2025-05-14 15:38:01.847 INFO  [Worker-2] c.d.crawler.storage.ArticleStorage [ArticleStorage.java:52] - Saved article: https://thanhnien.vn/gan-se-khoe-hon-khi-ban-ket-hop-cac-thuc-pham-sau-day-185250514141639381.htm via JSON-LD+Tags
2025-05-14 15:38:01.911 INFO  [Worker-0] c.d.crawler.storage.ArticleStorage [ArticleStorage.java:52] - Saved article: https://thanhnien.vn/uong-nuoc-chanh-buoi-sang-co-that-su-tot-nhu-loi-don-185250508163328561.htm via JSON-LD+Tags
2025-05-14 15:38:01.918 INFO  [Worker-5] c.d.crawler.storage.ArticleStorage [ArticleStorage.java:52] - Saved article: https://thanhnien.vn/cu-tuong-dau-lung-thong-thuong-khong-ngo-than-da-u-mu-day-soi-san-ho-185250514114343648.htm via JSON-LD+Tags
2025-05-14 15:38:01.940 INFO  [Worker-3] c.d.crawler.storage.ArticleStorage [ArticleStorage.java:52] - Saved article: https://thanhnien.vn/3-dau-hieu-gan-nhiem-mo-xuat-hien-o-ban-tay-canh-tay-185250511141908047.htm via JSON-LD+Tags
2025-05-14 15:38:01.961 INFO  [Worker-1] c.d.crawler.storage.ArticleStorage [ArticleStorage.java:52] - Saved article: https://thanhnien.vn/nen-lam-gi-khi-lo-cho-con-uong-sua-gia-185250508100404638.htm via JSON-LD+Tags
2025-05-14 15:38:02.170 INFO  [Worker-2] c.d.crawler.storage.ArticleStorage [ArticleStorage.java:52] - Saved article: https://thanhnien.vn/an-dau-den-de-ngan-benh-tieu-duong-va-tim-mach-185250513163351357.htm via JSON-LD+Tags
2025-05-14 15:38:02.251 INFO  [Worker-5] c.d.crawler.storage.ArticleStorage [ArticleStorage.java:52] - Saved article: https://thanhnien.vn/viem-nao-mo-cau-dau-hieu-canh-bao-can-cap-cuu-ngay-185250513213053146.htm via JSON-LD+Tags
2025-05-14 15:38:02.275 INFO  [Worker-4] c.d.crawler.storage.ArticleStorage [ArticleStorage.java:52] - Saved article: https://thanhnien.vn/4-nguyen-nhan-it-ai-ngo-toi-gay-dau-lung-duoi-185241123200626348.htm via JSON-LD+Tags
2025-05-14 15:38:02.353 INFO  [Worker-0] c.d.crawler.storage.ArticleStorage [ArticleStorage.java:52] - Saved article: https://thanhnien.vn/5-cach-hieu-qua-giup-dieu-tri-dau-co-bap-sau-tap-luyen-185250512140021715.htm via JSON-LD+Tags
2025-05-14 15:38:02.545 INFO  [Worker-2] c.d.crawler.storage.ArticleStorage [ArticleStorage.java:52] - Saved article: https://thanhnien.vn/co-nen-tiep-tuc-tap-chay-bo-khi-dau-chan-khong-185250512135558051.htm via JSON-LD+Tags
2025-05-14 15:38:02.690 INFO  [Worker-4] c.d.crawler.storage.ArticleStorage [ArticleStorage.java:52] - Saved article: https://thanhnien.vn/benh-vien-fv-don-nhan-con-dau-vang-chat-luong-jci-lan-thu-4-lien-tiep-185250513215124616.htm via JSON-LD+Tags
2025-05-14 15:38:02.776 INFO  [Worker-5] c.d.crawler.storage.ArticleStorage [ArticleStorage.java:52] - Saved article: https://thanhnien.vn/cu-ly-1-km-di-bo-hay-chay-bo-se-tot-hon-cho-suc-khoe-185250507151226953.htm via JSON-LD+Tags
2025-05-14 15:38:02.859 INFO  [Worker-2] c.d.crawler.storage.ArticleStorage [ArticleStorage.java:52] - Saved article: https://thanhnien.vn/4-bao-cao-khoa-hoc-cua-benh-vien-dai-hoc-y-duoc-tphcm-duoc-danh-gia-cao-tai-hoi-nghi-quoc-te-185250513200102223.htm via JSON-LD+Tags
2025-05-14 15:38:02.896 INFO  [Worker-0] c.d.crawler.storage.ArticleStorage [ArticleStorage.java:52] - Saved article: https://thanhnien.vn/benh-nhan-duoc-tra-gop-vien-phi-tai-benh-vien-fv-185241215130532464.htm via JSON-LD+Tags
2025-05-14 15:38:03.043 INFO  [Worker-1] c.d.crawler.storage.ArticleStorage [ArticleStorage.java:52] - Saved article: https://thanhnien.vn/benh-vien-dh-y-duoc-tphcm-don-nhan-chung-nhan-jci-cho-chuong-trinh-prime-185250225121734475.htm via JSON-LD+Tags
2025-05-14 15:38:03.095 INFO  [Worker-4] c.d.crawler.storage.ArticleStorage [ArticleStorage.java:52] - Saved article: https://thanhnien.vn/cac-nha-khoa-hoc-phat-hien-dieu-tuyet-voi-khi-an-1-qua-bo-moi-tuan-185250513184036826.htm via JSON-LD+Tags
2025-05-14 15:38:03.220 INFO  [Worker-2] c.d.crawler.storage.ArticleStorage [ArticleStorage.java:52] - Saved article: https://thanhnien.vn/vi-sao-bien-the-covid-19-jn1-ton-tai-dai-dang-185250513135650373.htm via JSON-LD+Tags
2025-05-14 15:38:03.249 INFO  [Worker-5] c.d.crawler.storage.ArticleStorage [ArticleStorage.java:52] - Saved article: https://thanhnien.vn/da-bi-stress-vi-o-nhiem-khong-khi-can-phuc-hoi-nhu-the-nao-185250513170546309.htm via JSON-LD+Tags
2025-05-14 15:38:03.487 INFO  [Worker-4] c.d.crawler.storage.ArticleStorage [ArticleStorage.java:52] - Saved article: https://thanhnien.vn/them-gan-115400-mui-vac-xin-covid-19-duoc-tiem-185250421113703253.htm via JSON-LD+Tags
2025-05-14 15:38:03.559 INFO  [Worker-0] c.d.crawler.storage.ArticleStorage [ArticleStorage.java:52] - Saved article: https://thanhnien.vn/benh-vien-da-khoa-trung-uong-can-tho-thuc-hien-10-ca-ghep-than-huong-toi-ghep-gan-185250512175748951.htm via JSON-LD+Tags
2025-05-14 15:38:03.625 INFO  [Worker-5] c.d.crawler.storage.ArticleStorage [ArticleStorage.java:52] - Saved article: https://thanhnien.vn/bac-lieu-bao-dong-do-lien-vien-cuu-song-benh-nhan-ngung-tim-185250512162031867.htm via JSON-LD+Tags
2025-05-14 15:38:03.697 INFO  [Worker-1] c.d.crawler.storage.ArticleStorage [ArticleStorage.java:52] - Saved article: https://thanhnien.vn/benh-vien-trung-uong-can-tho-dua-khu-dieu-tri-moi-hoat-dong-truoc-tet-185250117145844138.htm via JSON-LD+Tags
2025-05-14 15:38:03.820 INFO  [Worker-3] c.d.crawler.storage.ArticleStorage [ArticleStorage.java:52] - Saved article: https://thanhnien.vn/tphcm-nguoi-dan-ong-dang-tap-the-duc-bat-ngo-nga-guc-ngung-tim-ngung-tho-185250303152458257.htm via JSON-LD+Tags
2025-05-14 15:38:03.912 INFO  [Worker-2] c.d.crawler.storage.ArticleStorage [ArticleStorage.java:52] - Saved article: https://thanhnien.vn/viet-nam-duy-tri-giam-sat-dich-benh-ho-hap-185250512172714531.htm via JSON-LD+Tags
2025-05-14 15:38:04.011 INFO  [Worker-4] c.d.crawler.storage.ArticleStorage [ArticleStorage.java:52] - Saved article: https://thanhnien.vn/bac-si-tranh-uong-nuoc-trong-ngay-sau-bua-an-185250506153615335.htm via JSON-LD+Tags
2025-05-14 15:38:04.074 INFO  [Worker-0] c.d.crawler.storage.ArticleStorage [ArticleStorage.java:52] - Saved article: https://thanhnien.vn/vi-khuan-lien-quan-benh-ho-hap-o-nga-tung-ghi-nhan-tai-viet-nam-18525040417203618.htm via JSON-LD+Tags
2025-05-14 15:38:04.309 INFO  [Worker-5] c.d.crawler.storage.ArticleStorage [ArticleStorage.java:52] - Saved article: https://thanhnien.vn/bap-cai-giup-ngan-ngua-nhung-loai-ung-thu-nao-185250512160229301.htm via JSON-LD+Tags
2025-05-14 15:38:04.329 INFO  [Worker-1] c.d.crawler.storage.ArticleStorage [ArticleStorage.java:52] - Saved article: https://thanhnien.vn/meo-uong-nuoc-nhieu-hon-185250503172828783.htm via JSON-LD+Tags
2025-05-14 15:38:04.363 INFO  [Worker-3] c.d.crawler.storage.ArticleStorage [ArticleStorage.java:52] - Saved article: https://thanhnien.vn/5-meo-giup-kiem-soat-con-dau-dau-khi-dang-lam-viec-18525051214033322.htm via JSON-LD+Tags
2025-05-14 15:38:04.585 INFO  [Worker-4] c.d.crawler.storage.ArticleStorage [ArticleStorage.java:52] - Saved article: https://thanhnien.vn/thieu-ngu-co-gay-dau-dau-khong-185250410140323852.htm via JSON-LD+Tags
2025-05-14 15:38:04.636 INFO  [Worker-2] c.d.crawler.storage.ArticleStorage [ArticleStorage.java:52] - Saved article: https://thanhnien.vn/loi-ich-ngan-ngua-ung-thu-cua-bap-cai-nho-185250328090751178.htm via JSON-LD+Tags
2025-05-14 15:38:04.717 INFO  [Worker-5] c.d.crawler.storage.ArticleStorage [ArticleStorage.java:52] - Saved article: https://thanhnien.vn/phat-hien-them-tin-vui-bat-ngo-cho-nguoi-thich-uong-tra-185250512233530989.htm via JSON-LD+Tags
2025-05-14 15:38:04.814 INFO  [Worker-0] c.d.crawler.storage.ArticleStorage [ArticleStorage.java:52] - Saved article: https://thanhnien.vn/benh-vien-tang-cuong-camera-giam-sat-tai-cac-diem-nong-an-ninh-185250512180611121.htm via JSON-LD+Tags
2025-05-14 15:38:04.876 INFO  [Worker-3] c.d.crawler.storage.ArticleStorage [ArticleStorage.java:52] - Saved article: https://thanhnien.vn/vi-sao-uong-tra-sua-va-do-uong-nhieu-duong-gay-tang-can-khong-kiem-soat-185250405165014698.htm via JSON-LD+Tags
2025-05-14 15:38:04.901 INFO  [Worker-1] c.d.crawler.storage.ArticleStorage [ArticleStorage.java:52] - Saved article: https://thanhnien.vn/du-ly-do-gi-hanh-hung-nhan-vien-y-te-la-hoan-toan-khong-the-chap-nhan-185250507170905639.htm via JSON-LD+Tags
2025-05-14 15:38:05.294 INFO  [Worker-2] c.d.crawler.storage.ArticleStorage [ArticleStorage.java:52] - Saved article: https://thanhnien.vn/nghe-va-gung-ket-hop-the-nao-de-giam-can-185250420193453354.htm via JSON-LD+Tags
2025-05-14 15:38:05.316 INFO  [Worker-4] c.d.crawler.storage.ArticleStorage [ArticleStorage.java:52] - Saved article: https://thanhnien.vn/sau-tuoi-40-4-buoc-don-gian-sau-day-giup-co-the-thon-gon-hon-185250511142540938.htm via JSON-LD+Tags
2025-05-14 15:38:05.319 INFO  [Worker-5] c.d.crawler.storage.ArticleStorage [ArticleStorage.java:52] - Saved article: https://thanhnien.vn/an-khang-nang-cao-quyen-loi-nguoi-dung-bang-he-thong-tra-cuu-thuoc-truc-tiep-185250512161110378.htm via JSON-LD+Tags
2025-05-14 15:38:05.447 INFO  [Worker-3] c.d.crawler.storage.ArticleStorage [ArticleStorage.java:52] - Saved article: https://thanhnien.vn/nhan-biet-benh-nao-mo-cau-185250217185405654.htm via JSON-LD+Tags
2025-05-14 15:38:05.472 INFO  [Worker-1] c.d.crawler.storage.ArticleStorage [ArticleStorage.java:52] - Saved article: https://thanhnien.vn/benh-vien-tham-my-nam-an-dia-chi-cang-da-mat-noi-soi-uy-tin-185250513173308816.htm via JSON-LD+Tags
2025-05-14 15:38:05.863 INFO  [Worker-5] c.d.crawler.storage.ArticleStorage [ArticleStorage.java:52] - Saved article: https://thanhnien.vn/cha-me-can-chuan-bi-mot-mua-he-nang-dong-cho-be-185250508105459643.htm via JSON-LD+Tags
2025-05-14 15:38:05.865 INFO  [Worker-2] c.d.crawler.storage.ArticleStorage [ArticleStorage.java:52] - Saved article: https://thanhnien.vn/tao-nau-mekabu-kho-bau-thien-nhien-cho-suc-khoe-185250513142850872.htm via JSON-LD+Tags
2025-05-14 15:38:05.961 INFO  [Worker-1] c.d.crawler.storage.ArticleStorage [ArticleStorage.java:52] - Saved article: https://thanhnien.vn/dung-doi-den-gia-4-thoi-quen-chong-lao-hoa-can-thiet-lap-tu-tuoi-20-185250514094909566.htm via JSON-LD+Tags
2025-05-14 15:38:05.964 INFO  [Worker-3] c.d.crawler.storage.ArticleStorage [ArticleStorage.java:52] - Saved article: https://thanhnien.vn/dot-pha-moi-tu-pad-dan-xuat-azelaic-the-he-moi-tri-mun-sang-da-185250512190939016.htm via JSON-LD+Tags
2025-05-14 15:38:05.991 INFO  [Worker-0] c.d.crawler.storage.ArticleStorage [ArticleStorage.java:52] - Saved article: https://thanhnien.vn/nhan-biet-cac-trieu-chung-dot-ngot-do-nao-mo-cau-185250512100739103.htm via JSON-LD+Tags
2025-05-14 15:38:06.321 INFO  [Worker-4] c.d.crawler.storage.ArticleStorage [ArticleStorage.java:52] - Saved article: https://thanhnien.vn/chuyen-tham-kin-tai-sao-khi-cai-nhau-cap-doi-lai-lam-lanh-bang-tinh-duc-185250413083115847.htm via JSON-LD+Tags
2025-05-14 15:38:06.506 INFO  [Worker-2] c.d.crawler.storage.ArticleStorage [ArticleStorage.java:52] - Saved article: https://thanhnien.vn/chuyen-tham-kin-khi-cau-nho-la-noi-ban-tam-cua-tuoi-chom-truong-thanh-185250510210045766.htm via JSON-LD+Tags
2025-05-14 15:38:06.523 INFO  [Worker-3] c.d.crawler.storage.ArticleStorage [ArticleStorage.java:52] - Saved article: https://thanhnien.vn/cac-nha-khoa-hoc-tim-ra-bi-mat-de-quy-ong-dai-suc-hon-khi-lam-tran-18525051019514345.htm via JSON-LD+Tags
2025-05-14 15:38:06.523 INFO  [Worker-0] c.d.crawler.storage.ArticleStorage [ArticleStorage.java:52] - Saved article: https://thanhnien.vn/tu-van-suc-khoe-chien-luoc-dieu-tri-toan-dien-giup-toi-uu-hieu-qua-trong-ivf-18525051215565113.htm via JSON-LD+Tags
2025-05-14 15:38:06.634 INFO  [Worker-1] c.d.crawler.storage.ArticleStorage [ArticleStorage.java:52] - Saved article: https://thanhnien.vn/xoa-can-nhe-nhang-an-toan-nhung-cong-nghe-tien-tien-bac-nhat-hien-nay-185250508160339312.htm via JSON-LD+Tags
2025-05-14 15:38:06.784 INFO  [Worker-5] c.d.crawler.storage.ArticleStorage [ArticleStorage.java:52] - Saved article: https://thanhnien.vn/viet-nam-vua-co-vac-xin-phe-cau-15-tiem-tai-he-thong-tiem-chung-vnvc-18525050814272565.htm via JSON-LD+Tags
2025-05-14 15:38:07.029 INFO  [Worker-2] c.d.crawler.storage.ArticleStorage [ArticleStorage.java:52] - Saved article: https://thanhnien.vn/cuu-lan-da-bi-seo-lom-voi-cong-nghe-rf-microneedling-185241226090526273.htm via JSON-LD+Tags
2025-05-14 15:38:07.056 INFO  [Worker-0] c.d.crawler.storage.ArticleStorage [ArticleStorage.java:52] - Saved article: https://thanhnien.vn/lieu-phap-peel-da-an-toan-duoc-chuyen-gia-tin-tuong-thay-the-filler-va-botox-185241211154037752.htm via JSON-LD+Tags
2025-05-14 15:38:07.103 INFO  [Worker-3] c.d.crawler.storage.ArticleStorage [ArticleStorage.java:52] - Saved article: https://thanhnien.vn/cang-da-mat-khong-seo-tuong-lai-cua-tre-hoa-da-mat-khong-dao-keo-185241222162118954.htm via JSON-LD+Tags
2025-05-14 15:38:07.542 INFO  [Worker-5] c.d.crawler.storage.ArticleStorage [ArticleStorage.java:52] - Saved article: https://dantri.com.vn/kinh-doanh/co-phieu-quoc-cuong-gia-lai-tim-lim-trong-phien-thi-truong-dieu-chinh-20250509152036193.htm via JSON-LD+Tags
2025-05-14 15:38:07.624 INFO  [Worker-3] c.d.crawler.storage.ArticleStorage [ArticleStorage.java:52] - Saved article: https://dantri.com.vn/kinh-doanh/co-phieu-vic-tim-lim-tai-san-ty-phu-pham-nhat-vuong-vuot-9-ty-usd-20250508160800751.htm via JSON-LD+Tags
2025-05-14 15:38:07.630 INFO  [Worker-0] c.d.crawler.storage.ArticleStorage [ArticleStorage.java:52] - Saved article: https://dantri.com.vn/kinh-doanh/co-phieu-vingroup-vuot-dinh-gan-3-nam-sau-tin-niem-yet-vinpearl-20250507153749035.htm via JSON-LD+Tags
2025-05-14 15:38:07.648 INFO  [Worker-2] c.d.crawler.storage.ArticleStorage [ArticleStorage.java:52] - Saved article: https://dantri.com.vn/kinh-doanh/nang-hang-thi-truong-chung-khoan-thang-9-se-co-ket-qua-de-chia-se-20250506195416919.htm via JSON-LD+Tags
2025-05-14 15:38:07.944 INFO  [Worker-4] c.d.crawler.storage.ArticleStorage [ArticleStorage.java:52] - Saved article: https://dantri.com.vn/kinh-doanh/chung-khoan-kis-viet-nam-gap-su-co-trong-ngay-dau-krx-van-hanh-20250506100111529.htm via JSON-LD+Tags
2025-05-14 15:38:08.021 INFO  [Worker-5] c.d.crawler.storage.ArticleStorage [ArticleStorage.java:52] - Saved article: https://dantri.com.vn/kinh-doanh/nhom-vingroup-chong-do-thi-truong-trong-ngay-dau-van-hanh-krx-20250505120104845.htm via JSON-LD+Tags
2025-05-14 15:38:08.036 INFO  [Worker-0] c.d.crawler.storage.ArticleStorage [ArticleStorage.java:52] - Saved article: https://dantri.com.vn/kinh-doanh/hose-he-thong-krx-moi-san-sang-van-hanh-vao-ngay-mai-20250504211557040.htm via JSON-LD+Tags
2025-05-14 15:38:08.067 INFO  [Worker-3] c.d.crawler.storage.ArticleStorage [ArticleStorage.java:52] - Saved article: https://dantri.com.vn/kinh-doanh/chung-khoan-tang-gan-14-diem-nhieu-co-phieu-toa-sac-tim-20250505153737324.htm via JSON-LD+Tags
2025-05-14 15:38:08.213 INFO  [Worker-1] c.d.crawler.storage.ArticleStorage [ArticleStorage.java:52] - Saved article: https://dantri.com.vn/kinh-doanh/pho-wall-rot-tham-sau-chuoi-tang-dai-nhat-20-nam-gia-dau-lao-doc-20250506091139470.htm via JSON-LD+Tags
2025-05-14 15:38:08.372 INFO  [Worker-2] c.d.crawler.storage.ArticleStorage [ArticleStorage.java:52] - Saved article: https://dantri.com.vn/kinh-doanh/chung-khoan-than-trong-co-phieu-sab-vjc-giam-manh-nhat-ro-vn30-20250429153933587.htm via JSON-LD+Tags
2025-05-14 15:38:08.489 INFO  [Worker-4] c.d.crawler.storage.ArticleStorage [ArticleStorage.java:52] - Saved article: https://dantri.com.vn/kinh-doanh/co-phieu-vingroup-tiep-tuc-tang-tran-dan-dat-thi-truong-chung-khoan-20250425153605494.htm via JSON-LD+Tags
2025-05-14 15:38:08.786 INFO  [Worker-1] c.d.crawler.storage.ArticleStorage [ArticleStorage.java:52] - Saved article: https://dantri.com.vn/kinh-doanh/co-phieu-vingroup-tang-bung-noc-sau-phat-ngon-cua-ty-phu-pham-nhat-vuong-20250424151924660.htm via JSON-LD+Tags
2025-05-14 15:38:09.038 INFO  [Worker-3] c.d.crawler.storage.ArticleStorage [ArticleStorage.java:52] - Saved article: https://dantri.com.vn/kinh-doanh/ai-sap-cuop-viec-cua-loat-chuyen-gia-chung-khoan-trung-quoc-20250313110619012.htm via JSON-LD+Tags
2025-05-14 15:38:10.004 INFO  [Worker-4] c.d.crawler.storage.ArticleStorage [ArticleStorage.java:52] - Saved article: https://vnexpress.net/sot-dat-ai-mat-co-hoi-4873506.html via JSON-LD+Tags
2025-05-14 15:38:10.212 INFO  [Worker-0] c.d.crawler.storage.ArticleStorage [ArticleStorage.java:52] - Saved article: https://vnexpress.net/an-tu-tren-dau-toi-roi-4876358.html via JSON-LD+Tags
2025-05-14 15:38:10.253 INFO  [Worker-3] c.d.crawler.storage.ArticleStorage [ArticleStorage.java:52] - Saved article: https://vnexpress.net/loi-noi-doi-cua-cha-toi-4880069.html via JSON-LD+Tags
2025-05-14 15:38:10.523 INFO  [Worker-0] c.d.crawler.storage.ArticleStorage [ArticleStorage.java:52] - Saved article: https://vnexpress.net/thay-chet-ma-khong-the-cuu-4881496.html via JSON-LD+Tags
2025-05-14 15:38:10.554 INFO  [Worker-1] c.d.crawler.storage.ArticleStorage [ArticleStorage.java:52] - Saved article: https://vnexpress.net/rac-thach-sanh-4885299.html via JSON-LD+Tags
2025-05-14 15:38:10.565 INFO  [Worker-2] c.d.crawler.storage.ArticleStorage [ArticleStorage.java:52] - Saved article: https://vnexpress.net/luat-rieng-cho-trung-tam-tai-chinh-4884480.html via JSON-LD+Tags
2025-05-14 15:38:10.836 INFO  [Worker-0] c.d.crawler.storage.ArticleStorage [ArticleStorage.java:52] - Saved article: https://vnexpress.net/rui-ro-tai-chinh-benh-vien-4884491.html via JSON-LD+Tags
2025-05-14 15:38:10.842 INFO  [Worker-2] c.d.crawler.storage.ArticleStorage [ArticleStorage.java:52] - Saved article: https://vnexpress.net/di-vao-rung-mot-minh-4884035.html via JSON-LD+Tags
2025-05-14 15:38:11.068 INFO  [Worker-4] c.d.crawler.storage.ArticleStorage [ArticleStorage.java:52] - Saved article: https://vnexpress.net/tat-nao-mo-chatgpt-4878891.html via JSON-LD+Tags
2025-05-14 15:38:11.213 INFO  [Worker-5] c.d.crawler.storage.ArticleStorage [ArticleStorage.java:52] - Saved article: https://vnexpress.net/tam-ho-chieu-ielts-4883941.html via JSON-LD+Tags
2025-05-14 15:38:11.383 INFO  [Worker-4] c.d.crawler.storage.ArticleStorage [ArticleStorage.java:52] - Saved article: https://vnexpress.net/ai-cuu-bac-si-4882980.html via JSON-LD+Tags
2025-05-14 15:38:11.561 INFO  [Worker-1] c.d.crawler.storage.ArticleStorage [ArticleStorage.java:52] - Saved article: https://vnexpress.net/tang-thue-giam-hut-thuoc-la-4882992.html via JSON-LD+Tags
2025-05-14 15:38:11.675 INFO  [Worker-4] c.d.crawler.storage.ArticleStorage [ArticleStorage.java:52] - Saved article: https://vnexpress.net/khoan-10-cho-kinh-te-tu-nhan-4882837.html via JSON-LD+Tags
2025-05-14 15:38:12.180 INFO  [Worker-4] c.d.crawler.storage.ArticleStorage [ArticleStorage.java:52] - Saved article: https://vietnamnet.vn/khoi-truong-duyet-binh-cua-viet-nam-noi-ve-khoanh-khac-bat-tay-tong-thong-putin-2399896.html via JSON-LD+Tags
2025-05-14 15:38:12.414 INFO  [Worker-2] c.d.crawler.storage.ArticleStorage [ArticleStorage.java:52] - Saved article: https://vietnamnet.vn/68-quan-nhan-duyet-binh-tu-nga-ve-viet-nam-trong-vong-tay-nguoi-than-va-dong-doi-2399856.html via JSON-LD+Tags
2025-05-14 15:38:12.491 INFO  [Worker-1] c.d.crawler.storage.ArticleStorage [ArticleStorage.java:52] - Saved article: https://vnexpress.net/cai-bong-mo-canh-tham-phan-4881992.html via JSON-LD+Tags
2025-05-14 15:38:12.548 INFO  [Worker-0] c.d.crawler.storage.ArticleStorage [ArticleStorage.java:52] - Saved article: https://vietnamnet.vn/ngam-dan-chie-ham-cua-hai-quan-nga-vua-cap-cang-da-nang-2399702.html via JSON-LD+Tags
2025-05-14 15:38:12.811 INFO  [Worker-1] c.d.crawler.storage.ArticleStorage [ArticleStorage.java:52] - Saved article: https://vietnamnet.vn/nghe-bo-doi-viet-nam-va-trung-quoc-cung-hat-tai-nga-2399178.html via JSON-LD+Tags
2025-05-14 15:38:12.928 INFO  [Worker-4] c.d.crawler.storage.ArticleStorage [ArticleStorage.java:52] - Saved article: https://vietnamnet.vn/trao-ky-vat-chien-tranh-cho-quyen-tro-ly-bo-truong-quoc-phong-my-2399009.html via JSON-LD+Tags
2025-05-14 15:38:13.019 INFO  [Worker-0] c.d.crawler.storage.ArticleStorage [ArticleStorage.java:52] - Saved article: https://vietnamnet.vn/doan-quan-doi-viet-nam-tong-duyet-tren-quang-truong-do-truoc-le-duyet-binh-2398815.html via JSON-LD+Tags
2025-05-14 15:38:13.131 INFO  [Worker-3] c.d.crawler.storage.ArticleStorage [ArticleStorage.java:52] - Saved article: https://vietnamnet.vn/tien-cac-phi-doan-ho-mang-chua-truc-thang-tu-san-bay-bien-hoa-tro-ve-don-vi-2398521.html via JSON-LD+Tags
2025-05-14 15:38:13.136 INFO  [Worker-5] c.d.crawler.storage.ArticleStorage [ArticleStorage.java:52] - Saved article: https://vietnamnet.vn/chu-tich-nuoc-xay-dung-hai-quan-tinh-manh-hien-dai-san-sang-moi-tinh-huong-2398503.html via JSON-LD+Tags
2025-05-14 15:38:13.182 INFO  [Worker-1] c.d.crawler.storage.ArticleStorage [ArticleStorage.java:52] - Saved article: https://vietnamnet.vn/dac-cong-hai-quan-viet-nam-xuat-quy-nhap-than-giua-bien-lua-2398356.html via JSON-LD+Tags
2025-05-14 15:38:13.401 INFO  [Worker-2] c.d.crawler.storage.ArticleStorage [ArticleStorage.java:52] - Saved article: https://vietnamnet.vn/nhung-hinh-anh-don-tim-cua-doan-qdnd-viet-nam-tham-gia-duyet-binh-tai-nga-2397993.html via JSON-LD+Tags
2025-05-14 15:38:13.407 INFO  [Worker-4] c.d.crawler.storage.ArticleStorage [ArticleStorage.java:52] - Saved article: https://vietnamnet.vn/kieu-bao-tai-nga-nong-nhiet-don-doan-quan-doi-viet-nam-o-quang-truong-do-2397450.html via JSON-LD+Tags
2025-05-14 15:38:13.761 INFO  [Worker-0] c.d.crawler.storage.ArticleStorage [ArticleStorage.java:52] - Saved article: https://vietnamnet.vn/doan-qdnd-viet-nam-chuan-bi-cho-le-duyet-binh-tren-quang-truong-do-2397385.html via JSON-LD+Tags
2025-05-14 15:38:13.778 INFO  [Worker-1] c.d.crawler.storage.ArticleStorage [ArticleStorage.java:52] - Saved article: https://vietnamnet.vn/quan-doi-viet-nam-doan-ket-hiep-dong-tham-gia-duyet-binh-tren-quang-truong-do-2397288.html via JSON-LD+Tags
2025-05-14 15:38:13.800 INFO  [Worker-5] c.d.crawler.storage.ArticleStorage [ArticleStorage.java:52] - Saved article: https://vietnamnet.vn/tuyet-roi-day-o-moscow-doan-quan-doi-nhan-dan-viet-nam-tiep-tuc-luyen-tap-2397219.html via JSON-LD+Tags
2025-05-14 15:38:13.819 INFO  [Worker-3] c.d.crawler.storage.ArticleStorage [ArticleStorage.java:52] - Saved article: https://vietnamnet.vn/nu-thuong-ta-thuyet-minh-dieu-binh-30-4-hom-nay-toi-yen-tam-de-om-2396911.html via JSON-LD+Tags
2025-05-14 15:38:13.969 INFO  [Worker-4] c.d.crawler.storage.ArticleStorage [ArticleStorage.java:52] - Saved article: https://vietnamnet.vn/hinh-anh-khoi-dieu-binh-quan-doi-trung-quoc-lao-campuchia-trong-dai-le-30-4-2396809.html via JSON-LD+Tags
2025-05-14 15:38:14.037 INFO  [Worker-2] c.d.crawler.storage.ArticleStorage [ArticleStorage.java:52] - Saved article: https://vietnamnet.vn/dai-tuong-phan-van-giang-luc-luong-dieu-binh-no-luc-cao-nhat-cho-le-ky-niem-2395800.html via JSON-LD+Tags
2025-05-14 15:38:14.230 INFO  [Worker-1] c.d.crawler.storage.ArticleStorage [ArticleStorage.java:52] - Saved article: https://vietnamnet.vn/doan-viet-nam-hop-luyen-chuan-bi-tham-gia-le-duyet-binh-tai-nga-2395779.html via JSON-LD+Tags
2025-05-14 15:38:14.466 INFO  [Worker-2] c.d.crawler.storage.ArticleStorage [ArticleStorage.java:52] - Saved article: https://vietnamnet.vn/khoi-quan-doi-trung-quoc-hat-nhu-co-bac-ho-trong-ngay-vui-dai-thang-2395664.html via JSON-LD+Tags
2025-05-14 15:38:14.804 INFO  [Worker-3] c.d.crawler.storage.ArticleStorage [ArticleStorage.java:52] - Saved article: https://vietnamnet.vn/dien-bien-5-canh-quan-tien-vao-sai-gon-trong-chien-dich-ho-chiminh-lich-su-2395489.html via JSON-LD+Tags
2025-05-14 15:38:15.098 INFO  [Worker-1] c.d.crawler.storage.ArticleStorage [ArticleStorage.java:52] - Saved article: https://vietnamnet.vn/trung-tuong-nguyen-hong-thai-lam-thu-truong-bo-quoc-phong-2395402.html via JSON-LD+Tags
2025-05-14 15:38:15.099 INFO  [Worker-3] c.d.crawler.storage.ArticleStorage [ArticleStorage.java:52] - Saved article: https://vietnamnet.vn/quan-doi-3-nuoc-tham-gia-dieu-binh-30-4-minh-chung-cho-tinh-doan-ket-quoc-te-2395395.html via JSON-LD+Tags
2025-05-14 15:38:15.114 INFO  [Worker-0] c.d.crawler.storage.ArticleStorage [ArticleStorage.java:52] - Saved article: https://thanhnien.vn/nhung-nguoi-noi-tieng-tung-dat-danh-hieu-chau-ngoan-bac-ho-185250513203416405.htm via JSON-LD+Tags
2025-05-14 15:38:15.115 INFO  [Worker-4] c.d.crawler.storage.ArticleStorage [ArticleStorage.java:52] - Saved article: https://thanhnien.vn/muon-dat-diem-cao-mon-sinh-hoc-thi-sinh-dung-quen-dieu-nay-185250513222931892.htm via JSON-LD+Tags
2025-05-14 15:38:15.143 INFO  [Worker-2] c.d.crawler.storage.ArticleStorage [ArticleStorage.java:52] - Saved article: https://vietnamnet.vn/dieu-binh-30-4-khang-dinh-su-truong-thanh-lon-manh-cua-quan-doi-viet-nam-2395462.html via JSON-LD+Tags
2025-05-14 15:38:15.163 INFO  [Worker-5] c.d.crawler.storage.ArticleStorage [ArticleStorage.java:52] - Saved article: https://vietnamnet.vn/cuoc-tien-cong-than-toc-giua-dai-duong-giai-phong-truong-sa-nam-1975-2391723.html via JSON-LD+Tags
2025-05-14 15:38:15.538 INFO  [Worker-0] c.d.crawler.storage.ArticleStorage [ArticleStorage.java:52] - Saved article: https://vietnamnet.vn/quan-doi-viet-nam-lao-campuchia-trung-quoc-tap-dieu-binh-tren-duong-pho-tphcm-2395175.html via JSON-LD+Tags
2025-05-14 15:38:15.542 INFO  [Worker-5] c.d.crawler.storage.ArticleStorage [ArticleStorage.java:52] - Saved article: https://vietnamnet.vn/hon-100-chien-si-quan-doi-trung-quoc-den-tphcm-de-tham-gia-dieu-binh-2394981.html via JSON-LD+Tags
2025-05-14 15:38:15.549 INFO  [Worker-3] c.d.crawler.storage.ArticleStorage [ArticleStorage.java:52] - Saved article: https://thanhnien.vn/thay-giao-tre-co-4-sang-kien-dem-lai-nhieu-loi-ich-185250513202142373.htm via JSON-LD+Tags
2025-05-14 15:38:15.594 INFO  [Worker-2] c.d.crawler.storage.ArticleStorage [ArticleStorage.java:52] - Saved article: https://vietnamnet.vn/tu-lenh-quan-doan-34-giu-chuc-pho-tong-tham-muu-truong-qdnd-viet-nam-2394744.html via JSON-LD+Tags
2025-05-14 15:38:15.707 INFO  [Worker-1] c.d.crawler.storage.ArticleStorage [ArticleStorage.java:52] - Saved article: https://thanhnien.vn/tiep-suc-mua-thi-cang-hoc-cang-quen-thi-phai-lam-gi-185250511182942982.htm via JSON-LD+Tags
2025-05-14 15:38:15.909 INFO  [Worker-3] c.d.crawler.storage.ArticleStorage [ArticleStorage.java:52] - Saved article: https://vietnamnet.vn/giao-nhiem-vu-cho-luc-luong-quan-doi-tham-gia-duyet-binh-tai-quang-truong-do-2394031.html via JSON-LD+Tags
2025-05-14 15:38:15.974 INFO  [Worker-5] c.d.crawler.storage.ArticleStorage [ArticleStorage.java:52] - Saved article: https://thanhnien.vn/thuong-uy-canh-sat-voi-102-cuoc-tuyen-truyen-phap-luat-185250513204810333.htm via JSON-LD+Tags
2025-05-14 15:38:16.009 INFO  [Worker-2] c.d.crawler.storage.ArticleStorage [ArticleStorage.java:52] - Saved article: https://thanhnien.vn/dai-bieu-chau-ngoan-bac-ho-tu-hao-ve-dat-nuoc-tu-hao-la-nguoi-viet-nam-1852505131815111.htm via JSON-LD+Tags
2025-05-14 15:38:16.011 INFO  [Worker-0] c.d.crawler.storage.ArticleStorage [ArticleStorage.java:52] - Saved article: https://vietnamnet.vn/tong-bi-thu-binh-chung-tang-thiet-giap-xung-dang-la-luc-luong-dot-kich-manh-2393999.html via JSON-LD+Tags
2025-05-14 15:38:16.670 INFO  [Worker-2] c.d.crawler.storage.ArticleStorage [ArticleStorage.java:52] - Saved article: https://thanhnien.vn/ban-bi-thu-tu-doan-gap-mat-dai-bieu-chau-ngoan-bac-ho-18525051321110338.htm via JSON-LD+Tags
2025-05-14 15:38:16.795 INFO  [Worker-0] c.d.crawler.storage.ArticleStorage [ArticleStorage.java:52] - Saved article: https://thanhnien.vn/thanh-tich-dang-ne-cua-nu-sinh-dai-bieu-chau-ngoan-bac-ho-185250513111406798.htm via JSON-LD+Tags
2025-05-14 15:38:16.830 INFO  [Worker-5] c.d.crawler.storage.ArticleStorage [ArticleStorage.java:52] - Saved article: https://thanhnien.vn/cach-de-on-hoa-hoc-thi-tot-nghiep-thpt-nhe-nhang-hon-18525051307510876.htm via JSON-LD+Tags
2025-05-14 15:38:17.040 INFO  [Worker-3] c.d.crawler.storage.ArticleStorage [ArticleStorage.java:52] - Saved article: https://thanhnien.vn/chinh-phuc-ky-thi-nang-khieu-can-chuan-bi-nhung-gi-185250512084842617.htm via JSON-LD+Tags
2025-05-14 15:38:17.143 INFO  [Worker-0] c.d.crawler.storage.ArticleStorage [ArticleStorage.java:52] - Saved article: https://thanhnien.vn/cam-ca-tai-khoan-facebook-zalo-ca-nhan-de-vay-tien-185250513131001114.htm via JSON-LD+Tags
2025-05-14 15:38:17.224 INFO  [Worker-2] c.d.crawler.storage.ArticleStorage [ArticleStorage.java:52] - Saved article: https://thanhnien.vn/on-thi-khoi-a00-can-biet-nhung-meo-hay-nay-185250512203601927.htm via JSON-LD+Tags
2025-05-14 15:38:17.475 INFO  [Worker-3] c.d.crawler.storage.ArticleStorage [ArticleStorage.java:52] - Saved article: https://thanhnien.vn/sinh-vien-lam-may-danh-cau-long-chuan-nhu-con-nguoi-185250512202737882.htm via JSON-LD+Tags
2025-05-14 15:38:17.543 INFO  [Worker-0] c.d.crawler.storage.ArticleStorage [ArticleStorage.java:52] - Saved article: https://thanhnien.vn/on-thi-can-tranh-nhung-thoi-quen-nay-de-khong-phai-hoi-han-185250508182828927.htm via JSON-LD+Tags
2025-05-14 15:38:17.942 INFO  [Worker-1] c.d.crawler.storage.ArticleStorage [ArticleStorage.java:52] - Saved article: https://thanhnien.vn/nha-vo-dich-so-do-tu-duy-the-gioi-huong-dan-phuong-phap-hoc-tap-de-nho-185250512202251581.htm via JSON-LD+Tags
2025-05-14 15:38:17.954 INFO  [Worker-0] c.d.crawler.storage.ArticleStorage [ArticleStorage.java:52] - Saved article: https://thanhnien.vn/anh-nguyen-tuong-lam-tham-tu-giao-hoi-phat-giao-viet-nam-185250512155904246.htm via JSON-LD+Tags
2025-05-14 15:38:18.029 INFO  [Worker-4] c.d.crawler.storage.ArticleStorage [ArticleStorage.java:52] - Saved article: https://thanhnien.vn/dau-an-9-ky-dai-hoi-chau-ngoan-bac-ho-toan-quoc-185250512114640297.htm via JSON-LD+Tags
2025-05-14 15:38:18.243 INFO  [Worker-3] c.d.crawler.storage.ArticleStorage [ArticleStorage.java:52] - Saved article: https://thanhnien.vn/cap-doi-chup-anh-cuoi-o-truong-hoc-cung-voi-hoc-sinh-gay-sot-185250512134331038.htm via JSON-LD+Tags
2025-05-14 15:38:18.299 INFO  [Worker-5] c.d.crawler.storage.ArticleStorage [ArticleStorage.java:52] - Saved article: https://thanhnien.vn/dai-hoi-chau-ngoan-bac-ho-lan-thu-x-co-nhieu-diem-moi-185250506125020622.htm via JSON-LD+Tags
2025-05-14 15:38:18.366 INFO  [Worker-0] c.d.crawler.storage.ArticleStorage [ArticleStorage.java:52] - Saved article: https://thanhnien.vn/tre-mo-coi-do-dai-dich-covid-19-bien-su-mat-mat-thanh-dong-luc-de-vuon-len-185250510194439699.htm via JSON-LD+Tags
2025-05-14 15:38:18.470 INFO  [Worker-4] c.d.crawler.storage.ArticleStorage [ArticleStorage.java:52] - Saved article: https://thanhnien.vn/nhieu-qua-tang-trong-ngay-hoi-thanh-nien-cong-nhan-tai-bac-giang-185250511150132265.htm via JSON-LD+Tags
2025-05-14 15:38:18.471 INFO  [Worker-1] c.d.crawler.storage.ArticleStorage [ArticleStorage.java:52] - Saved article: https://thanhnien.vn/hai-cong-nhan-trung-thuong-xe-may-trong-dem-nhac-hoi-lan-toa-nang-luong-tich-cuc-185250512103735436.htm via JSON-LD+Tags
2025-05-14 15:38:18.660 INFO  [Worker-3] c.d.crawler.storage.ArticleStorage [ArticleStorage.java:52] - Saved article: https://thanhnien.vn/lap-nghiep-voi-thung-rac-thu-loi-khoang-100-trieu-dong-nam-185250511183548628.htm via JSON-LD+Tags
2025-05-14 15:38:18.710 INFO  [Worker-2] c.d.crawler.storage.ArticleStorage [ArticleStorage.java:52] - Saved article: https://thanhnien.vn/thi-my-thuat-nen-hoc-nhung-gi-luyen-sao-cho-dung-185250511184144046.htm via JSON-LD+Tags
2025-05-14 15:38:18.766 INFO  [Worker-0] c.d.crawler.storage.ArticleStorage [ArticleStorage.java:52] - Saved article: https://thanhnien.vn/thung-rac-thong-minh-lan-toa-tinh-than-khoi-nghiep-xanh-185250316182951971.htm via JSON-LD+Tags
2025-05-14 15:38:18.913 INFO  [Worker-4] c.d.crawler.storage.ArticleStorage [ArticleStorage.java:52] - Saved article: https://thanhnien.vn/ca-si-hoa-minzy-duoc-tuyen-duong-thanh-nien-tien-tien-lam-theo-loi-bac-185250511185410779.htm via JSON-LD+Tags
2025-05-14 15:38:19.109 INFO  [Worker-3] c.d.crawler.storage.ArticleStorage [ArticleStorage.java:52] - Saved article: https://thanhnien.vn/boc-phot-nguoi-dong-hanh-vi-khong-hop-gu-sau-khi-di-du-lich-ghet-185250509200721126.htm via JSON-LD+Tags
2025-05-14 15:38:19.295 INFO  [Worker-2] c.d.crawler.storage.ArticleStorage [ArticleStorage.java:52] - Saved article: https://thanhnien.vn/dam-an-khe-o-dau-co-gi-ma-thu-hut-nguoi-tre-den-check-in-185250508110446805.htm via JSON-LD+Tags
2025-05-14 15:38:19.360 INFO  [Worker-4] c.d.crawler.storage.ArticleStorage [ArticleStorage.java:52] - Saved article: https://thanhnien.vn/nhieu-nguoi-dat-phong-khach-san-truoc-gan-4-thang-de-xem-dieu-binh-tai-ha-noi-185250506145922969.htm via JSON-LD+Tags
2025-05-14 15:38:19.397 INFO  [Worker-0] c.d.crawler.storage.ArticleStorage [ArticleStorage.java:52] - Saved article: https://thanhnien.vn/nhieu-cong-viec-luong-hang-chuc-trieu-dong--thang-dang-cho-nguoi-lao-dong-ung-tuyen-185250412162753332.htm via JSON-LD+Tags
2025-05-14 15:38:19.405 INFO  [Worker-1] c.d.crawler.storage.ArticleStorage [ArticleStorage.java:52] - Saved article: https://thanhnien.vn/nha-tuyen-dung-dua-luong-thoa-thuan-ung-vien-nen-dam-phan-the-nao-185250407111026004.htm via JSON-LD+Tags
2025-05-14 15:38:19.547 INFO  [Worker-3] c.d.crawler.storage.ArticleStorage [ArticleStorage.java:52] - Saved article: https://thanhnien.vn/sinh-vien-nganh-quan-he-cong-chung-truong-dh-van-lang-nhan-chung-chi-cua-bao-thanh-nien-185250403191802773.htm via JSON-LD+Tags
2025-05-14 15:38:19.597 INFO  [Worker-5] c.d.crawler.storage.ArticleStorage [ArticleStorage.java:52] - Saved article: https://thanhnien.vn/trien-lam-thieu-nhi-viet-nam-vung-buoc-tien-vao-ky-nguyen-moi-185250510131822328.htm via JSON-LD+Tags
2025-05-14 15:38:19.720 INFO  [Worker-2] c.d.crawler.storage.ArticleStorage [ArticleStorage.java:52] - Saved article: https://thanhnien.vn/nhung-nguoi-dang-tao-nen-hinh-anh-moi-cua-nen-y-te-viet-nam-hien-dai-18525051011512997.htm via JSON-LD+Tags
2025-05-14 15:38:19.936 INFO  [Worker-1] c.d.crawler.storage.ArticleStorage [ArticleStorage.java:52] - Saved article: https://thanhnien.vn/doanh-nhan-noi-tieng-ke-cong-viec-dau-khi-di-lam-la-pha-tra-photo-tai-lieu-185250412142319752.htm via JSON-LD+Tags
2025-05-14 15:38:19.955 INFO  [Worker-0] c.d.crawler.storage.ArticleStorage [ArticleStorage.java:52] - Saved article: https://thanhnien.vn/tssr-2025-x-nha-tai-tro-vang-men-stay-simplicity-185250509172606759.htm via JSON-LD+Tags
2025-05-14 15:38:19.993 INFO  [Worker-4] c.d.crawler.storage.ArticleStorage [ArticleStorage.java:52] - Saved article: https://thanhnien.vn/nha-khoa-nhan-tam-dong-hanh-cung-sinh-vien-truong-dai-hoc-ton-duc-thang-185250509170308769.htm via JSON-LD+Tags
2025-05-14 15:38:20.024 INFO  [Worker-5] c.d.crawler.storage.ArticleStorage [ArticleStorage.java:52] - Saved article: https://thanhnien.vn/thu-tuong-pham-minh-chinh-du-ngay-hoi-khoi-nghiep-quoc-gia-cua-hoc-sinh-sinh-vien-185250420100109176.htm via JSON-LD+Tags
2025-05-14 15:38:20.047 INFO  [Worker-3] c.d.crawler.storage.ArticleStorage [ArticleStorage.java:52] - Saved article: https://thanhnien.vn/5-nu-sinh-gianh-giai-cao-thu-ai-hoc-duong-18525041321232185.htm via JSON-LD+Tags
2025-05-14 15:38:20.302 INFO  [Worker-2] c.d.crawler.storage.ArticleStorage [ArticleStorage.java:52] - Saved article: https://thanhnien.vn/nguoi-tre-so-nhay-viec-giac-mo-doi-doi-dung-noi-lo-that-bai-185250323143544031.htm via JSON-LD+Tags
2025-05-14 15:38:20.409 INFO  [Worker-5] c.d.crawler.storage.ArticleStorage [ArticleStorage.java:52] - Saved article: https://thanhnien.vn/phat-hoang-voi-chieu-lua-dong-phi-ship-16-ngan-dong-roi-mat-may-tram-trieu-dong-185250506105957967.htm via JSON-LD+Tags
2025-05-14 15:38:20.456 INFO  [Worker-3] c.d.crawler.storage.ArticleStorage [ArticleStorage.java:52] - Saved article: https://thanhnien.vn/sung-sot-voi-cau-be-4-tuoi-ruoi-noi-tieng-anh-nhu-gio-tri-nho-cuc-dinh-185250508201357827.htm via JSON-LD+Tags
2025-05-14 15:38:20.458 INFO  [Worker-4] c.d.crawler.storage.ArticleStorage [ArticleStorage.java:52] - Saved article: https://thanhnien.vn/co-gai-muon-gop-phan-giai-quyet-nhung-van-de-ve-cap-thoat-nuoc-185250510104246722.htm via JSON-LD+Tags
2025-05-14 15:38:20.488 INFO  [Worker-0] c.d.crawler.storage.ArticleStorage [ArticleStorage.java:52] - Saved article: https://thanhnien.vn/bi-mat-gay-soc-dang-sau-nhung-loi-gioi-thieu-la-bac-si-giao-vien-tren-threads-185250508104316238.htm via JSON-LD+Tags
2025-05-14 15:38:21.192 INFO  [Worker-2] c.d.crawler.storage.ArticleStorage [ArticleStorage.java:52] - Saved article: https://tuoitre.vn/video/cap-cuu-3-me-con-bi-ngat-khi-do-dung-may-phat-dien-chay-may-lanh-trong-phong-kin-180061.htm via JSON-LD+Tags
2025-05-14 15:38:21.243 INFO  [Worker-5] c.d.crawler.storage.ArticleStorage [ArticleStorage.java:52] - Saved article: https://tuoitre.vn/video/nhung-dieu-quan-trong-phu-huynh-va-thi-sinh-can-chu-y-trong-ky-thi-tot-nghiep-thpt-2025-180055.htm via JSON-LD+Tags
2025-05-14 15:38:21.351 INFO  [Worker-0] c.d.crawler.storage.ArticleStorage [ArticleStorage.java:52] - Saved article: https://tuoitre.vn/video/hai-nguoi-dan-ong-chet-cach-nhau-vai-tram-met-o-huyen-binh-chanh-cong-an-dang-dieu-tra-180052.htm via JSON-LD+Tags
2025-05-14 15:38:21.378 INFO  [Worker-3] c.d.crawler.storage.ArticleStorage [ArticleStorage.java:52] - Saved article: https://tuoitre.vn/video/chuyen-ho-so-vu-mic-tu-choi-boi-thuong-cho-nguoi-bi-dien-giat-chet-ve-toa-an-tp-my-tho-180048.htm via JSON-LD+Tags
2025-05-14 15:38:21.662 INFO  [Worker-2] c.d.crawler.storage.ArticleStorage [ArticleStorage.java:52] - Saved article: https://tuoitre.vn/video/chia-se-cua-hai-phi-cong-dan-dau-doi-hinh-tiem-kich-su-30mk2-sang-30-4-179337.htm via JSON-LD+Tags
2025-05-14 15:38:21.736 INFO  [Worker-4] c.d.crawler.storage.ArticleStorage [ArticleStorage.java:52] - Saved article: https://tuoitre.vn/video/an-tuong-voi-bai-phat-bieu-tai-dai-le-30-4-cua-chi-huynh-manh-phuong-dai-dien-cho-the-he-tre-179304.htm via JSON-LD+Tags
2025-05-14 15:38:21.821 INFO  [Worker-3] c.d.crawler.storage.ArticleStorage [ArticleStorage.java:52] - Saved article: https://tuoitre.vn/video/doan-cuu-nan-bo-cong-an-tai-myanmar-dua-thi-the-be-trai-10-tuoi-ra-khoi-toa-nha-sap-177719.htm via JSON-LD+Tags
2025-05-14 15:38:21.956 INFO  [Worker-1] c.d.crawler.storage.ArticleStorage [ArticleStorage.java:52] - Saved article: https://tuoitre.vn/video/vua-den-myanmar-luc-luong-viet-nam-dung-radar-xuyen-tuong-tim-nan-nhan-dong-dat-177696.htm via JSON-LD+Tags
2025-05-14 15:38:22.027 INFO  [Worker-5] c.d.crawler.storage.ArticleStorage [ArticleStorage.java:52] - Saved article: https://tuoitre.vn/video/ram-rap-buoc-chan-am-vang-hao-khi-dieu-binh-dieu-hanh-tren-duong-pho-tphcm-179312.htm via JSON-LD+Tags
2025-05-14 15:38:22.321 INFO  [Worker-0] c.d.crawler.storage.ArticleStorage [ArticleStorage.java:52] - Saved article: https://tuoitre.vn/video/doi-nam-nu-di-xe-may-nguy-kich-sau-khi-bi-xe-dau-keo-huc-vang-178827.htm via JSON-LD+Tags
2025-05-14 15:38:22.382 INFO  [Worker-3] c.d.crawler.storage.ArticleStorage [ArticleStorage.java:52] - Saved article: https://tuoitre.vn/video/xe-tai-cay-nat-dai-phan-cach-roi-tu-cau-vuot-cao-toc-xuong-duong-dong-duc-178315.htm via JSON-LD+Tags
2025-05-14 15:38:22.490 INFO  [Worker-1] c.d.crawler.storage.ArticleStorage [ArticleStorage.java:52] - Saved article: https://tuoitre.vn/video/toan-canh-sap-cong-truong-tau-dien-ngam-o-han-quoc-da-giai-cuu-mot-nguoi-mac-ket-178311.htm via JSON-LD+Tags
2025-05-14 15:38:22.770 INFO  [Worker-4] c.d.crawler.storage.ArticleStorage [ArticleStorage.java:52] - Saved article: https://tuoitre.vn/video/ban-can-biet-som-cach-kiem-tra-cccd-co-dang-bi-danh-cap-thong-tin-de-vay-ngan-hang-hay-khong-175030.htm via JSON-LD+Tags
2025-05-14 15:38:22.800 INFO  [Worker-2] c.d.crawler.storage.ArticleStorage [ArticleStorage.java:52] - Saved article: https://tuoitre.vn/video/tam-giu-4-nguoi-trung-quoc-vi-len-lay-tai-lieu-o-hien-truong-sap-toa-nha-tai-bangkok-177695.htm via JSON-LD+Tags
2025-05-14 15:38:22.893 INFO  [Worker-3] c.d.crawler.storage.ArticleStorage [ArticleStorage.java:52] - Saved article: https://tuoitre.vn/video/co-phai-lam-lai-the-can-cuoc-cong-dan-sau-khi-sap-nhap-phuong-xa-173743.htm via JSON-LD+Tags
2025-05-14 15:38:22.989 INFO  [Worker-5] c.d.crawler.storage.ArticleStorage [ArticleStorage.java:52] - Saved article: https://tuoitre.vn/video/moi-nhat-cach-tra-cuu-phat-nguoi-tren-vnetraffic-174128.htm via JSON-LD+Tags
2025-05-14 15:38:23.005 INFO  [Worker-0] c.d.crawler.storage.ArticleStorage [ArticleStorage.java:52] - Saved article: https://tuoitre.vn/video/dien-thoai-khong-quet-duoc-cccd-de-xac-thuc-sinh-trac-hoc-phai-lam-sao-163524.htm via JSON-LD+Tags
2025-05-14 15:38:23.280 INFO  [Worker-4] c.d.crawler.storage.ArticleStorage [ArticleStorage.java:52] - Saved article: https://tuoitre.vn/video/cho-khach-thue-o-to-tu-lai-ma-phat-hien-xe-bi-phat-nguoi-thi-xu-ly-nhu-the-nao-174924.htm via JSON-LD+Tags
2025-05-14 15:38:23.454 INFO  [Worker-1] c.d.crawler.storage.ArticleStorage [ArticleStorage.java:52] - Saved article: https://tuoitre.vn/video/cac-loai-giay-to-phai-mang-theo-khi-tham-gia-giao-thong-theo-nghi-dinh-168-moi-179961.htm via JSON-LD+Tags
2025-05-14 15:38:23.723 INFO  [Worker-2] c.d.crawler.storage.ArticleStorage [ArticleStorage.java:52] - Saved article: https://tuoitre.vn/video/bi-phat-nguoi-trong-dip-tet-tai-xe-nop-phat-o-dau-174566.htm via JSON-LD+Tags
2025-05-14 15:38:23.734 INFO  [Worker-5] c.d.crawler.storage.ArticleStorage [ArticleStorage.java:52] - Saved article: https://tuoitre.vn/video/quy-dinh-moi-ve-den-xe-ban-can-biet-ngay-de-tranh-bi-phat-177774.htm via JSON-LD+Tags
2025-05-14 15:38:23.751 INFO  [Worker-0] c.d.crawler.storage.ArticleStorage [ArticleStorage.java:52] - Saved article: https://tuoitre.vn/video/chay-xe-len-via-he-de-nghe-dien-thoai-vao-mua-hang-co-bi-csgt-xu-phat-khong-173923.htm via JSON-LD+Tags
2025-05-14 15:38:23.932 INFO  [Worker-1] c.d.crawler.storage.ArticleStorage [ArticleStorage.java:52] - Saved article: https://tuoitre.vn/video/hoa-mai-hoa-dao-quat-kieng-dai-ha-gia-chieu-29-tet-van-thua-nguoi-mua-174717.htm via JSON-LD+Tags
2025-05-14 15:38:24.264 INFO  [Worker-2] c.d.crawler.storage.ArticleStorage [ArticleStorage.java:52] - Saved article: https://tuoitre.vn/video/lang-nu-hoi-sinh-sau-lu-quet-nu-cuoi-da-tim-ve-diu-lai-nhung-guong-mat-kho-dau-174492.htm via JSON-LD+Tags
2025-05-14 15:38:24.336 INFO  [Worker-0] c.d.crawler.storage.ArticleStorage [ArticleStorage.java:52] - Saved article: https://tuoitre.vn/video/tong-thong-han-quoc-yoon-suk-yeol-noi-gi-truoc-khi-ra-trinh-dien-va-bi-bat-174114.htm via JSON-LD+Tags
2025-05-14 15:38:24.460 INFO  [Worker-3] c.d.crawler.storage.ArticleStorage [ArticleStorage.java:52] - Saved article: https://tuoitre.vn/video/dieu-tra-vien-han-quoc-treo-thang-vao-noi-o-tong-thong-yoon-3000-canh-sat-da-co-mat-ben-ngoai-174105.htm via JSON-LD+Tags
2025-05-14 15:38:24.605 INFO  [Worker-4] c.d.crawler.storage.ArticleStorage [ArticleStorage.java:52] - Saved article: https://tuoitre.vn/video/tan-mat-xem-ran-ho-mang-chua-dai-4m-nang-17kg-o-phu-quoc-174722.htm via JSON-LD+Tags
2025-05-14 15:38:24.610 INFO  [Worker-1] c.d.crawler.storage.ArticleStorage [ArticleStorage.java:52] - Saved article: https://tuoitre.vn/video/video-doan-xe-cho-tong-thong-han-quoc-den-trinh-dien-co-quan-dieu-tra-ong-yoon-da-bi-bat-174110.htm via JSON-LD+Tags
2025-05-14 15:38:25.798 INFO  [Worker-5] c.d.crawler.storage.ArticleStorage [ArticleStorage.java:52] - Saved article: https://tuoitre.vn/video/hien-truong-hang-chuc-cay-ko-nia-trong-rung-bi-triet-ha-180020.htm via JSON-LD+Tags
2025-05-14 15:38:25.875 INFO  [Worker-2] c.d.crawler.storage.ArticleStorage [ArticleStorage.java:52] - Saved article: https://tuoitre.vn/video/vu-nhom-chay-xe-may-duoi-danh-gay-tai-nan-1-nguoi-chet-khoi-to-18-bi-can-ve-toi-giet-nguoi-180012.htm via JSON-LD+Tags
2025-05-14 15:38:25.943 INFO  [Worker-3] c.d.crawler.storage.ArticleStorage [ArticleStorage.java:52] - Saved article: https://tuoitre.vn/video/thot-tim-voi-xe-tai-chay-au-lan-lan-tren-duong-deo-canh-sat-giao-thong-vao-cuoc-180003.htm via JSON-LD+Tags
2025-05-14 15:38:26.014 INFO  [Worker-0] c.d.crawler.storage.ArticleStorage [ArticleStorage.java:52] - Saved article: https://tuoitre.vn/video/ban-tin-30s-nong-bat-thu-pham-cuop-ngan-hang-o-lam-dong-thot-tim-voi-xe-tai-chay-au-tren-duong-deo-180027.htm via JSON-LD+Tags
2025-05-14 15:38:26.041 INFO  [Worker-4] c.d.crawler.storage.ArticleStorage [ArticleStorage.java:52] - Saved article: https://tuoitre.vn/video/ban-tin-30s-nong-nghi-pham-khai-ly-do-chich-dien-phu-nu-o-phu-quoc-danh-sap-khach-san-22-tang-o-my-179976.htm via JSON-LD+Tags
2025-05-14 15:38:26.150 INFO  [Worker-1] c.d.crawler.storage.ArticleStorage [ArticleStorage.java:52] - Saved article: https://tuoitre.vn/video/ban-tin-30s-nong-bat-nghi-pham-phong-hoa-3-nguoi-chet-o-thu-duc-sup-lun-duong-cap-cuu-6-nguoi-179925.htm via JSON-LD+Tags
2025-05-14 15:38:26.295 INFO  [Worker-2] c.d.crawler.storage.ArticleStorage [ArticleStorage.java:52] - Saved article: https://tuoitre.vn/video/kham-pha-truong-hoc-2025-da-tro-lai-moi-ngoi-truong-la-mot-cau-chuyen-179789.htm via JSON-LD+Tags
2025-05-14 15:38:26.475 INFO  [Worker-4] c.d.crawler.storage.ArticleStorage [ArticleStorage.java:52] - Saved article: https://tuoitre.vn/video/ong-trum-diddy-tra-hang-ngan-usd-de-thue-nguoi-quan-he-tinh-duc-voi-ban-gai-truoc-mat-minh-180019.htm via JSON-LD+Tags
2025-05-14 15:38:26.606 INFO  [Worker-1] c.d.crawler.storage.ArticleStorage [ArticleStorage.java:52] - Saved article: https://tuoitre.vn/video/gia-dien-thue-tro-tai-tphcm-vua-duoc-ban-hanh-chu-nha-chat-chem-tien-dien-co-the-bi-phat-den-30-trieu-180022.htm via JSON-LD+Tags
2025-05-14 15:38:26.737 INFO  [Worker-2] c.d.crawler.storage.ArticleStorage [ArticleStorage.java:52] - Saved article: https://tuoitre.vn/video/bat-thu-pham-gay-ra-vu-cuop-ngan-hang-o-duc-trong-179984.htm via JSON-LD+Tags
2025-05-14 15:38:26.808 INFO  [Worker-3] c.d.crawler.storage.ArticleStorage [ArticleStorage.java:52] - Saved article: https://tuoitre.vn/video/truc-tiep-ban-phao-hoa-va-trinh-dien-10500-drone-mung-dai-le-30-4-tai-tphcm-179267.htm via JSON-LD+Tags
2025-05-14 15:38:26.868 INFO  [Worker-0] c.d.crawler.storage.ArticleStorage [ArticleStorage.java:52] - Saved article: https://tuoitre.vn/video/cot-den-giao-thong-nga-ngang-quoc-lo-13-xe-tai-chan-dong-cuu-xe-may-bi-cuon-troi-179837.htm via JSON-LD+Tags
2025-05-14 15:38:26.979 INFO  [Worker-1] c.d.crawler.storage.ArticleStorage [ArticleStorage.java:52] - Saved article: https://tuoitre.vn/video/nhom-thanh-nien-keo-nhau-dap-pha-quan-an-o-binh-duong-da-ra-dau-thu-179487.htm via JSON-LD+Tags
2025-05-14 15:38:27.046 INFO  [Worker-2] c.d.crawler.storage.ArticleStorage [ArticleStorage.java:52] - Saved article: https://tuoitre.vn/video/hien-truong-o-to-xe-may-rot-xuong-ho-do-sup-lun-duong-dan-cau-o-tay-ninh-6-nguoi-di-cap-cuu-179905.htm via JSON-LD+Tags
2025-05-14 15:38:27.499 INFO  [Worker-0] c.d.crawler.storage.ArticleStorage [ArticleStorage.java:52] - Saved article: https://vnexpress.net/hung-yen-se-co-them-khu-cong-nghiep-gan-260-ha-4885672.html via JSON-LD+Tags
2025-05-14 15:38:27.813 INFO  [Worker-0] c.d.crawler.storage.ArticleStorage [ArticleStorage.java:52] - Saved article: https://vnexpress.net/binh-thuan-se-khai-thac-gan-2-000-ha-dat-doc-duong-ven-bien-chua-su-dung-4885799.html via JSON-LD+Tags
2025-05-14 15:38:27.857 INFO  [Worker-2] c.d.crawler.storage.ArticleStorage [ArticleStorage.java:52] - Saved article: https://vnexpress.net/loi-the-dau-tu-kep-tai-du-an-170-ha-ben-song-4883279.html via JSON-LD+Tags
2025-05-14 15:38:27.860 INFO  [Worker-1] c.d.crawler.storage.ArticleStorage [ArticleStorage.java:52] - Saved article: https://vnexpress.net/dau-an-phat-trien-do-thi-viet-cua-nam-long-va-hai-ong-lon-nhat-ban-4884656.html via JSON-LD+Tags
2025-05-14 15:38:27.882 INFO  [Worker-4] c.d.crawler.storage.ArticleStorage [ArticleStorage.java:52] - Saved article: https://vnexpress.net/tt-avio-ban-giao-can-ho-hoan-thien-noi-that-4885219.html via JSON-LD+Tags
2025-05-14 15:38:27.936 INFO  [Worker-5] c.d.crawler.storage.ArticleStorage [ArticleStorage.java:52] - Saved article: https://vnexpress.net/ha-tang-giao-thong-thuc-day-bat-dong-san-dong-bac-tp-hcm-4884595.html via JSON-LD+Tags
2025-05-14 15:38:28.112 INFO  [Worker-0] c.d.crawler.storage.ArticleStorage [ArticleStorage.java:52] - Saved article: https://vnexpress.net/chu-sieu-du-an-khu-tu-giac-ben-thanh-tang-von-them-16-000-ty-dong-4885339.html via JSON-LD+Tags
2025-05-14 15:38:28.116 INFO  [Worker-3] c.d.crawler.storage.ArticleStorage [ArticleStorage.java:52] - Saved article: https://vnexpress.net/tp-hcm-kien-nghi-phuong-an-go-vuong-cho-20-quy-dat-nha-o-xa-hoi-4885314.html via JSON-LD+Tags
2025-05-14 15:38:28.187 INFO  [Worker-1] c.d.crawler.storage.ArticleStorage [ArticleStorage.java:52] - Saved article: https://vnexpress.net/de-xuat-co-che-dac-thu-de-hai-phong-thu-hoi-dat-xen-ket-lam-khu-do-thi-4885141.html via JSON-LD+Tags
2025-05-14 15:38:28.221 INFO  [Worker-2] c.d.crawler.storage.ArticleStorage [ArticleStorage.java:52] - Saved article: https://vnexpress.net/co-nen-ban-chung-cu-ha-noi-dau-tu-dat-nen-tinh-4884867.html via JSON-LD+Tags
2025-05-14 15:38:28.226 INFO  [Worker-4] c.d.crawler.storage.ArticleStorage [ArticleStorage.java:52] - Saved article: https://vnexpress.net/dat-trung-dau-gia-huyen-thach-that-giam-3-lan-4885163.html via JSON-LD+Tags
2025-05-14 15:38:28.259 INFO  [Worker-5] c.d.crawler.storage.ArticleStorage [ArticleStorage.java:52] - Saved article: https://vnexpress.net/chu-dau-tu-merryland-quy-nhon-giam-lo-mot-nua-4885216.html via JSON-LD+Tags
2025-05-14 15:38:28.462 INFO  [Worker-3] c.d.crawler.storage.ArticleStorage [ArticleStorage.java:52] - Saved article: https://vnexpress.net/loi-the-bat-dong-san-thuong-mai-tai-do-thi-sun-group-ha-nam-4885447.html via JSON-LD+Tags
2025-05-14 15:38:28.504 INFO  [Worker-1] c.d.crawler.storage.ArticleStorage [ArticleStorage.java:52] - Saved article: https://vnexpress.net/loi-the-bat-dong-san-nam-ha-noi-4884767.html via JSON-LD+Tags
2025-05-14 15:38:28.591 INFO  [Worker-4] c.d.crawler.storage.ArticleStorage [ArticleStorage.java:52] - Saved article: https://vnexpress.net/mo-hinh-nha-trong-vuon-vuon-trong-nha-tai-waterpoint-4885059.html via JSON-LD+Tags
2025-05-14 15:38:28.599 INFO  [Worker-2] c.d.crawler.storage.ArticleStorage [ArticleStorage.java:52] - Saved article: https://vnexpress.net/cau-ngoc-hoi-vanh-dai-4-tao-luc-day-cho-nha-dat-hung-yen-4884768.html via JSON-LD+Tags
2025-05-14 15:38:28.639 INFO  [Worker-5] c.d.crawler.storage.ArticleStorage [ArticleStorage.java:52] - Saved article: https://vnexpress.net/gia-thue-nha-o-xa-hoi-ngang-thuong-mai-4884747.html via JSON-LD+Tags
2025-05-14 15:38:29.003 INFO  [Worker-5] c.d.crawler.storage.ArticleStorage [ArticleStorage.java:52] - Saved article: https://vnexpress.net/sun-group-gioi-thieu-to-hop-can-ho-ven-bien-my-khe-4884833.html via JSON-LD+Tags
2025-05-14 15:38:29.009 INFO  [Worker-2] c.d.crawler.storage.ArticleStorage [ArticleStorage.java:52] - Saved article: https://vnexpress.net/he-cua-hinh-dang-la-tao-diem-nhan-cho-nha-ong-4884495.html via JSON-LD+Tags
2025-05-14 15:38:29.009 INFO  [Worker-1] c.d.crawler.storage.ArticleStorage [ArticleStorage.java:52] - Saved article: https://vnexpress.net/ha-noi-giao-hon-10-000-m2-dat-lam-du-an-thap-tang-o-long-bien-4884586.html via JSON-LD+Tags
2025-05-14 15:38:29.023 INFO  [Worker-4] c.d.crawler.storage.ArticleStorage [ArticleStorage.java:52] - Saved article: https://vnexpress.net/nam-long-ky-niem-10-nam-bat-tay-hai-ong-lon-nhat-ban-4884678.html via JSON-LD+Tags
2025-05-14 15:38:29.339 INFO  [Worker-0] c.d.crawler.storage.ArticleStorage [ArticleStorage.java:52] - Saved article: https://vnexpress.net/loat-dac-quyen-khi-so-huu-dinh-thu-ban-dao-san-ho-tai-nha-trang-4885229.html via JSON-LD+Tags
2025-05-14 15:38:29.400 INFO  [Worker-1] c.d.crawler.storage.ArticleStorage [ArticleStorage.java:52] - Saved article: https://vnexpress.net/bo-tu-phap-de-nghi-ap-gia-tran-voi-nha-o-xa-hoi-4884381.html via JSON-LD+Tags
2025-05-14 15:38:29.417 INFO  [Worker-5] c.d.crawler.storage.ArticleStorage [ArticleStorage.java:52] - Saved article: https://vnexpress.net/da-nang-tu-do-thi-du-lich-den-mien-dat-hua-de-an-cu-4884097.html via JSON-LD+Tags
2025-05-14 15:38:29.421 INFO  [Worker-2] c.d.crawler.storage.ArticleStorage [ArticleStorage.java:52] - Saved article: https://vnexpress.net/go-vuong-2-200-du-an-tac-nghen-gdp-co-the-tang-them-1-2-4884223.html via JSON-LD+Tags
2025-05-14 15:38:29.608 INFO  [Worker-3] c.d.crawler.storage.ArticleStorage [ArticleStorage.java:52] - Saved article: https://vnexpress.net/khong-de-doanh-nghiep-truc-loi-chinh-sach-khi-duoc-bu-tru-lo-tu-bat-dong-san-4884624.html via JSON-LD+Tags
2025-05-14 15:38:29.722 INFO  [Worker-4] c.d.crawler.storage.ArticleStorage [ArticleStorage.java:52] - Saved article: https://vnexpress.net/biet-thu-thiet-ke-thich-ung-khi-hau-khac-nghiet-4884229.html via JSON-LD+Tags
2025-05-14 15:38:29.727 INFO  [Worker-1] c.d.crawler.storage.ArticleStorage [ArticleStorage.java:52] - Saved article: https://vnexpress.net/chu-tich-hoang-quan-chung-toi-se-kien-dinh-voi-nha-o-xa-hoi-4884143.html via JSON-LD+Tags
2025-05-14 15:38:29.753 INFO  [Worker-5] c.d.crawler.storage.ArticleStorage [ArticleStorage.java:52] - Saved article: https://vnexpress.net/khong-de-dieu-chinh-quy-hoach-tuy-tien-vi-loi-ich-cuc-bo-4884179.html via JSON-LD+Tags
2025-05-14 15:38:30.248 INFO  [Worker-0] c.d.crawler.storage.ArticleStorage [ArticleStorage.java:52] - Saved article: https://vnexpress.net/gia-bat-dong-san-tp-thu-duc-tang-cao-hon-tp-hcm-4883768.html via JSON-LD+Tags
2025-05-14 15:38:30.332 INFO  [Worker-5] c.d.crawler.storage.ArticleStorage [ArticleStorage.java:52] - Saved article: https://vnexpress.net/tp-hcm-con-hon-17-200-nha-dat-vuong-mac-chua-duoc-cap-so-hong-4883704.html via JSON-LD+Tags
2025-05-14 15:38:30.432 INFO  [Worker-3] c.d.crawler.storage.ArticleStorage [ArticleStorage.java:52] - Saved article: https://vnexpress.net/bac-giang-se-co-trung-tam-thuong-mai-aeon-mall-gan-4-000-ty-dong-4884052.html via JSON-LD+Tags
2025-05-14 15:38:30.664 INFO  [Worker-1] c.d.crawler.storage.ArticleStorage [ArticleStorage.java:52] - Saved article: https://vnexpress.net/nguoi-tre-chun-buoc-mua-nha-vung-ven-vi-gia-dat-4883192.html via JSON-LD+Tags
2025-05-14 15:38:30.706 INFO  [Worker-2] c.d.crawler.storage.ArticleStorage [ArticleStorage.java:52] - Saved article: https://vnexpress.net/bien-hoa-can-ho-tap-the-cu-thanh-khong-gian-tien-nghi-4883489.html via JSON-LD+Tags
2025-05-14 15:38:30.992 INFO  [Worker-1] c.d.crawler.storage.ArticleStorage [ArticleStorage.java:52] - Saved article: https://vnexpress.net/hue-thu-hoi-du-an-san-golf-hon-1-800-ty-dong-4883479.html via JSON-LD+Tags
2025-05-14 15:38:31.315 INFO  [Worker-3] c.d.crawler.storage.ArticleStorage [ArticleStorage.java:52] - Saved article: https://vnexpress.net/kbc-lam-them-khu-cong-nghiep-hon-140-ha-tai-bac-ninh-4883427.html via JSON-LD+Tags
2025-05-14 15:38:31.391 INFO  [Worker-5] c.d.crawler.storage.ArticleStorage [ArticleStorage.java:52] - Saved article: https://vnexpress.net/de-xuat-trao-quyen-cho-chinh-phu-quyet-dinh-quy-hoach-su-dung-dat-quoc-gia-4883668.html via JSON-LD+Tags
2025-05-14 15:38:31.687 INFO  [Worker-4] c.d.crawler.storage.ArticleStorage [ArticleStorage.java:52] - Saved article: https://vnexpress.net/tp-hcm-quy-hoach-them-3-800-ha-khu-cong-nghiep-4884095.html via JSON-LD+Tags
2025-05-14 15:38:31.783 INFO  [Worker-1] c.d.crawler.storage.ArticleStorage [ArticleStorage.java:52] - Saved article: https://vnexpress.net/phu-my-hung-bac-tien-voi-du-an-ty-usd-4876780.html via JSON-LD+Tags
2025-05-14 15:38:31.850 INFO  [Worker-2] c.d.crawler.storage.ArticleStorage [ArticleStorage.java:52] - Saved article: https://vnexpress.net/ha-noi-tim-goi-dau-tu-khu-nha-xa-hoi-gan-1-100-ty-dong-o-long-bien-4883665.html via JSON-LD+Tags
2025-05-14 15:38:32.102 INFO  [Worker-1] c.d.crawler.storage.ArticleStorage [ArticleStorage.java:52] - Saved article: https://vnexpress.net/ha-noi-de-xuat-cho-xay-khu-vui-choi-giai-tri-tai-dat-bai-song-4883346.html via JSON-LD+Tags
2025-05-14 15:38:32.174 INFO  [Worker-0] c.d.crawler.storage.ArticleStorage [ArticleStorage.java:52] - Saved article: https://vnexpress.net/uu-the-tien-ich-cua-can-ho-duplex-tai-sun-symphony-residence-4883837.html via JSON-LD+Tags
2025-05-14 15:38:32.180 INFO  [Worker-3] c.d.crawler.storage.ArticleStorage [ArticleStorage.java:52] - Saved article: https://vnexpress.net/dac-quyen-ngam-phao-hoa-tu-ban-cong-can-ho-the-xanh-2-cat-ba-4883553.html via JSON-LD+Tags
2025-05-14 15:38:32.333 INFO  [quartzScheduler_Worker-2] com.dantri.crawler.job.CrawlJob [CrawlJob.java:26] - Scheduled startUrl: https://dantri.com.vn/
2025-05-14 15:38:32.333 INFO  [quartzScheduler_Worker-2] com.dantri.crawler.job.CrawlJob [CrawlJob.java:26] - Scheduled startUrl: https://vnexpress.net/
2025-05-14 15:38:32.333 INFO  [quartzScheduler_Worker-2] com.dantri.crawler.job.CrawlJob [CrawlJob.java:26] - Scheduled startUrl: https://tuoitre.vn/
2025-05-14 15:38:32.334 INFO  [quartzScheduler_Worker-2] com.dantri.crawler.job.CrawlJob [CrawlJob.java:26] - Scheduled startUrl: https://vietnamnet.vn/
2025-05-14 15:38:32.334 INFO  [quartzScheduler_Worker-2] com.dantri.crawler.job.CrawlJob [CrawlJob.java:26] - Scheduled startUrl: https://tienphong.vn/
2025-05-14 15:38:32.334 INFO  [quartzScheduler_Worker-2] com.dantri.crawler.job.CrawlJob [CrawlJob.java:26] - Scheduled startUrl: https://thanhnien.vn/
2025-05-14 15:38:32.334 INFO  [quartzScheduler_Worker-2] com.dantri.crawler.job.CrawlJob [CrawlJob.java:26] - Scheduled startUrl: https://vtcnews.vn/
2025-05-14 15:38:32.334 INFO  [quartzScheduler_Worker-2] com.dantri.crawler.job.CrawlJob [CrawlJob.java:26] - Scheduled startUrl: https://danviet.vn/
2025-05-14 15:38:32.334 INFO  [quartzScheduler_Worker-2] com.dantri.crawler.job.CrawlJob [CrawlJob.java:26] - Scheduled startUrl: https://nhandan.vn/
2025-05-14 15:38:32.334 INFO  [quartzScheduler_Worker-2] com.dantri.crawler.job.CrawlJob [CrawlJob.java:26] - Scheduled startUrl: https://www.qdnd.vn/
2025-05-14 15:38:32.334 INFO  [quartzScheduler_Worker-2] com.dantri.crawler.job.CrawlJob [CrawlJob.java:26] - Scheduled startUrl: https://soha.vn/
2025-05-14 15:38:32.334 INFO  [quartzScheduler_Worker-2] com.dantri.crawler.job.CrawlJob [CrawlJob.java:26] - Scheduled startUrl: https://baochinhphu.vn/
2025-05-14 15:38:32.458 INFO  [Worker-1] c.d.crawler.storage.ArticleStorage [ArticleStorage.java:52] - Saved article: https://vnexpress.net/gia-thue-can-ho-dich-vu-ha-noi-dat-hon-4882697.html via JSON-LD+Tags
2025-05-14 15:38:32.470 INFO  [Worker-0] c.d.crawler.storage.ArticleStorage [ArticleStorage.java:52] - Saved article: https://vnexpress.net/cai-tao-can-ho-11-nam-tuoi-xuong-cap-voi-500-trieu-dong-4882981.html via JSON-LD+Tags
2025-05-14 15:38:32.712 INFO  [Worker-5] c.d.crawler.storage.ArticleStorage [ArticleStorage.java:52] - Saved article: https://vnexpress.net/bim-land-khoi-dong-du-an-can-ho-skym-4883670.html via JSON-LD+Tags
2025-05-14 15:38:32.747 INFO  [Worker-1] c.d.crawler.storage.ArticleStorage [ArticleStorage.java:52] - Saved article: https://vnexpress.net/10-nam-nam-long-cung-doi-tac-nhat-phat-trien-do-thi-viet-4882844.html via JSON-LD+Tags
2025-05-14 15:38:32.803 INFO  [Worker-0] c.d.crawler.storage.ArticleStorage [ArticleStorage.java:52] - Saved article: https://vnexpress.net/cach-masterise-homes-tao-dau-an-tai-vung-dat-moi-4877296.html via JSON-LD+Tags
2025-05-14 15:38:33.108 INFO  [Worker-5] c.d.crawler.storage.ArticleStorage [ArticleStorage.java:52] - Saved article: https://vnexpress.net/mat-bang-han-thuyen-gia-thue-750-trieu-dong-co-khach-moi-sau-8-thang-starbucks-roi-di-4882674.html via JSON-LD+Tags
2025-05-14 15:38:33.113 INFO  [Worker-1] c.d.crawler.storage.ArticleStorage [ArticleStorage.java:52] - Saved article: https://vnexpress.net/nhung-ong-lon-toan-cau-tham-gia-phat-trien-khu-biet-thu-nam-tp-hcm-4881967.html via JSON-LD+Tags
2025-05-14 15:38:33.123 INFO  [Worker-4] c.d.crawler.storage.ArticleStorage [ArticleStorage.java:52] - Saved article: https://vnexpress.net/tp-hcm-se-ho-tro-chu-tro-vay-lai-suat-uu-dai-de-cai-tao-nha-4883353.html via JSON-LD+Tags
2025-05-14 15:38:33.127 INFO  [Worker-0] c.d.crawler.storage.ArticleStorage [ArticleStorage.java:52] - Saved article: https://vnexpress.net/chu-dau-tu-bat-dong-san-dua-nhau-bung-hang-4881790.html via JSON-LD+Tags
2025-05-14 15:38:33.192 INFO  [Worker-3] c.d.crawler.storage.ArticleStorage [ArticleStorage.java:52] - Saved article: https://vnexpress.net/cach-khac-phuc-nhuoc-diem-thieu-sang-cua-nha-ong-4882478.html via JSON-LD+Tags
2025-05-14 15:38:33.420 INFO  [Worker-0] c.d.crawler.storage.ArticleStorage [ArticleStorage.java:52] - Saved article: https://vnexpress.net/dau-an-masterise-homes-tren-hanh-trinh-tp-hcm-thay-doi-dien-mao-4882450.html via JSON-LD+Tags
2025-05-14 15:38:33.465 INFO  [Worker-3] c.d.crawler.storage.ArticleStorage [ArticleStorage.java:52] - Saved article: https://vnexpress.net/phat-dat-gia-tang-thi-phan-tai-binh-duong-4882561.html via JSON-LD+Tags
2025-05-14 15:38:33.759 INFO  [Worker-5] c.d.crawler.storage.ArticleStorage [ArticleStorage.java:52] - Saved article: https://vnexpress.net/sumitomo-lam-khu-cong-nghiep-gan-3-000-ty-dong-tai-thanh-hoa-4882089.html via JSON-LD+Tags
2025-05-14 15:38:33.761 INFO  [Worker-2] c.d.crawler.storage.ArticleStorage [ArticleStorage.java:52] - Saved article: https://vnexpress.net/da-nang-se-cuong-che-thu-hoi-dat-cho-du-an-44-000-ty-dong-4882393.html via JSON-LD+Tags
2025-05-14 15:38:34.080 INFO  [Worker-5] c.d.crawler.storage.ArticleStorage [ArticleStorage.java:52] - Saved article: https://vnexpress.net/du-an-hon-20-nam-chua-bo-tri-xong-tai-dinh-cu-4877669.html via JSON-LD+Tags
2025-05-14 15:38:34.349 INFO  [Worker-2] c.d.crawler.storage.ArticleStorage [ArticleStorage.java:52] - Saved article: https://vnexpress.net/binh-dinh-moi-dau-tu-loat-khu-nghi-duong-do-thi-ty-usd-4882091.html via JSON-LD+Tags
2025-05-14 15:38:34.366 INFO  [Worker-3] c.d.crawler.storage.ArticleStorage [ArticleStorage.java:52] - Saved article: https://vnexpress.net/vingroup-du-kien-khoi-cong-khu-do-thi-hon-1-000-ha-tai-long-an-4881966.html via JSON-LD+Tags
2025-05-14 15:38:34.370 INFO  [Worker-5] c.d.crawler.storage.ArticleStorage [ArticleStorage.java:52] - Saved article: https://vnexpress.net/nam-long-ii-central-lake-sap-ra-mat-phan-khu-moi-4881970.html via JSON-LD+Tags
2025-05-14 15:38:34.398 INFO  [Worker-0] c.d.crawler.storage.ArticleStorage [ArticleStorage.java:52] - Saved article: https://vnexpress.net/huyen-hoc-mon-muon-dau-gia-som-khu-dat-290-ha-lam-do-thi-nen-4882262.html via JSON-LD+Tags
2025-05-14 15:38:35.750 INFO  [Worker-1] c.d.crawler.storage.ArticleStorage [ArticleStorage.java:52] - Saved article: https://vietnamnet.vn/nhieu-diem-moi-ve-tham-quyen-xet-xu-khi-ket-thuc-toa-cap-cao-va-cap-huyen-2400153.html via JSON-LD+Tags
2025-05-14 15:38:35.764 INFO  [Worker-4] c.d.crawler.storage.ArticleStorage [ArticleStorage.java:52] - Saved article: https://vietnamnet.vn/quoc-hoi-thao-luan-rut-ngan-3-thang-nhiem-ky-khoa-15-bau-cu-som-2400054.html via JSON-LD+Tags
2025-05-14 15:38:35.793 INFO  [Worker-2] c.d.crawler.storage.ArticleStorage [ArticleStorage.java:52] - Saved article: https://vietnamnet.vn/rut-ngan-3-thang-nhiem-ky-quoc-hoi-khoa-15-de-kien-toan-nhan-su-chu-chot-2400141.html via JSON-LD+Tags
2025-05-14 15:38:35.856 INFO  [Worker-3] c.d.crawler.storage.ArticleStorage [ArticleStorage.java:52] - Saved article: https://vietnamnet.vn/phan-cap-lai-tham-quyen-thu-tuong-bo-truong-chu-tich-tinh-ve-quy-hoach-2399778.html via JSON-LD+Tags
2025-05-14 15:38:36.002 INFO  [Worker-0] c.d.crawler.storage.ArticleStorage [ArticleStorage.java:52] - Saved article: https://vietnamnet.vn/uy-ban-thuong-vu-quoc-hoi-xem-xet-sua-bo-luat-hinh-su-2399765.html via JSON-LD+Tags
2025-05-14 15:38:36.108 INFO  [Worker-1] c.d.crawler.storage.ArticleStorage [ArticleStorage.java:52] - Saved article: https://vietnamnet.vn/pho-thu-tuong-neu-khong-co-quy-chuan-thi-rat-kho-quan-ly-sua-gia-thuoc-gia-2399714.html via JSON-LD+Tags
2025-05-14 15:38:36.149 INFO  [Worker-2] c.d.crawler.storage.ArticleStorage [ArticleStorage.java:52] - Saved article: https://vietnamnet.vn/pho-thu-tuong-dua-cong-nghiep-cong-nghe-so-thanh-nganh-kinh-te-quan-trong-2399572.html via JSON-LD+Tags
2025-05-14 15:38:36.191 INFO  [Worker-5] c.d.crawler.storage.ArticleStorage [ArticleStorage.java:52] - Saved article: https://vietnamnet.vn/sau-vu-long-se-dieu-dai-bieu-de-nghi-nghe-cua-thanh-tra-la-phai-lam-dot-xuat-2399101.html via JSON-LD+Tags
2025-05-14 15:38:36.576 INFO  [Worker-4] c.d.crawler.storage.ArticleStorage [ArticleStorage.java:52] - Saved article: https://vietnamnet.vn/sau-vu-quang-linh-vlogs-long-se-dieu-can-che-tai-nghiem-khac-voi-quang-cao-qua-da-2399636.html via JSON-LD+Tags
2025-05-14 15:38:37.728 INFO  [Worker-5] c.d.crawler.storage.ArticleStorage [ArticleStorage.java:52] - Saved article: https://thanhnien.vn/20-truong-thpt-co-ty-le-choi-lop-10-cao-nhat-tphcm-18525051413214833.htm via JSON-LD+Tags
2025-05-14 15:38:37.797 INFO  [Worker-1] c.d.crawler.storage.ArticleStorage [ArticleStorage.java:52] - Saved article: https://thanhnien.vn/can-them-hon-2300-ti-nam-neu-tang-phu-cap-giao-vien-mam-non-185250514125424528.htm via JSON-LD+Tags
2025-05-14 15:38:38.047 INFO  [Worker-0] c.d.crawler.storage.ArticleStorage [ArticleStorage.java:52] - Saved article: https://thanhnien.vn/tphcm-cong-bo-so-hoc-sinh-chon-nguyen-vong-lop-10-tung-truong-thpt-18525051411375293.htm via JSON-LD+Tags
2025-05-14 15:38:38.126 INFO  [Worker-3] c.d.crawler.storage.ArticleStorage [ArticleStorage.java:52] - Saved article: https://thanhnien.vn/tai-tro-toan-phan-day-va-hoc-tai-my-cho-giao-vien-viet-nam-185250514110823134.htm via JSON-LD+Tags
2025-05-14 15:38:38.135 INFO  [Worker-2] c.d.crawler.storage.ArticleStorage [ArticleStorage.java:52] - Saved article: https://thanhnien.vn/thu-nhap-chua-tuong-xung-giao-vien-mam-non-bo-viec-chiem-ty-le-cao-1852505132202528.htm via JSON-LD+Tags
2025-05-14 15:38:38.244 INFO  [Worker-5] c.d.crawler.storage.ArticleStorage [ArticleStorage.java:52] - Saved article: https://thanhnien.vn/hoc-sinh-thpt-thich-thu-trai-nghiem-van-hoa-bon-phuong-tai-truong-dai-hoc-185250512114252759.htm via JSON-LD+Tags
2025-05-14 15:38:38.256 INFO  [Worker-1] c.d.crawler.storage.ArticleStorage [ArticleStorage.java:52] - Saved article: https://thanhnien.vn/be-trai-4-tuoi-ruoi-ban-tieng-anh-cuc-dinh-bo-me-phai-dung-google-dich-noi-chuyen-185250511090549743.htm via JSON-LD+Tags
2025-05-14 15:38:38.575 INFO  [Worker-4] c.d.crawler.storage.ArticleStorage [ArticleStorage.java:52] - Saved article: https://thanhnien.vn/hoc-sinh-tieu-hoc-thcs-hoc-tieng-anh-nhu-the-nao-cho-hieu-qua-185250508173635899.htm via JSON-LD+Tags
2025-05-14 15:38:38.616 INFO  [Worker-0] c.d.crawler.storage.ArticleStorage [ArticleStorage.java:52] - Saved article: https://thanhnien.vn/hoc-ielts-co-qua-suc-voi-hoc-sinh-nho-tuoi-185250508173951604.htm via JSON-LD+Tags
2025-05-14 15:38:38.633 INFO  [Worker-3] c.d.crawler.storage.ArticleStorage [ArticleStorage.java:52] - Saved article: https://thanhnien.vn/hoc-tieng-anh-de-su-dung-duoc-chu-khong-phai-hoc-de-di-thi-lay-chung-chi-185250508173102183.htm via JSON-LD+Tags
2025-05-14 15:38:38.740 INFO  [Worker-2] c.d.crawler.storage.ArticleStorage [ArticleStorage.java:52] - Saved article: https://thanhnien.vn/tong-bi-thu-yeu-cau-day-hoc-2-buoi-moi-ngay-mien-phi-tu-nam-hoc-toi-185250507110713251.htm via JSON-LD+Tags
2025-05-14 15:38:38.779 INFO  [Worker-5] c.d.crawler.storage.ArticleStorage [ArticleStorage.java:52] - Saved article: https://thanhnien.vn/vu-ba-nguyen-thi-ut-em-bi-bat-tu-chu-truong-co-hoc-phi-dat-do-den-vo-no-hang-ngan-ti-185250502223757171.htm via JSON-LD+Tags
2025-05-14 15:38:38.971 INFO  [Worker-1] c.d.crawler.storage.ArticleStorage [ArticleStorage.java:52] - Saved article: https://thanhnien.vn/dang-ky-nguyen-vong-lop-10-co-duoc-doi-to-hop-mon-tu-chon-185250502102606686.htm via JSON-LD+Tags
2025-05-14 15:38:39.087 INFO  [Worker-2] c.d.crawler.storage.ArticleStorage [ArticleStorage.java:52] - Saved article: https://thanhnien.vn/truong-dh-truoc-thach-thuc-dao-tao-ky-su-theo-yeu-cau-moi-185250513205205753.htm via JSON-LD+Tags
2025-05-14 15:38:39.087 INFO  [Worker-3] c.d.crawler.storage.ArticleStorage [ArticleStorage.java:52] - Saved article: https://thanhnien.vn/dao-tao-logistics-thuc-chien-ben-cang-container-quoc-te-lon-bac-nhat-viet-nam-185250513160840551.htm via JSON-LD+Tags
2025-05-14 15:38:39.139 INFO  [Worker-4] c.d.crawler.storage.ArticleStorage [ArticleStorage.java:52] - Saved article: https://thanhnien.vn/dang-ky-nguyen-vong-lop-10-hoc-mon-tu-chon-tai-cac-truong-thpt-co-khac-nhau-185250502102232993.htm via JSON-LD+Tags
2025-05-14 15:38:39.160 INFO  [Worker-0] c.d.crawler.storage.ArticleStorage [ArticleStorage.java:52] - Saved article: https://thanhnien.vn/tu-chieu-nay-dang-ky-nguyen-vong-tuyen-sinh-lop-10-6-nguyen-tac-can-biet-185250502102407671.htm via JSON-LD+Tags
2025-05-14 15:38:39.307 INFO  [Worker-1] c.d.crawler.storage.ArticleStorage [ArticleStorage.java:52] - Saved article: https://thanhnien.vn/dia-phuong-ra-de-thi-duoc-khong-neu-giao-hieu-truong-cap-bang-tot-nghiep-thpt-185250513215954165.htm via JSON-LD+Tags
2025-05-14 15:38:39.389 INFO  [Worker-5] c.d.crawler.storage.ArticleStorage [ArticleStorage.java:52] - Saved article: https://thanhnien.vn/coi-troi-de-dot-pha-khoa-hoc-cong-nghe-con-nguoi-la-mau-chot-185250122195102296.htm via JSON-LD+Tags
2025-05-14 15:38:39.456 INFO  [Worker-4] c.d.crawler.storage.ArticleStorage [ArticleStorage.java:52] - Saved article: https://thanhnien.vn/bi-quyet-on-thi-tot-nghiep-thpt-dat-diem-cao-luu-y-ve-de-thi-mon-sinh-18525051213090054.htm via JSON-LD+Tags
2025-05-14 15:38:39.521 INFO  [Worker-2] c.d.crawler.storage.ArticleStorage [ArticleStorage.java:52] - Saved article: https://thanhnien.vn/giao-vien-khong-kiem-nhiem-qua-nhieu-viec-de-dam-bao-chat-luong-giao-duc-185250501194748968.htm via JSON-LD+Tags
2025-05-14 15:38:39.676 INFO  [Worker-1] c.d.crawler.storage.ArticleStorage [ArticleStorage.java:52] - Saved article: https://thanhnien.vn/an-giang-ky-luat-hieu-truong-bi-nu-giao-vien-to-cao-sam-so-185250513183718451.htm via JSON-LD+Tags
2025-05-14 15:38:39.683 INFO  [Worker-0] c.d.crawler.storage.ArticleStorage [ArticleStorage.java:52] - Saved article: https://thanhnien.vn/bi-quyet-on-thi-tot-nghiep-thpt-dat-diem-cao-he-thong-10-chuyen-de-tieng-anh-185250512113344171.htm via JSON-LD+Tags
2025-05-14 15:38:39.836 INFO  [Worker-4] c.d.crawler.storage.ArticleStorage [ArticleStorage.java:52] - Saved article: https://thanhnien.vn/du-kien-tang-phu-cap-giao-vien-mam-non-den-80-185250513191601635.htm via JSON-LD+Tags
2025-05-14 15:38:39.855 INFO  [Worker-3] c.d.crawler.storage.ArticleStorage [ArticleStorage.java:52] - Saved article: https://thanhnien.vn/de-nghi-ky-luat-nguyen-chu-tich-tinh-an-giang-vuong-binh-thanh-va-nhieu-can-bo-185250510170733981.htm via JSON-LD+Tags
2025-05-14 15:38:39.869 INFO  [Worker-2] c.d.crawler.storage.ArticleStorage [ArticleStorage.java:52] - Saved article: https://thanhnien.vn/bi-quyet-on-thi-tot-nghiep-thpt-dat-diem-cao-chac-ly-thuyet-ky-nang-mon-hoa-18525051212593597.htm via JSON-LD+Tags
2025-05-14 15:38:39.939 INFO  [Worker-5] c.d.crawler.storage.ArticleStorage [ArticleStorage.java:52] - Saved article: https://thanhnien.vn/de-xuat-giao-vien-mam-non-duoc-nghi-huu-som-5-nam-khong-bi-tru-luong-185250207090937247.htm via JSON-LD+Tags
2025-05-14 15:38:40.103 INFO  [Worker-1] c.d.crawler.storage.ArticleStorage [ArticleStorage.java:52] - Saved article: https://thanhnien.vn/bi-quyet-on-thi-tot-nghiep-thpt-dat-diem-cao-mon-toan-ky-nang-tim-dap-an-185250512110916018.htm via JSON-LD+Tags
2025-05-14 15:38:40.103 INFO  [Worker-0] c.d.crawler.storage.ArticleStorage [ArticleStorage.java:52] - Saved article: https://thanhnien.vn/da-nang-uu-tien-tuyen-sinh-con-em-can-bo-cong-chuc-tinh-quang-nam-185250513174506575.htm via JSON-LD+Tags
2025-05-14 15:38:40.254 INFO  [Worker-4] c.d.crawler.storage.ArticleStorage [ArticleStorage.java:52] - Saved article: https://thanhnien.vn/da-nang-phat-dong-tap-luyen-mon-pickleball-chuan-bi-cho-giai-dau-toan-nganh-gd-dt-185250412135211276.htm via JSON-LD+Tags
2025-05-14 15:38:40.277 INFO  [Worker-3] c.d.crawler.storage.ArticleStorage [ArticleStorage.java:52] - Saved article: https://thanhnien.vn/hoc-vien-tong-thong-nga-se-giup-viet-nam-boi-duong-100-can-bo-185250513172848791.htm via JSON-LD+Tags
2025-05-14 15:38:40.290 INFO  [Worker-2] c.d.crawler.storage.ArticleStorage [ArticleStorage.java:52] - Saved article: https://thanhnien.vn/ca-mau-to-chuc-thi-tot-nghiep-thpt-thu-nhu-that-cho-hon-11000-thi-sinh-185250513155215339.htm via JSON-LD+Tags
2025-05-14 15:38:40.428 INFO  [Worker-1] c.d.crawler.storage.ArticleStorage [ArticleStorage.java:52] - Saved article: https://thanhnien.vn/bao-thanh-nien-ky-ket-hop-tac-voi-cong-ty-sfamien-va-tst-tourist-185250513154458682.htm via JSON-LD+Tags
2025-05-14 15:38:40.579 INFO  [Worker-0] c.d.crawler.storage.ArticleStorage [ArticleStorage.java:52] - Saved article: https://thanhnien.vn/bao-thanh-nien-ky-ket-hop-tac-voi-dh-duy-tan-18525041517000648.htm via JSON-LD+Tags
2025-05-14 15:38:40.683 INFO  [Worker-2] c.d.crawler.storage.ArticleStorage [ArticleStorage.java:52] - Saved article: https://thanhnien.vn/bi-quyet-on-thi-tot-nghiep-thpt-dat-diem-cao-de-hoc-voi-mon-vat-ly-185250512115226757.htm via JSON-LD+Tags
2025-05-14 15:38:40.711 INFO  [Worker-5] c.d.crawler.storage.ArticleStorage [ArticleStorage.java:52] - Saved article: https://thanhnien.vn/tuyen-sinh-dau-cap-qphu-nhuan-tphcm-truong-nao-day-tieng-anh-tang-cuong-tich-hop-18525051312141388.htm via JSON-LD+Tags
2025-05-14 15:38:40.758 INFO  [Worker-1] c.d.crawler.storage.ArticleStorage [ArticleStorage.java:52] - Saved article: https://thanhnien.vn/quan-12-tphcm-cong-bo-ke-hoach-tuyen-sinh-dau-cap-nam-hoc-2025-2026-185250510104930254.htm via JSON-LD+Tags
2025-05-14 15:38:40.795 INFO  [Worker-4] c.d.crawler.storage.ArticleStorage [ArticleStorage.java:52] - Saved article: https://thanhnien.vn/bao-thanh-nien-phat-song-bi-quyet-on-thi-tot-nghiep-thpt-185250505211905789.htm via JSON-LD+Tags
2025-05-14 15:38:40.886 INFO  [Worker-3] c.d.crawler.storage.ArticleStorage [ArticleStorage.java:52] - Saved article: https://thanhnien.vn/dinh-huong-cua-ueh-trong-ky-nguyen-moi-cong-bo-quoc-te-den-nghien-cuu-ung-dung-185250513163930076.htm via JSON-LD+Tags
2025-05-14 15:38:40.894 INFO  [Worker-0] c.d.crawler.storage.ArticleStorage [ArticleStorage.java:52] - Saved article: https://thanhnien.vn/2-hoc-sinh-viet-nam-doat-huy-chuong-vang-ky-thi-hoa-hoc-kho-nhat-hanh-tinh-olympic-mendeleev-185250513125110119.htm via JSON-LD+Tags
2025-05-14 15:38:41.058 INFO  [Worker-2] c.d.crawler.storage.ArticleStorage [ArticleStorage.java:52] - Saved article: https://thanhnien.vn/anh-rut-ngan-thoi-gian-cho-phep-du-hoc-sinh-o-lai-siet-yeu-cau-voi-truong-185250513114354429.htm via JSON-LD+Tags
2025-05-14 15:38:41.138 INFO  [Worker-4] c.d.crawler.storage.ArticleStorage [ArticleStorage.java:52] - Saved article: https://thanhnien.vn/xac-minh-vu-hoc-sinh-tu-nguyen-nghi-hoc-hieu-truong-noi-co-thi-cung-khong-dau-185250513104349534.htm via JSON-LD+Tags
2025-05-14 15:38:41.191 INFO  [Worker-1] c.d.crawler.storage.ArticleStorage [ArticleStorage.java:52] - Saved article: https://thanhnien.vn/tu-thang-4-anh-dong-loat-tang-phi-nhieu-loai-visa-du-hoc-va-du-lich-185250320162409888.htm via JSON-LD+Tags
2025-05-14 15:38:41.285 INFO  [Worker-0] c.d.crawler.storage.ArticleStorage [ArticleStorage.java:52] - Saved article: https://thanhnien.vn/dh-quoc-gia-ha-noi-day-ung-dung-ai-cho-tat-ca-sinh-vien-185250513105225266.htm via JSON-LD+Tags
2025-05-14 15:38:41.326 INFO  [Worker-3] c.d.crawler.storage.ArticleStorage [ArticleStorage.java:52] - Saved article: https://thanhnien.vn/hoc-sinh-yeu-lop-12-tu-nguyen-nghi-hoc-bao-luu-ket-qua-nha-truong-noi-gi-185250510141306059.htm via JSON-LD+Tags
2025-05-14 15:38:41.452 INFO  [Worker-4] c.d.crawler.storage.ArticleStorage [ArticleStorage.java:52] - Saved article: https://thanhnien.vn/dh-quoc-gia-ha-noi-sap-co-chuong-trinh-dao-tao-cu-nhan-25-3-nam-185250513094132081.htm via JSON-LD+Tags
2025-05-14 15:38:41.468 INFO  [Worker-2] c.d.crawler.storage.ArticleStorage [ArticleStorage.java:52] - Saved article: https://thanhnien.vn/phat-trien-ai-tai-viet-nam-thieu-tram-trong-chuyen-gia-185250403192649075.htm via JSON-LD+Tags
2025-05-14 15:38:41.651 INFO  [Worker-5] c.d.crawler.storage.ArticleStorage [ArticleStorage.java:52] - Saved article: https://thanhnien.vn/bo-hinh-thuc-duoi-hoc-can-trang-bi-ky-luat-tu-giac-cho-hoc-sinh-185250512111341961.htm via JSON-LD+Tags
2025-05-14 15:38:41.653 INFO  [Worker-3] c.d.crawler.storage.ArticleStorage [ArticleStorage.java:52] - Saved article: https://thanhnien.vn/khanh-hoa-phe-duyet-noi-xay-phan-hieu-truong-dh-bach-khoa-tphcm-tai-nha-trang-18525051308140899.htm via JSON-LD+Tags
2025-05-14 15:38:41.750 INFO  [Worker-1] c.d.crawler.storage.ArticleStorage [ArticleStorage.java:52] - Saved article: https://thanhnien.vn/nam-2025-nganh-ky-thuat-cong-nghe-duoc-tuyen-sinh-va-dao-tao-ra-sao-185250327131334068.htm via JSON-LD+Tags
2025-05-14 15:38:41.755 INFO  [Worker-0] c.d.crawler.storage.ArticleStorage [ArticleStorage.java:52] - Saved article: https://thanhnien.vn/dong-y-khong-duoi-hoc-nhung-khong-the-chi-kiem-diem-hoc-sinh-vi-pham-185250510230550301.htm via JSON-LD+Tags
2025-05-14 15:38:41.919 INFO  [Worker-4] c.d.crawler.storage.ArticleStorage [ArticleStorage.java:52] - Saved article: https://thanhnien.vn/truong-dh-bach-khoa-tphcm-tuyen-dung-pgs-voi-thu-nhap-len-toi-85-trieu-dong-thang-185250324174243662.htm via JSON-LD+Tags
2025-05-14 15:38:41.938 INFO  [Worker-2] c.d.crawler.storage.ArticleStorage [ArticleStorage.java:52] - Saved article: https://thanhnien.vn/du-thao-sua-doi-luat-giao-duc-hoi-nhap-quoc-te-phu-hop-tinh-hinh-moi-185250512210848598.htm via JSON-LD+Tags
2025-05-14 15:38:41.982 INFO  [Worker-5] c.d.crawler.storage.ArticleStorage [ArticleStorage.java:52] - Saved article: https://thanhnien.vn/khong-chi-hoc-anh-ngu-ma-con-con-hoc-cach-song-hanh-phuc-185250512103439066.htm via JSON-LD+Tags
2025-05-14 15:38:42.057 INFO  [Worker-3] c.d.crawler.storage.ArticleStorage [ArticleStorage.java:52] - Saved article: https://thanhnien.vn/bo-gd-dt-lay-y-kien-chuyen-gia-de-de-xuat-sua-luat-giao-duc-luat-gddh-185241217170727216.htm via JSON-LD+Tags
2025-05-14 15:38:42.064 INFO  [Worker-0] c.d.crawler.storage.ArticleStorage [ArticleStorage.java:52] - Saved article: https://thanhnien.vn/mo-khoa-mua-he-doc-dao-theo-cach-con-muon-185250509110723318.htm via JSON-LD+Tags
2025-05-14 15:38:42.253 INFO  [Worker-2] c.d.crawler.storage.ArticleStorage [ArticleStorage.java:52] - Saved article: https://thanhnien.vn/bang-cap-vn-duoc-cong-nhan-tang-co-hoi-du-hoc-cho-nguoi-viet-185250430220835155.htm via JSON-LD+Tags
2025-05-14 15:38:42.372 INFO  [Worker-4] c.d.crawler.storage.ArticleStorage [ArticleStorage.java:52] - Saved article: https://thanhnien.vn/chinh-phu-new-zealand-mo-lop-day-mien-phi-cho-hoc-sinh-viet-cap-chung-nhan-185250508102400707.htm via JSON-LD+Tags
2025-05-14 15:38:42.410 INFO  [Worker-1] c.d.crawler.storage.ArticleStorage [ArticleStorage.java:52] - Saved article: https://thanhnien.vn/he-den-cho-con-hoc-them-hay-vui-choi-185250506165418566.htm via JSON-LD+Tags
2025-05-14 15:38:42.842 INFO  [Worker-1] c.d.crawler.storage.ArticleStorage [ArticleStorage.java:52] - Saved article: https://thanhnien.vn/ra-mat-cam-nang-tuyen-sinh-2025-phien-ban-dien-tu-185250330202448662.htm via JSON-LD+Tags
2025-05-14 15:38:42.924 INFO  [Worker-4] c.d.crawler.storage.ArticleStorage [ArticleStorage.java:52] - Saved article: https://thanhnien.vn/tai-lieu-huu-ich-voi-hoc-sinh-lop-12-185250323195540334.htm via JSON-LD+Tags
2025-05-14 15:38:43.203 INFO  [Worker-1] c.d.crawler.storage.ArticleStorage [ArticleStorage.java:52] - Saved article: https://dantri.com.vn/kinh-doanh/doanh-nhan-ho-nhan-con-re-gia-toc-son-kim-qua-doi-20250512224558021.htm via JSON-LD+Tags
2025-05-14 15:38:43.231 INFO  [Worker-0] c.d.crawler.storage.ArticleStorage [ArticleStorage.java:52] - Saved article: https://dantri.com.vn/kinh-doanh/cong-ty-mai-tang-duy-nhat-tren-san-chia-co-tuc-gap-65-lan-gia-co-phieu-20250512104833278.htm via JSON-LD+Tags
2025-05-14 15:38:43.239 INFO  [Worker-3] c.d.crawler.storage.ArticleStorage [ArticleStorage.java:52] - Saved article: https://dantri.com.vn/kinh-doanh/ong-nguyen-quoc-cuong-dang-dan-dat-quoc-cuong-gia-lai-theo-dung-loi-hua-20250512074917552.htm via JSON-LD+Tags
2025-05-14 15:38:43.306 INFO  [Worker-4] c.d.crawler.storage.ArticleStorage [ArticleStorage.java:52] - Saved article: https://dantri.com.vn/kinh-doanh/infographic-nhung-diem-mau-chot-dot-pha-cua-nghi-quyet-68-20250511075035278.htm via JSON-LD+Tags
2025-05-14 15:38:43.545 INFO  [Worker-3] c.d.crawler.storage.ArticleStorage [ArticleStorage.java:52] - Saved article: https://tuoitre.vn/dai-bieu-de-xuat-giay-to-moi-cua-nguoi-dan-doanh-nghiep-ghi-ca-dia-chi-truoc-va-sau-sap-nhap-20250514113347122.htm via JSON-LD+Tags
2025-05-14 15:38:43.550 INFO  [Worker-0] c.d.crawler.storage.ArticleStorage [ArticleStorage.java:52] - Saved article: https://dantri.com.vn/kinh-doanh/doanh-nghiep-tuan-qua-nghi-quyet-68-tiep-dong-luc-cho-doanh-nghiep-tu-nhan-20250511071238705.htm via JSON-LD+Tags
2025-05-14 15:38:43.560 INFO  [Worker-5] c.d.crawler.storage.ArticleStorage [ArticleStorage.java:52] - Saved article: https://tuoitre.vn/dai-bieu-de-xuat-hdnd-khong-bau-chuc-danh-chu-tich-ubnd-20250514101613838.htm via JSON-LD+Tags
2025-05-14 15:38:43.561 INFO  [Worker-2] c.d.crawler.storage.ArticleStorage [ArticleStorage.java:52] - Saved article: https://tuoitre.vn/de-xuat-moi-ve-dieu-kien-dang-ky-du-tuyen-cong-chuc-lam-lanh-dao-quan-ly-20250514083812568.htm via JSON-LD+Tags
2025-05-14 15:38:43.793 INFO  [Worker-4] c.d.crawler.storage.ArticleStorage [ArticleStorage.java:52] - Saved article: https://tuoitre.vn/chu-tich-tinh-khanh-hoa-khach-du-lich-doanh-nghiep-phan-anh-trung-tam-ioc-phai-xu-ly-ngay-20250514105527385.htm via JSON-LD+Tags
2025-05-14 15:38:43.833 INFO  [Worker-0] c.d.crawler.storage.ArticleStorage [ArticleStorage.java:52] - Saved article: https://dantri.com.vn/kinh-doanh/vingroup-hoa-phat-fpt-thaco-dang-huong-ung-nghi-quyet-68-ra-sao-20250507213546581.htm via JSON-LD+Tags
2025-05-14 15:38:43.834 INFO  [Worker-3] c.d.crawler.storage.ArticleStorage [ArticleStorage.java:52] - Saved article: https://dantri.com.vn/kinh-doanh/khoan-dau-tu-5-nam-cua-cong-ty-ba-nguyen-thanh-phuong-ra-sao-20250505141514341.htm via JSON-LD+Tags
2025-05-14 15:38:43.836 INFO  [Worker-2] c.d.crawler.storage.ArticleStorage [ArticleStorage.java:52] - Saved article: https://tuoitre.vn/ban-quan-tri-chung-cu-khong-the-la-tay-ngang-20250514105043063.htm via JSON-LD+Tags
2025-05-14 15:38:43.837 INFO  [Worker-5] c.d.crawler.storage.ArticleStorage [ArticleStorage.java:52] - Saved article: https://tuoitre.vn/lan-dau-csgt-tp-hcm-to-chuc-sat-hach-nhieu-thi-sinh-dang-ky-tu-3-6-thang-vui-mung-20250514105005599.htm via JSON-LD+Tags
2025-05-14 15:38:44.006 INFO  [Worker-1] c.d.crawler.storage.ArticleStorage [ArticleStorage.java:52] - Saved article: https://dantri.com.vn/bat-dong-san/ong-trum-hoang-quan-noi-ve-thach-thuc-lam-40000-can-nha-o-xa-hoi-20250510132828607.htm via JSON-LD+Tags
2025-05-14 15:38:44.056 INFO  [Worker-4] c.d.crawler.storage.ArticleStorage [ArticleStorage.java:52] - Saved article: https://tuoitre.vn/loat-vu-an-sua-gia-thuoc-gia-thuc-pham-gia-lon-dien-hinh-duoc-bao-cao-thu-tuong-20250514112750052.htm via JSON-LD+Tags
2025-05-14 15:38:44.132 INFO  [Worker-5] c.d.crawler.storage.ArticleStorage [ArticleStorage.java:52] - Saved article: https://tuoitre.vn/tin-tuc-sang-14-5-du-kien-giam-50-muc-thu-loat-phi-le-phi-bamboo-capital-bi-phat-20250513110726687.htm via JSON-LD+Tags
2025-05-14 15:38:44.306 INFO  [Worker-2] c.d.crawler.storage.ArticleStorage [ArticleStorage.java:52] - Saved article: https://dantri.com.vn/kinh-doanh/zestech-cung-cap-giai-phap-cong-nghe-o-to-tai-viet-nam-20250513184010487.htm via JSON-LD+Tags
2025-05-14 15:38:44.317 INFO  [Worker-4] c.d.crawler.storage.ArticleStorage [ArticleStorage.java:52] - Saved article: https://dantri.com.vn/kinh-doanh/thu-tuong-doi-moi-sang-tao-phat-trien-kinh-te-tu-nhan-khong-co-gioi-han-20250508221800096.htm via JSON-LD+Tags
2025-05-14 15:38:44.323 INFO  [Worker-3] c.d.crawler.storage.ArticleStorage [ArticleStorage.java:52] - Saved article: https://tuoitre.vn/vi-sao-dot-ngap-20250513083841719.htm via JSON-LD+Tags
2025-05-14 15:38:44.389 INFO  [Worker-5] c.d.crawler.storage.ArticleStorage [ArticleStorage.java:52] - Saved article: https://dantri.com.vn/kinh-doanh/quy-kinh-doanh-am-dam-cua-loat-ong-lon-petrolimex-pv-oil-binh-son-20250507230048984.htm via JSON-LD+Tags
2025-05-14 15:38:44.582 INFO  [Worker-2] c.d.crawler.storage.ArticleStorage [ArticleStorage.java:52] - Saved article: https://tuoitre.vn/theo-trend-long-se-dieu-20250510080243069.htm via JSON-LD+Tags
2025-05-14 15:38:44.699 INFO  [Worker-5] c.d.crawler.storage.ArticleStorage [ArticleStorage.java:52] - Saved article: https://dantri.com.vn/kinh-doanh/ho-so-cong-ty-cua-chong-doan-di-bang-phan-phoi-dau-goi-dau-bi-thu-hoi-20250507215544219.htm via JSON-LD+Tags
2025-05-14 15:38:44.720 INFO  [Worker-1] c.d.crawler.storage.ArticleStorage [ArticleStorage.java:52] - Saved article: https://dantri.com.vn/kinh-doanh/trinh-co-che-chinh-sach-phat-trien-kinh-te-tu-nhan-ngay-tai-ky-hop-thu-9-20250507193817612.htm via JSON-LD+Tags
2025-05-14 15:38:44.728 INFO  [Worker-3] c.d.crawler.storage.ArticleStorage [ArticleStorage.java:52] - Saved article: https://tuoitre.vn/het-loi-tai-troi-20250506110426456.htm via JSON-LD+Tags
2025-05-14 15:38:44.746 INFO  [Worker-0] c.d.crawler.storage.ArticleStorage [ArticleStorage.java:52] - Saved article: https://tuoitre.vn/khoi-cong-xoa-ron-ngap-nguyen-van-khoi-quan-go-vap-mong-hoan-thanh-som-cho-dan-do-kho-20250514090855369.htm via JSON-LD+Tags
2025-05-14 15:38:44.784 INFO  [Worker-4] c.d.crawler.storage.ArticleStorage [ArticleStorage.java:52] - Saved article: https://tuoitre.vn/tam-dinh-chi-cong-tac-can-bo-cong-an-phuong-bi-to-danh-nguoi-20250513214150845.htm via JSON-LD+Tags
2025-05-14 15:38:45.019 INFO  [Worker-0] c.d.crawler.storage.ArticleStorage [ArticleStorage.java:52] - Saved article: https://tuoitre.vn/loi-cam-on-tu-trai-tim-cua-nguoi-thuong-binh-nghe-an-20250511122546704.htm via JSON-LD+Tags
2025-05-14 15:38:45.077 INFO  [Worker-2] c.d.crawler.storage.ArticleStorage [ArticleStorage.java:52] - Saved article: https://tuoitre.vn/phim-viet-da-nhieu-tram-ti-20250513084248431.htm via JSON-LD+Tags
2025-05-14 15:38:45.234 INFO  [Worker-5] c.d.crawler.storage.ArticleStorage [ArticleStorage.java:52] - Saved article: https://tuoitre.vn/de-moi-gia-dinh-sinh-2-con-khong-chi-la-khau-hieu-20250512075500994.htm via JSON-LD+Tags
2025-05-14 15:38:45.820 INFO  [Worker-0] c.d.crawler.storage.ArticleStorage [ArticleStorage.java:52] - Saved article: https://vietnamnet.vn/cong-doan-kh-cn-phat-dong-thi-dua-doi-moi-sang-tao-va-chuyen-doi-so-2399421.html via JSON-LD+Tags
2025-05-14 15:38:45.860 INFO  [Worker-5] c.d.crawler.storage.ArticleStorage [ArticleStorage.java:52] - Saved article: https://vietnamnet.vn/ra-mat-lien-minh-nhan-luc-chien-luoc-thuc-thi-nghi-quyet-57-2398765.html via JSON-LD+Tags
2025-05-14 15:38:45.879 INFO  [Worker-4] c.d.crawler.storage.ArticleStorage [ArticleStorage.java:52] - Saved article: https://vietnamnet.vn/nha-khoa-hoc-tu-nuoc-ngoai-ve-muon-cong-hien-nhung-luong-he-so-2-34-thi-kho-giu-chan-2397997.html via JSON-LD+Tags
2025-05-14 15:38:45.948 INFO  [Worker-3] c.d.crawler.storage.ArticleStorage [ArticleStorage.java:52] - Saved article: https://vietnamnet.vn/mobifone-se-la-doanh-nghiep-truc-tiep-phuc-vu-quoc-phong-an-ninh-2392114.html via JSON-LD+Tags
2025-05-14 15:38:45.971 INFO  [Worker-1] c.d.crawler.storage.ArticleStorage [ArticleStorage.java:52] - Saved article: https://vietnamnet.vn/tong-bi-thu-doi-moi-sang-tao-la-cay-gay-than-dat-toi-thinh-vuong-ben-vung-2391931.html via JSON-LD+Tags
2025-05-14 15:38:46.279 INFO  [Worker-5] c.d.crawler.storage.ArticleStorage [ArticleStorage.java:52] - Saved article: https://vietnamnet.vn/xay-dung-co-che-dac-thu-trong-dung-tri-thuc-viet-kieu-chuyen-gia-quoc-te-2391252.html via JSON-LD+Tags
2025-05-14 15:38:46.284 INFO  [Worker-1] c.d.crawler.storage.ArticleStorage [ArticleStorage.java:52] - Saved article: https://vietnamnet.vn/neu-cu-nghien-cuu-ai-mai-chung-ta-se-nhu-dung-truoc-dai-duong-menh-mong-2389634.html via JSON-LD+Tags
2025-05-14 15:38:46.284 INFO  [Worker-4] c.d.crawler.storage.ArticleStorage [ArticleStorage.java:52] - Saved article: https://vietnamnet.vn/trong-ky-nguyen-moi-viet-nam-muon-trung-quoc-chuyen-giao-cong-nghe-2390120.html via JSON-LD+Tags
2025-05-14 15:38:46.517 INFO  [Worker-0] c.d.crawler.storage.ArticleStorage [ArticleStorage.java:52] - Saved article: https://vietnamnet.vn/ra-mat-nen-tang-ton-vinh-lan-toa-cac-sang-kien-make-in-vietnam-2389344.html via JSON-LD+Tags
2025-05-14 15:38:46.527 INFO  [Worker-3] c.d.crawler.storage.ArticleStorage [ArticleStorage.java:52] - Saved article: https://vietnamnet.vn/chinh-phu-dat-muc-tieu-cu-4-lanh-dao-co-1-nguoi-chuyen-mon-khoa-hoc-ky-thuat-2389108.html via JSON-LD+Tags
2025-05-14 15:38:46.572 INFO  [Worker-5] c.d.crawler.storage.ArticleStorage [ArticleStorage.java:52] - Saved article: https://vietnamnet.vn/sep-cong-ty-tai-chinh-bao-hiem-khang-dinh-ai-la-su-song-con-voi-doanh-nghiep-2388803.html via JSON-LD+Tags
2025-05-14 15:38:46.620 INFO  [Worker-1] c.d.crawler.storage.ArticleStorage [ArticleStorage.java:52] - Saved article: https://vietnamnet.vn/uy-vien-bo-chinh-tri-ban-bi-thu-can-tien-phong-cap-nhat-khoa-hoc-cong-nghe-2386732.html via JSON-LD+Tags
2025-05-14 15:38:46.706 INFO  [Worker-4] c.d.crawler.storage.ArticleStorage [ArticleStorage.java:52] - Saved article: https://vietnamnet.vn/my-ap-thue-khong-anh-huong-den-doanh-nghiep-cong-nghe-viet-nam-2387522.html via JSON-LD+Tags
2025-05-14 15:38:46.831 INFO  [Worker-3] c.d.crawler.storage.ArticleStorage [ArticleStorage.java:52] - Saved article: https://vietnamnet.vn/thu-tuong-pham-minh-chinh-binh-dan-hoc-vu-so-la-xoa-mu-chuyen-doi-so-2384764.html via JSON-LD+Tags
2025-05-14 15:38:47.059 INFO  [Worker-5] c.d.crawler.storage.ArticleStorage [ArticleStorage.java:52] - Saved article: https://vietnamnet.vn/tong-bi-thu-to-lam-du-lieu-la-trung-tam-cua-chuyen-doi-so-2383423.html via JSON-LD+Tags
2025-05-14 15:38:47.316 INFO  [Worker-0] c.d.crawler.storage.ArticleStorage [ArticleStorage.java:52] - Saved article: https://vietnamnet.vn/bo-truong-luong-tam-quang-lam-chu-tich-hiep-hoi-du-lieu-quoc-gia-2383270.html via JSON-LD+Tags
2025-05-14 15:38:47.427 INFO  [Worker-5] c.d.crawler.storage.ArticleStorage [ArticleStorage.java:52] - Saved article: https://vietnamnet.vn/sieu-tri-tue-viet-o-google-phat-trien-cong-nghe-phai-tao-ra-nguoi-xuat-chung-2382077.html via JSON-LD+Tags
2025-05-14 15:38:47.465 INFO  [Worker-4] c.d.crawler.storage.ArticleStorage [ArticleStorage.java:52] - Saved article: https://vietnamnet.vn/de-co-nhan-luc-chat-luong-cao-truong-dai-hoc-khong-chi-la-thap-nga-2381068.html via JSON-LD+Tags
2025-05-14 15:38:47.718 INFO  [Worker-3] c.d.crawler.storage.ArticleStorage [ArticleStorage.java:52] - Saved article: https://vnexpress.net/be-gai-hoc-keo-lac-ngung-tim-4885813.html via JSON-LD+Tags
2025-05-14 15:38:47.835 INFO  [Worker-1] c.d.crawler.storage.ArticleStorage [ArticleStorage.java:52] - Saved article: https://vietnamnet.vn/khong-yeu-cau-nguoi-dan-doanh-nghiep-phai-xuat-trinh-giay-to-da-so-hoa-2380977.html via JSON-LD+Tags
2025-05-14 15:38:47.908 INFO  [Worker-4] c.d.crawler.storage.ArticleStorage [ArticleStorage.java:52] - Saved article: https://vnexpress.net/ca-covid-19-o-viet-nam-tang-nhe-4885728.html via JSON-LD+Tags
2025-05-14 15:38:47.929 INFO  [Worker-5] c.d.crawler.storage.ArticleStorage [ArticleStorage.java:52] - Saved article: https://vietnamnet.vn/viet-nam-muon-cung-lam-cung-huong-cung-thang-voi-cac-tap-doan-ban-dan-ai-2380783.html via JSON-LD+Tags
2025-05-14 15:38:48.117 INFO  [Worker-3] c.d.crawler.storage.ArticleStorage [ArticleStorage.java:52] - Saved article: https://vietnamnet.vn/tim-than-dong-thiet-ke-do-hoa-viet-nam-de-tranh-tai-tai-my-2381280.html via JSON-LD+Tags
2025-05-14 15:38:48.258 INFO  [Worker-4] c.d.crawler.storage.ArticleStorage [ArticleStorage.java:52] - Saved article: https://vietnamnet.vn/tien-si-nguoi-viet-o-google-viet-nam-nen-lam-thiet-ke-chip-2380548.html via JSON-LD+Tags
2025-05-14 15:38:48.549 INFO  [Worker-0] c.d.crawler.storage.ArticleStorage [ArticleStorage.java:52] - Saved article: https://vietnamnet.vn/viet-nam-tro-thanh-diem-den-hap-dan-cho-nganh-cong-nghiep-ban-dan-va-ai-toan-cau-2380287.html via JSON-LD+Tags
2025-05-14 15:38:48.555 INFO  [Worker-5] c.d.crawler.storage.ArticleStorage [ArticleStorage.java:52] - Saved article: https://vnexpress.net/benh-nhan-vua-mo-nao-vua-nho-ve-thoi-nhap-ngu-4885199.html via JSON-LD+Tags
2025-05-14 15:38:48.640 INFO  [Worker-3] c.d.crawler.storage.ArticleStorage [ArticleStorage.java:52] - Saved article: https://vietnamnet.vn/khong-can-do-nhieu-tien-viet-nam-van-co-cach-rieng-de-theo-duoi-ai-ban-dan-2380019.html via JSON-LD+Tags
2025-05-14 15:38:48.719 INFO  [Worker-4] c.d.crawler.storage.ArticleStorage [ArticleStorage.java:52] - Saved article: https://vnexpress.net/giao-su-oxford-de-xuat-viet-nam-dung-ai-chan-sot-xuat-huyet-tu-som-4882925.html via JSON-LD+Tags
2025-05-14 15:38:48.969 INFO  [Worker-5] c.d.crawler.storage.ArticleStorage [ArticleStorage.java:52] - Saved article: https://vietnamnet.vn/co-hoi-tan-dung-nguon-luc-100-ty-usd-tu-17-trieu-nguoi-so-huu-tai-san-so-2379060.html via JSON-LD+Tags
2025-05-14 15:38:49.020 INFO  [Worker-4] c.d.crawler.storage.ArticleStorage [ArticleStorage.java:52] - Saved article: https://vnexpress.net/3-vat-dung-quen-thuoc-trong-phong-tam-gay-hai-suc-khoe-4885327.html via JSON-LD+Tags
2025-05-14 15:38:49.031 INFO  [Worker-1] c.d.crawler.storage.ArticleStorage [ArticleStorage.java:52] - Saved article: https://vnexpress.net/ban-xuat-huyet-schonlein-henoch-am-tham-gay-ton-thuong-than-tre-em-4885770.html via JSON-LD+Tags
2025-05-14 15:38:49.088 INFO  [Worker-0] c.d.crawler.storage.ArticleStorage [ArticleStorage.java:52] - Saved article: https://vietnamnet.vn/thiet-bi-made-in-vietnam-giup-phi-cong-nhan-biet-duong-bang-o-khoang-cach-400km-2378030.html via JSON-LD+Tags
2025-05-14 15:38:49.095 INFO  [Worker-3] c.d.crawler.storage.ArticleStorage [ArticleStorage.java:52] - Saved article: https://vietnamnet.vn/dai-hoc-tu-nhan-bo-tien-tui-dau-tu-trung-tam-ve-cong-nghe-ban-dan-2377545.html via JSON-LD+Tags
2025-05-14 15:38:49.312 INFO  [Worker-4] c.d.crawler.storage.ArticleStorage [ArticleStorage.java:52] - Saved article: https://vnexpress.net/cach-phan-biet-viem-ruot-thua-voi-cac-benh-dau-bung-khac-4885412.html via JSON-LD+Tags
2025-05-14 15:38:49.642 INFO  [Worker-1] c.d.crawler.storage.ArticleStorage [ArticleStorage.java:52] - Saved article: https://vnexpress.net/dau-hieu-canh-bao-som-sa-sut-tri-tue-4885324.html via JSON-LD+Tags
2025-05-14 15:38:49.821 INFO  [Worker-3] c.d.crawler.storage.ArticleStorage [ArticleStorage.java:52] - Saved article: https://vnexpress.net/bi-tran-dich-mang-phoi-nen-an-uong-the-nao-4885883.html via JSON-LD+Tags
2025-05-14 15:38:49.958 INFO  [Worker-1] c.d.crawler.storage.ArticleStorage [ArticleStorage.java:52] - Saved article: https://vnexpress.net/kiem-tra-de-biet-nguyen-nhan-tang-huyet-ap-4885734.html via JSON-LD+Tags
2025-05-14 15:38:50.035 INFO  [Worker-4] c.d.crawler.storage.ArticleStorage [ArticleStorage.java:52] - Saved article: https://vnexpress.net/vet-loet-lau-lanh-o-luoi-co-phai-ung-thu-4885802.html via JSON-LD+Tags
2025-05-14 15:38:50.060 INFO  [Worker-5] c.d.crawler.storage.ArticleStorage [ArticleStorage.java:52] - Saved article: https://vnexpress.net/run-tay-co-phai-dau-hieu-benh-tuyen-giap-4885703.html via JSON-LD+Tags
2025-05-14 15:38:50.124 INFO  [Worker-3] c.d.crawler.storage.ArticleStorage [ArticleStorage.java:52] - Saved article: https://vnexpress.net/nhoi-mau-co-tim-o-tuoi-30-4885639.html via JSON-LD+Tags
2025-05-14 15:38:50.162 INFO  [Worker-0] c.d.crawler.storage.ArticleStorage [ArticleStorage.java:52] - Saved article: https://vnexpress.net/phuong-phap-dieu-tri-sa-truc-trang-cho-tre-4885707.html via JSON-LD+Tags
2025-05-14 15:38:50.286 INFO  [Worker-1] c.d.crawler.storage.ArticleStorage [ArticleStorage.java:52] - Saved article: https://vnexpress.net/quyet-tam-giam-can-sau-hai-lan-phau-thuat-4885436.html via JSON-LD+Tags
2025-05-14 15:38:50.321 INFO  [Worker-4] c.d.crawler.storage.ArticleStorage [ArticleStorage.java:52] - Saved article: https://vnexpress.net/kieng-tam-dem-co-giup-phong-ung-thu-phoi-4885688.html via JSON-LD+Tags
2025-05-14 15:38:50.429 INFO  [Worker-5] c.d.crawler.storage.ArticleStorage [ArticleStorage.java:52] - Saved article: https://vnexpress.net/tuong-ngo-doc-thuc-pham-bat-ngo-phat-hien-ung-thu-4885681.html via JSON-LD+Tags
2025-05-14 15:38:50.472 INFO  [Worker-0] c.d.crawler.storage.ArticleStorage [ArticleStorage.java:52] - Saved article: https://vnexpress.net/hai-lan-vi-phau-tim-tinh-trung-thu-tinh-ong-nghiem-4885642.html via JSON-LD+Tags
2025-05-14 15:38:50.598 INFO  [Worker-1] c.d.crawler.storage.ArticleStorage [ArticleStorage.java:52] - Saved article: https://vnexpress.net/tai-sao-nao-mo-cau-co-the-gay-tu-vong-trong-24-gio-4885538.html via JSON-LD+Tags
2025-05-14 15:38:50.633 INFO  [Worker-4] c.d.crawler.storage.ArticleStorage [ArticleStorage.java:52] - Saved article: https://vnexpress.net/tap-the-duc-co-giup-ngu-ngon-4885430.html via JSON-LD+Tags
2025-05-14 15:38:50.638 INFO  [Worker-3] c.d.crawler.storage.ArticleStorage [ArticleStorage.java:52] - Saved article: https://vnexpress.net/9-nguoi-mot-gia-dinh-bi-benh-than-di-truyen-4885402.html via JSON-LD+Tags
2025-05-14 15:38:50.731 INFO  [Worker-5] c.d.crawler.storage.ArticleStorage [ArticleStorage.java:52] - Saved article: https://vnexpress.net/suy-than-giai-doan-cuoi-o-tuoi-27-4885489.html via JSON-LD+Tags
2025-05-14 15:38:50.798 INFO  [Worker-0] c.d.crawler.storage.ArticleStorage [ArticleStorage.java:52] - Saved article: https://vnexpress.net/dot-quy-o-tuoi-23-4885383.html via JSON-LD+Tags
2025-05-14 15:38:50.880 INFO  [Worker-1] c.d.crawler.storage.ArticleStorage [ArticleStorage.java:52] - Saved article: https://vnexpress.net/chang-trai-tu-vong-nghi-do-dien-giat-khi-bom-nuoc-4885333.html via JSON-LD+Tags
2025-05-14 15:38:50.942 INFO  [Worker-4] c.d.crawler.storage.ArticleStorage [ArticleStorage.java:52] - Saved article: https://vnexpress.net/chuoi-nha-thuoc-thu-hoi-4-san-pham-cua-cong-ty-san-xuat-hang-gia-4885322.html via JSON-LD+Tags
2025-05-14 15:38:50.942 INFO  [Worker-3] c.d.crawler.storage.ArticleStorage [ArticleStorage.java:52] - Saved article: https://vnexpress.net/bao-hanh-blouse-trang-van-nan-toan-cau-4884901.html via JSON-LD+Tags
2025-05-14 15:38:51.009 INFO  [Worker-5] c.d.crawler.storage.ArticleStorage [ArticleStorage.java:52] - Saved article: https://vnexpress.net/do-tuoi-mac-dot-quy-o-viet-nam-tre-hon-the-gioi-10-nam-4884467.html via JSON-LD+Tags
2025-05-14 15:38:51.063 INFO  [Worker-0] c.d.crawler.storage.ArticleStorage [ArticleStorage.java:52] - Saved article: https://vnexpress.net/bien-chung-sau-nang-mui-bang-chi-4885150.html via JSON-LD+Tags
2025-05-14 15:38:51.175 INFO  [Worker-1] c.d.crawler.storage.ArticleStorage [ArticleStorage.java:52] - Saved article: https://vnexpress.net/tai-xe-xe-om-ban-mang-4884577.html via JSON-LD+Tags
2025-05-14 15:38:51.219 INFO  [Worker-3] c.d.crawler.storage.ArticleStorage [ArticleStorage.java:52] - Saved article: https://vnexpress.net/bo-qua-not-ruoi-la-nguoi-phu-nu-suyt-mat-mang-vi-ung-thu-da-4884970.html via JSON-LD+Tags
2025-05-14 15:38:51.258 INFO  [Worker-4] c.d.crawler.storage.ArticleStorage [ArticleStorage.java:52] - Saved article: https://vnexpress.net/uong-chanh-lieu-cao-rui-ro-kho-luong-4884878.html via JSON-LD+Tags
2025-05-14 15:38:51.341 INFO  [Worker-0] c.d.crawler.storage.ArticleStorage [ArticleStorage.java:52] - Saved article: https://vnexpress.net/be-14-tuoi-da-chan-thuong-do-binh-ga-mini-phat-no-4885242.html via JSON-LD+Tags
2025-05-14 15:38:51.468 INFO  [Worker-2] c.d.crawler.storage.ArticleStorage [ArticleStorage.java:52] - Saved article: https://vnexpress.net/co-nen-uong-nhieu-nuoc-de-giam-nhiet-4883283.html via JSON-LD+Tags
2025-05-14 15:38:51.499 INFO  [Worker-3] c.d.crawler.storage.ArticleStorage [ArticleStorage.java:52] - Saved article: https://vnexpress.net/ly-do-khien-nam-gioi-suy-giam-chuc-nang-tinh-duc-4884333.html via JSON-LD+Tags
2025-05-14 15:38:51.551 INFO  [Worker-4] c.d.crawler.storage.ArticleStorage [ArticleStorage.java:52] - Saved article: https://vnexpress.net/nhieu-nguoi-tiem-phong-dai-khi-chua-bi-cho-can-4885499.html via JSON-LD+Tags
2025-05-14 15:38:51.626 INFO  [Worker-0] c.d.crawler.storage.ArticleStorage [ArticleStorage.java:52] - Saved article: https://vnexpress.net/5-nhom-thuc-pham-giup-giam-cholesterol-4885254.html via JSON-LD+Tags
2025-05-14 15:38:51.784 INFO  [Worker-2] c.d.crawler.storage.ArticleStorage [ArticleStorage.java:52] - Saved article: https://vnexpress.net/loi-ich-cua-am-thanh-thien-nhien-voi-nao-4884570.html via JSON-LD+Tags
2025-05-14 15:38:51.824 INFO  [Worker-3] c.d.crawler.storage.ArticleStorage [ArticleStorage.java:52] - Saved article: https://vnexpress.net/dieu-gi-xay-ra-khi-thai-doc-gan-sai-cach-4885374.html via JSON-LD+Tags
2025-05-14 15:38:51.849 INFO  [Worker-4] c.d.crawler.storage.ArticleStorage [ArticleStorage.java:52] - Saved article: https://vnexpress.net/loi-ich-cua-vitamin-d-voi-phu-nu-man-kinh-4885227.html via JSON-LD+Tags
2025-05-14 15:38:51.939 INFO  [Worker-0] c.d.crawler.storage.ArticleStorage [ArticleStorage.java:52] - Saved article: https://vnexpress.net/nuoi-day-tre-tang-dong-giam-chu-y-the-nao-4885421.html via JSON-LD+Tags
2025-05-14 15:38:52.083 INFO  [Worker-2] c.d.crawler.storage.ArticleStorage [ArticleStorage.java:52] - Saved article: https://vnexpress.net/che-do-an-tot-cho-khop-trong-mua-nong-4885363.html via JSON-LD+Tags
2025-05-14 15:38:52.112 INFO  [Worker-3] c.d.crawler.storage.ArticleStorage [ArticleStorage.java:52] - Saved article: https://vnexpress.net/loi-ich-suc-khoe-cua-ot-cay-4885198.html via JSON-LD+Tags
2025-05-14 15:38:52.166 INFO  [Worker-4] c.d.crawler.storage.ArticleStorage [ArticleStorage.java:52] - Saved article: https://vnexpress.net/uong-nuoc-chanh-giam-ho-the-nao-4885360.html via JSON-LD+Tags
2025-05-14 15:38:52.176 INFO  [Worker-1] c.d.crawler.storage.ArticleStorage [ArticleStorage.java:52] - Saved article: https://vnexpress.net/mun-trung-ca-dai-dang-co-phai-do-roi-loan-noi-tiet-to-4885371.html via JSON-LD+Tags
2025-05-14 15:38:52.223 INFO  [Worker-5] c.d.crawler.storage.ArticleStorage [ArticleStorage.java:52] - Saved article: https://vnexpress.net/ung-thu-va-viem-bang-quang-khac-nhau-the-nao-4885188.html via JSON-LD+Tags
2025-05-14 15:38:52.515 INFO  [Worker-5] c.d.crawler.storage.ArticleStorage [ArticleStorage.java:52] - Saved article: https://dantri.com.vn/kinh-doanh/cach-don-gian-giup-ban-hao-hung-quay-lai-lam-viec-sau-ky-nghi-le-20250504124245882.htm via JSON-LD+Tags
2025-05-14 15:38:52.572 INFO  [Worker-0] c.d.crawler.storage.ArticleStorage [ArticleStorage.java:52] - Saved article: https://dantri.com.vn/kinh-doanh/ai-khien-bang-dai-hoc-tro-nen-loi-thoi-trong-mat-gen-z-20250428195859850.htm via JSON-LD+Tags
2025-05-14 15:38:52.663 INFO  [Worker-2] c.d.crawler.storage.ArticleStorage [ArticleStorage.java:52] - Saved article: https://dantri.com.vn/kinh-doanh/warren-buffett-tiet-lo-13-meo-tien-bac-ai-cung-lam-duoc-de-giau-len-20250429224252223.htm via JSON-LD+Tags
2025-05-14 15:38:52.937 INFO  [Worker-1] c.d.crawler.storage.ArticleStorage [ArticleStorage.java:52] - Saved article: https://dantri.com.vn/kinh-doanh/cha-de-chatgpt-tiet-lo-cach-giup-gen-z-khong-bi-ai-cuop-viec-20250429162752102.htm via JSON-LD+Tags
2025-05-14 15:38:52.940 INFO  [Worker-2] c.d.crawler.storage.ArticleStorage [ArticleStorage.java:52] - Saved article: https://dantri.com.vn/kinh-doanh/7-nghe-ai-luong-khung-dang-gay-sot-ban-co-san-sang-but-pha-20250426144224771.htm via JSON-LD+Tags
2025-05-14 15:38:53.018 INFO  [Worker-5] c.d.crawler.storage.ArticleStorage [ArticleStorage.java:52] - Saved article: https://dantri.com.vn/kinh-doanh/nhung-nghe-nghiep-se-bay-mau-dau-tien-khi-ai-thong-tri-20250426160058436.htm via JSON-LD+Tags
2025-05-14 15:38:53.168 INFO  [Worker-4] c.d.crawler.storage.ArticleStorage [ArticleStorage.java:52] - Saved article: https://dantri.com.vn/kinh-doanh/vo-mong-tuoi-30-tai-my-cu-nhan-dung-quay-ban-banh-vi-bao-that-nghiep-20250429220607518.htm via JSON-LD+Tags
2025-05-14 15:38:53.194 INFO  [Worker-3] c.d.crawler.storage.ArticleStorage [ArticleStorage.java:52] - Saved article: https://dantri.com.vn/kinh-doanh/ai-tao-co-hoi-moi-5-nghe-hai-ra-tien-mo-loi-thoat-cho-lan-song-mat-viec-20250428125018537.htm via JSON-LD+Tags
2025-05-14 15:38:53.279 INFO  [Worker-0] c.d.crawler.storage.ArticleStorage [ArticleStorage.java:52] - Saved article: https://dantri.com.vn/kinh-doanh/microsoft-moi-nhan-vien-nghi-viec-voi-4-thang-luong-20250426150737522.htm via JSON-LD+Tags
2025-05-14 15:38:53.451 INFO  [Worker-4] c.d.crawler.storage.ArticleStorage [ArticleStorage.java:52] - Saved article: https://dantri.com.vn/kinh-doanh/dinh-huong-phat-trien-cong-nghe-ai-cua-viet-nam-rat-dung-dan-20250417184609145.htm via JSON-LD+Tags
2025-05-14 15:38:53.456 INFO  [Worker-1] c.d.crawler.storage.ArticleStorage [ArticleStorage.java:52] - Saved article: https://dantri.com.vn/kinh-doanh/2-nghe-tri-thuc-co-nguy-co-tuyet-chung-vi-ai-20250425221305937.htm via JSON-LD+Tags
2025-05-14 15:38:53.687 INFO  [Worker-4] c.d.crawler.storage.ArticleStorage [ArticleStorage.java:52] - Saved article: https://dantri.com.vn/kinh-doanh/gia-dinh-ong-trump-do-bo-crypto-tham-vong-ty-usd-hay-canh-bac-quyen-luc-20250414113258407.htm via JSON-LD+Tags
2025-05-14 15:38:53.715 INFO  [Worker-1] c.d.crawler.storage.ArticleStorage [ArticleStorage.java:52] - Saved article: https://dantri.com.vn/kinh-doanh/warren-buffett-va-bai-hoc-chon-ban-chia-khoa-trieu-usd-cho-gen-z-20250409001030870.htm via JSON-LD+Tags
2025-05-14 15:38:54.258 INFO  [Worker-1] c.d.crawler.storage.ArticleStorage [ArticleStorage.java:52] - Saved article: https://thanhnien.vn/bao-gio-vietnam-airlines-chinh-thuc-don-nha-sang-ga-t3-tan-son-nhat-185250514111246766.htm via JSON-LD+Tags
2025-05-14 15:38:54.326 INFO  [Worker-4] c.d.crawler.storage.ArticleStorage [ArticleStorage.java:52] - Saved article: https://thanhnien.vn/may-bay-cach-dau-nguoi-20m-cuon-bay-du-khach-tam-bien-185250513150942808.htm via JSON-LD+Tags
2025-05-14 15:38:54.360 INFO  [Worker-0] c.d.crawler.storage.ArticleStorage [ArticleStorage.java:52] - Saved article: https://thanhnien.vn/vinh-ha-long-sap-chao-don-sieu-pham-nghi-duong-5-sao-dau-tien-185250512230636544.htm via JSON-LD+Tags
2025-05-14 15:38:54.372 INFO  [Worker-5] c.d.crawler.storage.ArticleStorage [ArticleStorage.java:52] - Saved article: https://thanhnien.vn/len-ban-dao-son-tra-mua-thay-la-ngam-nu-hoang-linh-truong-di-kiem-an-185250512104253917.htm via JSON-LD+Tags
2025-05-14 15:38:54.460 INFO  [Worker-2] c.d.crawler.storage.ArticleStorage [ArticleStorage.java:52] - Saved article: https://thanhnien.vn/he-den-lai-ro-lua-dao-du-lich-hoc-them-185250512222120501.htm via JSON-LD+Tags
2025-05-14 15:38:54.580 INFO  [Worker-1] c.d.crawler.storage.ArticleStorage [ArticleStorage.java:52] - Saved article: https://thanhnien.vn/mot-vong-mon-viet-o-duc-185250509104628474.htm via JSON-LD+Tags
2025-05-14 15:38:54.704 INFO  [Worker-4] c.d.crawler.storage.ArticleStorage [ArticleStorage.java:52] - Saved article: https://thanhnien.vn/san-bay-phu-quoc-se-lot-xac-thanh-canh-chim-phuong-hoang-185250510110732685.htm via JSON-LD+Tags
2025-05-14 15:38:54.810 INFO  [Worker-3] c.d.crawler.storage.ArticleStorage [ArticleStorage.java:52] - Saved article: https://thanhnien.vn/chao-long-viet-nam-trong-danh-sach-mon-chao-ngon-nhat-chau-a-185250512113802068.htm via JSON-LD+Tags
2025-05-14 15:38:54.959 INFO  [Worker-1] c.d.crawler.storage.ArticleStorage [ArticleStorage.java:52] - Saved article: https://thanhnien.vn/du-khach-hoa-thanh-nghe-nhan-theu-ren-det-coi-ma-khong-mat-tien-185250502155229545.htm via JSON-LD+Tags
2025-05-14 15:38:55.013 INFO  [Worker-5] c.d.crawler.storage.ArticleStorage [ArticleStorage.java:52] - Saved article: https://thanhnien.vn/bi-quyet-cua-nhung-quan-bun-cha-ngon-nhat-ha-noi-185250428024740009.htm via JSON-LD+Tags
2025-05-14 15:38:55.035 INFO  [Worker-4] c.d.crawler.storage.ArticleStorage [ArticleStorage.java:52] - Saved article: https://thanhnien.vn/saigontourist-group-va-cac-doi-tac-lien-bang-nga-ky-ket-ghi-nho-hop-tac-phat-trien-185250514104614349.htm via JSON-LD+Tags
2025-05-14 15:38:55.214 INFO  [Worker-2] c.d.crawler.storage.ArticleStorage [ArticleStorage.java:52] - Saved article: https://thanhnien.vn/tram-kiem-soat-ban-dao-son-tra-dung-ma-qr-tuyen-truyen-khong-cho-khi-an-185241207162425843.htm via JSON-LD+Tags
2025-05-14 15:38:55.262 INFO  [Worker-3] c.d.crawler.storage.ArticleStorage [ArticleStorage.java:52] - Saved article: https://thanhnien.vn/vinpearl-hop-tac-voi-4-doanh-nghiep-du-lich-hang-dau-lien-bang-nga-18525051115330629.htm via JSON-LD+Tags
2025-05-14 15:38:55.310 INFO  [Worker-0] c.d.crawler.storage.ArticleStorage [ArticleStorage.java:52] - Saved article: https://thanhnien.vn/viet-nam-chinh-thuc-noi-lai-duong-bay-voi-nga-sau-3-nam-gian-doan-185250509094916518.htm via JSON-LD+Tags
2025-05-14 15:38:55.654 INFO  [Worker-2] c.d.crawler.storage.ArticleStorage [ArticleStorage.java:52] - Saved article: https://thanhnien.vn/vi-sao-du-an-du-lich-460-ti-dong-sau-13-nam-tien-do-chi-dat-hon-5-185250510100245957.htm via JSON-LD+Tags
2025-05-14 15:38:55.679 INFO  [Worker-4] c.d.crawler.storage.ArticleStorage [ArticleStorage.java:52] - Saved article: https://thanhnien.vn/saigontourist-group-xuc-tien-du-lich-tai-nga-don-dau-co-hoi-tang-truong-moi-185250511062643767.htm via JSON-LD+Tags
2025-05-14 15:38:55.699 INFO  [Worker-3] c.d.crawler.storage.ArticleStorage [ArticleStorage.java:52] - Saved article: https://thanhnien.vn/du-lich-viet-but-toc-tren-duong-dua-hut-khach-quoc-te-185250509210308035.htm via JSON-LD+Tags
2025-05-14 15:38:55.739 INFO  [Worker-5] c.d.crawler.storage.ArticleStorage [ArticleStorage.java:52] - Saved article: https://thanhnien.vn/du-khach-me-met-voi-foodtour-hai-phong-185250510213210025.htm via JSON-LD+Tags
2025-05-14 15:38:56.027 INFO  [Worker-2] c.d.crawler.storage.ArticleStorage [ArticleStorage.java:52] - Saved article: https://thanhnien.vn/hai-phong-ban-cach-danh-thuc-thanh-pho-cua-nhung-dong-song-va-cay-cau-nhu-venice-18525042214562134.htm via JSON-LD+Tags
2025-05-14 15:38:56.068 INFO  [Worker-5] c.d.crawler.storage.ArticleStorage [ArticleStorage.java:52] - Saved article: https://thanhnien.vn/kham-pha-10-quoc-gia-co-nhieu-dao-nhat-the-gioi-185250509152712573.htm via JSON-LD+Tags
2025-05-14 15:38:56.305 INFO  [Worker-4] c.d.crawler.storage.ArticleStorage [ArticleStorage.java:52] - Saved article: https://thanhnien.vn/them-hanh-trinh-sang-trong-dua-khach-den-hai-phong-185250510091348063.htm via JSON-LD+Tags
2025-05-14 15:38:56.475 INFO  [Worker-5] c.d.crawler.storage.ArticleStorage [ArticleStorage.java:52] - Saved article: https://thanhnien.vn/huyen-tich-am-tien-se-ghi-danh-xu-thanh-vao-ban-do-du-lich-tam-linh-185250509171746009.htm via JSON-LD+Tags
2025-05-14 15:38:56.575 INFO  [Worker-3] c.d.crawler.storage.ArticleStorage [ArticleStorage.java:52] - Saved article: https://thanhnien.vn/kham-pha-nhung-bi-mat-ve-tuong-phat-cao-nhat-the-gioi-tai-am-tien-185250504112621103.htm via JSON-LD+Tags
2025-05-14 15:38:56.590 INFO  [Worker-0] c.d.crawler.storage.ArticleStorage [ArticleStorage.java:52] - Saved article: https://thanhnien.vn/xe-ngua-cho-du-khach-khong-duoc-hoat-dong-trong-kdl-ho-tuyen-lam-185250509163717712.htm via JSON-LD+Tags
2025-05-14 15:38:56.654 INFO  [Worker-2] c.d.crawler.storage.ArticleStorage [ArticleStorage.java:52] - Saved article: https://thanhnien.vn/da-lat-tiep-tuc-cam-xe-ngua-cho-du-khach-quanh-ho-xuan-huong-185250311171455026.htm via JSON-LD+Tags
2025-05-14 15:38:56.758 INFO  [Worker-4] c.d.crawler.storage.ArticleStorage [ArticleStorage.java:52] - Saved article: https://thanhnien.vn/nha-trang-say-hi-co-gi-de-thu-hut-45-trieu-du-khach-toi-khanh-hoa-he-nay-185250509101648372.htm via JSON-LD+Tags
2025-05-14 15:38:56.953 INFO  [Worker-0] c.d.crawler.storage.ArticleStorage [ArticleStorage.java:52] - Saved article: https://thanhnien.vn/cong-nghiep-van-hoa-thuc-day-du-lich-ninh-binh-cat-canh-185250509130903939.htm via JSON-LD+Tags
2025-05-14 15:38:57.047 INFO  [Worker-5] c.d.crawler.storage.ArticleStorage [ArticleStorage.java:52] - Saved article: https://thanhnien.vn/tour-tham-quan-bien-dao-nha-trang-hut-khach-18525050212562334.htm via JSON-LD+Tags
2025-05-14 15:38:57.096 INFO  [Worker-1] c.d.crawler.storage.ArticleStorage [ArticleStorage.java:52] - Saved article: https://thanhnien.vn/len-nui-ba-den-tron-nong-san-may-185250501211453341.htm via JSON-LD+Tags
2025-05-14 15:38:57.119 INFO  [Worker-2] c.d.crawler.storage.ArticleStorage [ArticleStorage.java:52] - Saved article: https://thanhnien.vn/sun-group-thong-tin-ve-lang-huyen-tich-tren-nui-am-tien-ton-vinh-ba-trieu-185250509102938657.htm via JSON-LD+Tags
2025-05-14 15:38:57.341 INFO  [Worker-3] c.d.crawler.storage.ArticleStorage [ArticleStorage.java:52] - Saved article: https://thanhnien.vn/du-khach-danh-nhau-tu-vong-tren-sieu-du-thuyen-185250507153254696.htm via JSON-LD+Tags
2025-05-14 15:38:57.395 INFO  [Worker-0] c.d.crawler.storage.ArticleStorage [ArticleStorage.java:52] - Saved article: https://thanhnien.vn/sieu-du-thuyen-cho-2300-khach-khoa-than-dang-lenh-denh-tren-bien-185250210154308261.htm via JSON-LD+Tags
2025-05-14 15:38:57.459 INFO  [Worker-1] c.d.crawler.storage.ArticleStorage [ArticleStorage.java:52] - Saved article: https://thanhnien.vn/khach-trung-quoc-den-viet-nam-tang-manh-185250508171405052.htm via JSON-LD+Tags
2025-05-14 15:38:57.462 INFO  [Worker-2] c.d.crawler.storage.ArticleStorage [ArticleStorage.java:52] - Saved article: https://thanhnien.vn/dai-le-du-lich-dai-thang-185250504151359437.htm via JSON-LD+Tags
2025-05-14 15:38:57.495 INFO  [Worker-4] c.d.crawler.storage.ArticleStorage [ArticleStorage.java:52] - Saved article: https://thanhnien.vn/tuong-phat-tren-dinh-nui-am-tien-se-la-tuong-phat-cao-nhat-the-gioi-185250503174155309.htm via JSON-LD+Tags
2025-05-14 15:38:57.530 INFO  [Worker-5] c.d.crawler.storage.ArticleStorage [ArticleStorage.java:52] - Saved article: https://thanhnien.vn/khach-nga-ram-ro-tro-lai-viet-nam-18525040522590065.htm via JSON-LD+Tags
2025-05-14 15:38:57.831 INFO  [Worker-4] c.d.crawler.storage.ArticleStorage [ArticleStorage.java:52] - Saved article: https://thanhnien.vn/ly-do-khien-thai-lan-lo-so-du-lich-viet-nam-vuot-mat-185250506101421001.htm via JSON-LD+Tags
2025-05-14 15:38:57.896 INFO  [Worker-2] c.d.crawler.storage.ArticleStorage [ArticleStorage.java:52] - Saved article: https://thanhnien.vn/nhung-thanh-pho-giau-nhat-the-gioi-nam-2025-185250415102205666.htm via JSON-LD+Tags
2025-05-14 15:38:58.051 INFO  [Worker-1] c.d.crawler.storage.ArticleStorage [ArticleStorage.java:52] - Saved article: https://thanhnien.vn/du-lich-thai-lan-lan-dau-don-khach-trung-quoc-thap-hon-viet-nam-185250507110954007.htm via JSON-LD+Tags
2025-05-14 15:38:58.080 INFO  [Worker-0] c.d.crawler.storage.ArticleStorage [ArticleStorage.java:52] - Saved article: https://thanhnien.vn/bat-dong-san-du-lich-nhu-chu-rua-vuot-duong-dua-185250106163945685.htm via JSON-LD+Tags
2025-05-14 15:38:58.270 INFO  [Worker-3] c.d.crawler.storage.ArticleStorage [ArticleStorage.java:52] - Saved article: https://thanhnien.vn/du-khach-my-chon-viet-nam-trong-4-quoc-gia-yeu-thich-nhat-185250507144424124.htm via JSON-LD+Tags
2025-05-14 15:38:58.794 INFO  [Worker-5] c.d.crawler.storage.ArticleStorage [ArticleStorage.java:52] - Saved article: https://tuoitre.vn/new-york-times-gioi-chuc-israel-am-tham-thua-nhan-dai-gaza-dang-chet-doi-20250514093147563.htm via JSON-LD+Tags
2025-05-14 15:38:58.839 INFO  [Worker-3] c.d.crawler.storage.ArticleStorage [ArticleStorage.java:52] - Saved article: https://tuoitre.vn/ong-trump-va-chiec-boeing-tu-qatar-mon-qua-hao-phong-hay-con-ngua-thanh-troy-20250514095929859.htm via JSON-LD+Tags
2025-05-14 15:38:58.912 INFO  [Worker-2] c.d.crawler.storage.ArticleStorage [ArticleStorage.java:52] - Saved article: https://tuoitre.vn/3-thang-giai-lao-thuong-chien-my-trung-20250514090858249.htm via JSON-LD+Tags
2025-05-14 15:38:58.986 INFO  [Worker-0] c.d.crawler.storage.ArticleStorage [ArticleStorage.java:52] - Saved article: https://tuoitre.vn/co-hoi-nao-cho-dam-phan-istanbul-2-0-2025051323284038.htm via JSON-LD+Tags
2025-05-14 15:38:59.054 INFO  [Worker-5] c.d.crawler.storage.ArticleStorage [ArticleStorage.java:52] - Saved article: https://tuoitre.vn/ong-trump-tro-lai-trung-dong-nhung-toan-tinh-phia-sau-ban-dam-phan-20250512122609749.htm via JSON-LD+Tags
2025-05-14 15:38:59.106 INFO  [Worker-3] c.d.crawler.storage.ArticleStorage [ArticleStorage.java:52] - Saved article: https://tuoitre.vn/tong-bi-thu-to-lam-gap-cong-dong-nguoi-viet-tai-belarus-2025051215025793.htm via JSON-LD+Tags
2025-05-14 15:38:59.223 INFO  [Worker-2] c.d.crawler.storage.ArticleStorage [ArticleStorage.java:52] - Saved article: https://tuoitre.vn/dai-su-quan-viet-nam-tai-an-do-va-pakistan-khuyen-cao-cong-dan-ve-tinh-hinh-an-ninh-20250510181612901.htm via JSON-LD+Tags
2025-05-14 15:38:59.239 INFO  [Worker-0] c.d.crawler.storage.ArticleStorage [ArticleStorage.java:52] - Saved article: https://tuoitre.vn/bo-ngoai-giao-thong-tin-vu-4-nguoi-viet-tu-vong-o-dai-loan-20250506151849176.htm via JSON-LD+Tags
2025-05-14 15:38:59.256 INFO  [Worker-1] c.d.crawler.storage.ArticleStorage [ArticleStorage.java:52] - Saved article: https://tuoitre.vn/nguoi-dan-ong-anh-duoc-minh-oan-sau-khi-phai-ngoi-tu-38-nam-20250514110204401.htm via JSON-LD+Tags
2025-05-14 15:38:59.305 INFO  [Worker-5] c.d.crawler.storage.ArticleStorage [ArticleStorage.java:52] - Saved article: https://tuoitre.vn/nui-lua-philippines-phun-trao-cot-tro-khong-lo-boc-cao-4-5km-20250513120102637.htm via JSON-LD+Tags
2025-05-14 15:38:59.369 INFO  [Worker-3] c.d.crawler.storage.ArticleStorage [ArticleStorage.java:52] - Saved article: https://tuoitre.vn/vu-vuot-nguc-khong-hoi-ket-o-nha-tu-khet-tieng-alcatraz-20250512171608847.htm via JSON-LD+Tags
2025-05-14 15:38:59.425 INFO  [Worker-4] c.d.crawler.storage.ArticleStorage [ArticleStorage.java:52] - Saved article: https://tuoitre.vn/tan-giao-hoang-leo-xiv-tong-hieu-cua-dam-phan-hoa-binh-va-xa-hoi-hien-dai-20250509073312042.htm via JSON-LD+Tags
2025-05-14 15:38:59.476 INFO  [Worker-2] c.d.crawler.storage.ArticleStorage [ArticleStorage.java:52] - Saved article: https://tuoitre.vn/nhung-cuoc-giao-luu-cua-gioi-quy-toc-va-chinh-tri-gia-tai-rome-truoc-ngay-bau-giao-hoang-20250506203258369.htm via JSON-LD+Tags
2025-05-14 15:39:00.434 INFO  [Worker-2] c.d.crawler.storage.ArticleStorage [ArticleStorage.java:52] - Saved article: https://vnexpress.net/tao-nham-loi-tu-dua-tre-bi-bo-roi-den-tan-vuong-co-tuong-4885535.html via JSON-LD+Tags
2025-05-14 15:39:00.622 INFO  [Worker-5] c.d.crawler.storage.ArticleStorage [ArticleStorage.java:52] - Saved article: https://vnexpress.net/harry-kane-nguoi-ta-se-bot-ban-tan-ve-toi-sau-chuc-vo-dich-bundesliga-4885640.html via JSON-LD+Tags
2025-05-14 15:39:00.711 INFO  [Worker-2] c.d.crawler.storage.ArticleStorage [ArticleStorage.java:52] - Saved article: https://vnexpress.net/capello-ancelotti-roi-real-la-dieu-bat-cong-4885776.html via JSON-LD+Tags
2025-05-14 15:39:00.919 INFO  [Worker-4] c.d.crawler.storage.ArticleStorage [ArticleStorage.java:52] - Saved article: https://vnexpress.net/xac-dinh-hai-doi-choi-tran-cau-dat-gia-nhat-the-gioi-4885628.html via JSON-LD+Tags
2025-05-14 15:39:00.991 INFO  [Worker-2] c.d.crawler.storage.ArticleStorage [ArticleStorage.java:52] - Saved article: https://vnexpress.net/nadal-la-vdv-the-thao-vi-dai-nhat-tay-ban-nha-4885636.html via JSON-LD+Tags
2025-05-14 15:39:01.010 INFO  [Worker-5] c.d.crawler.storage.ArticleStorage [ArticleStorage.java:52] - Saved article: https://vnexpress.net/man-utd-khong-dieu-hanh-neu-vo-dich-europa-league-4885577.html via JSON-LD+Tags
2025-05-14 15:39:01.189 INFO  [Worker-4] c.d.crawler.storage.ArticleStorage [ArticleStorage.java:52] - Saved article: https://vnexpress.net/co-vo-tai-sac-cua-thu-mon-szczesny-4885457.html via JSON-LD+Tags
2025-05-14 15:39:01.274 INFO  [Worker-2] c.d.crawler.storage.ArticleStorage [ArticleStorage.java:52] - Saved article: https://vnexpress.net/messi-chon-ban-dep-nhat-de-ung-ho-tu-thien-4885576.html via JSON-LD+Tags
2025-05-14 15:39:01.300 INFO  [Worker-0] c.d.crawler.storage.ArticleStorage [ArticleStorage.java:52] - Saved article: https://vnexpress.net/rodrygo-noi-loan-tai-real-4885574.html via JSON-LD+Tags
2025-05-14 15:39:01.501 INFO  [Worker-4] c.d.crawler.storage.ArticleStorage [ArticleStorage.java:52] - Saved article: https://vnexpress.net/nen-di-bo-sang-som-hay-sau-an-4885275.html via JSON-LD+Tags
2025-05-14 15:39:01.561 INFO  [Worker-2] c.d.crawler.storage.ArticleStorage [ArticleStorage.java:52] - Saved article: https://vnexpress.net/sinner-dat-ty-le-thang-vuot-big-3-4885657.html via JSON-LD+Tags
2025-05-14 15:39:01.610 INFO  [Worker-0] c.d.crawler.storage.ArticleStorage [ArticleStorage.java:52] - Saved article: https://vnexpress.net/alcaraz-vao-tu-ket-rome-masters-4885618.html via JSON-LD+Tags
2025-05-14 15:39:01.685 INFO  [Worker-5] c.d.crawler.storage.ArticleStorage [ArticleStorage.java:52] - Saved article: https://vietnamnet.vn/lam-dong-du-chi-hon-1-100-ty-dong-cho-tren-nghin-can-bo-nghi-viec-som-2401038.html via JSON-LD+Tags
2025-05-14 15:39:01.786 INFO  [Worker-4] c.d.crawler.storage.ArticleStorage [ArticleStorage.java:52] - Saved article: https://vietnamnet.vn/thanh-hoa-xem-xet-bo-tri-uy-vien-ban-thuong-vu-tinh-uy-lam-bi-thu-xa-2401010.html via JSON-LD+Tags
2025-05-14 15:39:01.787 INFO  [Worker-3] c.d.crawler.storage.ArticleStorage [ArticleStorage.java:52] - Saved article: https://vnexpress.net/zuckerberg-khong-hai-long-khi-chay-5km-tren-20-phut-4885583.html via JSON-LD+Tags
2025-05-14 15:39:01.794 INFO  [Worker-1] c.d.crawler.storage.ArticleStorage [ArticleStorage.java:52] - Saved article: https://vnexpress.net/ancelotti-doi-mat-thach-thuc-lich-su-tai-world-cup-4885309.html via JSON-LD+Tags
2025-05-14 15:39:01.838 INFO  [Worker-2] c.d.crawler.storage.ArticleStorage [ArticleStorage.java:52] - Saved article: https://vietnamnet.vn/chay-du-doi-nha-o-quan-cau-giay-nguoi-dan-hoang-loan-thao-chay-2400692.html via JSON-LD+Tags
2025-05-14 15:39:01.885 INFO  [Worker-0] c.d.crawler.storage.ArticleStorage [ArticleStorage.java:52] - Saved article: https://vietnamnet.vn/mua-mua-bao-2025-di-thuong-rat-kho-luong-2400841.html via JSON-LD+Tags
2025-05-14 15:39:02.055 INFO  [Worker-5] c.d.crawler.storage.ArticleStorage [ArticleStorage.java:52] - Saved article: https://vnexpress.net/amorim-tra-tien-cho-nhan-vien-man-utd-xem-chung-ket-europa-league-4885572.html via JSON-LD+Tags
2025-05-14 15:39:02.074 INFO  [Worker-3] c.d.crawler.storage.ArticleStorage [ArticleStorage.java:52] - Saved article: https://vnexpress.net/con-trai-ronaldo-dai-thang-cung-tuyen-u15-bo-dao-nha-4885573.html via JSON-LD+Tags
2025-05-14 15:39:02.118 INFO  [Worker-1] c.d.crawler.storage.ArticleStorage [ArticleStorage.java:52] - Saved article: https://vnexpress.net/dan-sao-clb-thai-lan-dau-cahn-o-chung-ket-dong-nam-a-4885537.html via JSON-LD+Tags
2025-05-14 15:39:02.143 INFO  [Worker-4] c.d.crawler.storage.ArticleStorage [ArticleStorage.java:52] - Saved article: https://vietnamnet.vn/tin-tuong-shipper-nguoi-phu-nu-o-ha-noi-mat-gan-1-ty-dong-2401016.html via JSON-LD+Tags
2025-05-14 15:39:02.146 INFO  [Worker-2] c.d.crawler.storage.ArticleStorage [ArticleStorage.java:52] - Saved article: https://vietnamnet.vn/sieu-am-mat-duong-tim-nguyen-nhan-sut-lun-du-an-hon-1-350-ty-dong-o-nha-trang-2400975.html via JSON-LD+Tags
2025-05-14 15:39:02.183 INFO  [Worker-0] c.d.crawler.storage.ArticleStorage [ArticleStorage.java:52] - Saved article: https://vnexpress.net/ancelotti-cuoc-phieu-luu-tuyet-voi-voi-real-sap-ket-thuc-4885534.html via JSON-LD+Tags
2025-05-14 15:39:02.384 INFO  [Worker-5] c.d.crawler.storage.ArticleStorage [ArticleStorage.java:52] - Saved article: https://vietnamnet.vn/can-nha-co-4-nguoi-dang-ngu-bi-chay-hang-xom-hanh-dong-tuc-thi-2400986.html via JSON-LD+Tags
2025-05-14 15:39:02.408 INFO  [Worker-1] c.d.crawler.storage.ArticleStorage [ArticleStorage.java:52] - Saved article: https://vietnamnet.vn/vu-chan-xe-rac-o-thanh-hoa-chu-tich-ubnd-tp-doi-thoai-voi-nguoi-dan-2400946.html via JSON-LD+Tags
2025-05-14 15:39:02.410 INFO  [Worker-3] c.d.crawler.storage.ArticleStorage [ArticleStorage.java:52] - Saved article: https://vnexpress.net/djokovic-chia-tay-hlv-murray-4885529.html via JSON-LD+Tags
2025-05-14 15:39:02.510 INFO  [Worker-0] c.d.crawler.storage.ArticleStorage [ArticleStorage.java:52] - Saved article: https://vietnamnet.vn/vietnam-airlines-sap-chuyen-toan-bo-duong-bay-noi-dia-sang-ga-t3-tan-son-nhat-2400957.html via JSON-LD+Tags
2025-05-14 15:39:02.592 INFO  [Worker-4] c.d.crawler.storage.ArticleStorage [ArticleStorage.java:52] - Saved article: https://vnexpress.net/hlv-am-chi-al-nassr-da-hay-hon-khi-vang-ronaldo-4885289.html via JSON-LD+Tags
2025-05-14 15:39:02.645 INFO  [Worker-2] c.d.crawler.storage.ArticleStorage [ArticleStorage.java:52] - Saved article: https://vietnamnet.vn/cuu-thu-truong-nguyen-linh-ngoc-bi-de-nghi-phat-tu-treo-2400951.html via JSON-LD+Tags
2025-05-14 15:39:02.729 INFO  [Worker-3] c.d.crawler.storage.ArticleStorage [ArticleStorage.java:52] - Saved article: https://vnexpress.net/theerathon-tu-tin-thang-cong-an-ha-noi-o-chung-ket-dong-nam-a-4885316.html via JSON-LD+Tags
2025-05-14 15:39:02.779 INFO  [Worker-1] c.d.crawler.storage.ArticleStorage [ArticleStorage.java:52] - Saved article: https://vietnamnet.vn/canh-tuong-tram-khoi-rac-do-ve-gay-ap-luc-than-cau-phao-phong-chau-2400773.html via JSON-LD+Tags
2025-05-14 15:39:02.809 INFO  [Worker-5] c.d.crawler.storage.ArticleStorage [ArticleStorage.java:52] - Saved article: https://vnexpress.net/scaloni-chon-ronaldo-bo-maradona-khoi-doi-hinh-vi-dai-4885234.html via JSON-LD+Tags
2025-05-14 15:39:02.964 INFO  [Worker-0] c.d.crawler.storage.ArticleStorage [ArticleStorage.java:52] - Saved article: https://vietnamnet.vn/xac-dinh-nguyen-nhan-2-nguoi-dan-ong-tu-vong-bat-thuong-o-tphcm-2400979.html via JSON-LD+Tags
2025-05-14 15:39:03.047 INFO  [Worker-2] c.d.crawler.storage.ArticleStorage [ArticleStorage.java:52] - Saved article: https://vietnamnet.vn/canh-tuong-cau-can-tho-toi-om-nhu-muc-bao-gio-duoc-xu-ly-2400958.html via JSON-LD+Tags
2025-05-14 15:39:03.064 INFO  [Worker-3] c.d.crawler.storage.ArticleStorage [ArticleStorage.java:52] - Saved article: https://vnexpress.net/psg-kien-nguoc-mbappe-doi-109-trieu-usd-4885194.html via JSON-LD+Tags
2025-05-14 15:39:03.321 INFO  [Worker-1] c.d.crawler.storage.ArticleStorage [ArticleStorage.java:52] - Saved article: https://vietnamnet.vn/tphcm-chi-350-ty-dong-xoa-ron-ngap-nhat-o-quan-go-vap-2400938.html via JSON-LD+Tags
2025-05-14 15:39:03.448 INFO  [Worker-3] c.d.crawler.storage.ArticleStorage [ArticleStorage.java:52] - Saved article: https://vnexpress.net/hlv-cahn-lo-bat-loi-khi-da-luot-ve-chung-ket-dong-nam-a-o-thai-lan-4885330.html via JSON-LD+Tags
2025-05-14 15:39:03.526 INFO  [Worker-4] c.d.crawler.storage.ArticleStorage [ArticleStorage.java:52] - Saved article: https://vietnamnet.vn/giam-doc-cong-an-tp-ha-noi-yeu-cau-lam-ro-phan-anh-ve-cong-an-phuong-duong-noi-2400794.html via JSON-LD+Tags
2025-05-14 15:39:03.576 INFO  [Worker-5] c.d.crawler.storage.ArticleStorage [ArticleStorage.java:52] - Saved article: https://vietnamnet.vn/canh-tuong-khac-thuong-khong-mong-muon-tren-cau-can-tho-2400466.html via JSON-LD+Tags
2025-05-14 15:39:03.775 INFO  [Worker-3] c.d.crawler.storage.ArticleStorage [ArticleStorage.java:52] - Saved article: https://vietnamnet.vn/du-bao-thoi-tiet-14-5-2025-mien-bac-nang-den-33-do-tu-chieu-toi-mua-tro-lai-2400796.html via JSON-LD+Tags
2025-05-14 15:39:03.799 INFO  [Worker-1] c.d.crawler.storage.ArticleStorage [ArticleStorage.java:52] - Saved article: https://vnexpress.net/asics-ra-mat-sieu-giay-dua-nang-129-gram-4884904.html via JSON-LD+Tags
2025-05-14 15:39:03.849 INFO  [Worker-2] c.d.crawler.storage.ArticleStorage [ArticleStorage.java:52] - Saved article: https://vnexpress.net/runner-kenya-di-2-chiec-giay-khac-loai-khi-ve-nhi-giai-half-marathon-4885302.html via JSON-LD+Tags
2025-05-14 15:39:03.959 INFO  [Worker-0] c.d.crawler.storage.ArticleStorage [ArticleStorage.java:52] - Saved article: https://vietnamnet.vn/huy-dong-ca-may-xuc-mo-duong-chua-dam-chay-lon-o-quan-nam-tu-liem-2400819.html via JSON-LD+Tags
2025-05-14 15:39:04.005 INFO  [Worker-4] c.d.crawler.storage.ArticleStorage [ArticleStorage.java:52] - Saved article: https://vnexpress.net/futsal-nu-viet-nam-tan-mong-world-cup-4885301.html via JSON-LD+Tags
2025-05-14 15:39:04.039 INFO  [Worker-5] c.d.crawler.storage.ArticleStorage [ArticleStorage.java:52] - Saved article: https://vietnamnet.vn/ha-noi-xuat-hien-mua-lien-tiep-den-het-chu-nhat-2400712.html via JSON-LD+Tags
2025-05-14 15:39:04.156 INFO  [Worker-1] c.d.crawler.storage.ArticleStorage [ArticleStorage.java:52] - Saved article: https://vnexpress.net/vua-co-tuong-vuong-thien-nhat-nhan-an-tu-gan-3-nam-4885124.html via JSON-LD+Tags
2025-05-14 15:39:04.182 INFO  [Worker-2] c.d.crawler.storage.ArticleStorage [ArticleStorage.java:52] - Saved article: https://vietnamnet.vn/toa-nha-lien-co-quan-gan-700-ty-dong-noi-lam-viec-cua-nhieu-so-o-bac-giang-2399719.html via JSON-LD+Tags
2025-05-14 15:39:04.206 INFO  [Worker-3] c.d.crawler.storage.ArticleStorage [ArticleStorage.java:52] - Saved article: https://vnexpress.net/man-utd-cham-loat-moc-te-hai-o-ngoai-hang-anh-4885075.html via JSON-LD+Tags
2025-05-14 15:39:04.325 INFO  [Worker-0] c.d.crawler.storage.ArticleStorage [ArticleStorage.java:52] - Saved article: https://vnexpress.net/sinner-thang-tran-thu-23-lien-tiep-4885369.html via JSON-LD+Tags
2025-05-14 15:39:04.348 INFO  [Worker-4] c.d.crawler.storage.ArticleStorage [ArticleStorage.java:52] - Saved article: https://vietnamnet.vn/loi-khai-ve-viec-thuc-hien-luat-ngam-cua-chu-tich-tap-doan-thuan-an-2400831.html via JSON-LD+Tags
2025-05-14 15:39:04.429 INFO  [Worker-5] c.d.crawler.storage.ArticleStorage [ArticleStorage.java:52] - Saved article: https://vnexpress.net/real-va-ancelotti-doi-mat-loi-nguyen-tai-la-liga-4885249.html via JSON-LD+Tags
2025-05-14 15:39:04.750 INFO  [Worker-4] c.d.crawler.storage.ArticleStorage [ArticleStorage.java:52] - Saved article: https://vnexpress.net/rashford-duoc-moi-den-barca-sau-loi-binh-ve-yamal-4884854.html via JSON-LD+Tags
2025-05-14 15:39:05.001 INFO  [Worker-2] c.d.crawler.storage.ArticleStorage [ArticleStorage.java:52] - Saved article: https://vnexpress.net/carragher-canh-bao-kha-nang-arteta-bi-sa-thai-mua-toi-4885078.html via JSON-LD+Tags
2025-05-14 15:39:05.037 INFO  [Worker-0] c.d.crawler.storage.ArticleStorage [ArticleStorage.java:52] - Saved article: https://vnexpress.net/yamal-barca-khong-so-real-nhu-cac-doi-khac-4885071.html via JSON-LD+Tags
2025-05-14 15:39:05.074 INFO  [Worker-4] c.d.crawler.storage.ArticleStorage [ArticleStorage.java:52] - Saved article: https://vnexpress.net/hieu-ung-domino-tren-ghe-hlv-khi-alonso-sang-real-4885074.html via JSON-LD+Tags
2025-05-14 15:39:05.284 INFO  [Worker-2] c.d.crawler.storage.ArticleStorage [ArticleStorage.java:52] - Saved article: https://vnexpress.net/al-nassr-thang-9-0-khi-vang-ronaldo-4885076.html via JSON-LD+Tags
2025-05-14 15:39:05.284 INFO  [Worker-5] c.d.crawler.storage.ArticleStorage [ArticleStorage.java:52] - Saved article: https://vnexpress.net/ancelotti-lam-hlv-tuyen-brazil-4885067.html via JSON-LD+Tags
2025-05-14 15:39:05.338 INFO  [Worker-3] c.d.crawler.storage.ArticleStorage [ArticleStorage.java:52] - Saved article: https://vnexpress.net/vi-sao-vdv-viet-nam-tiep-dat-loi-van-doat-hc-vang-world-cup-4885041.html via JSON-LD+Tags
2025-05-14 15:39:05.390 INFO  [Worker-0] c.d.crawler.storage.ArticleStorage [ArticleStorage.java:52] - Saved article: https://vnexpress.net/dien-kinh-viet-nam-gianh-6-hc-vang-o-hong-kong-4885042.html via JSON-LD+Tags
2025-05-14 15:39:05.396 INFO  [Worker-4] c.d.crawler.storage.ArticleStorage [ArticleStorage.java:52] - Saved article: https://vnexpress.net/alonso-dan-dat-real-madrid-4884874.html via JSON-LD+Tags
2025-05-14 15:39:05.587 INFO  [Worker-5] c.d.crawler.storage.ArticleStorage [ArticleStorage.java:52] - Saved article: https://vnexpress.net/tuyen-bong-ban-viet-nam-chay-da-cho-sea-games-tu-giai-vdqg-4885032.html via JSON-LD+Tags
2025-05-14 15:39:05.595 INFO  [Worker-2] c.d.crawler.storage.ArticleStorage [ArticleStorage.java:52] - Saved article: https://vnexpress.net/thomas-muller-nguoi-giai-ma-khong-gian-doc-nhat-cua-bayern-4884725.html via JSON-LD+Tags
2025-05-14 15:39:06.103 INFO  [Worker-4] c.d.crawler.storage.ArticleStorage [ArticleStorage.java:52] - Saved article: https://dantri.com.vn/kinh-doanh/them-mot-cong-ty-da-cap-o-ha-noi-dung-hoat-dong-20250512092807815.htm via JSON-LD+Tags
2025-05-14 15:39:06.130 INFO  [Worker-5] c.d.crawler.storage.ArticleStorage [ArticleStorage.java:52] - Saved article: https://dantri.com.vn/kinh-doanh/nguoi-my-tra-gop-ca-nhu-yeu-pham-khung-hoang-dang-toi-gan-20250512175601911.htm via JSON-LD+Tags
2025-05-14 15:39:06.232 INFO  [Worker-1] c.d.crawler.storage.ArticleStorage [ArticleStorage.java:52] - Saved article: https://dantri.com.vn/kinh-doanh/chim-trong-khung-hoang-vi-thue-quan-boeing-lieu-co-the-tim-lai-ngoi-vuong-20250427235631737.htm via JSON-LD+Tags
2025-05-14 15:39:06.387 INFO  [Worker-0] c.d.crawler.storage.ArticleStorage [ArticleStorage.java:52] - Saved article: https://dantri.com.vn/kinh-doanh/ly-do-gia-dien-tang-len-hon-2200-dongkwh-20250509174107621.htm via JSON-LD+Tags
2025-05-14 15:39:06.583 INFO  [Worker-4] c.d.crawler.storage.ArticleStorage [ArticleStorage.java:52] - Saved article: https://dantri.com.vn/kinh-doanh/gia-dien-tang-48-len-hon-2204-dongkwh-tu-ngay-mai-20250509161919188.htm via JSON-LD+Tags
2025-05-14 15:39:06.615 INFO  [Worker-5] c.d.crawler.storage.ArticleStorage [ArticleStorage.java:52] - Saved article: https://dantri.com.vn/kinh-doanh/gia-xang-dau-giam-tiep-co-loai-giam-gan-700-donglit-20250508095147449.htm via JSON-LD+Tags
2025-05-14 15:39:06.704 INFO  [Worker-1] c.d.crawler.storage.ArticleStorage [ArticleStorage.java:52] - Saved article: https://dantri.com.vn/kinh-doanh/loat-chuyen-bay-chau-a-buoc-phai-huy-khan-cap-chuyen-gi-dang-xay-ra-20250507221143283.htm via JSON-LD+Tags
2025-05-14 15:39:06.873 INFO  [Worker-4] c.d.crawler.storage.ArticleStorage [ArticleStorage.java:52] - Saved article: https://dantri.com.vn/kinh-doanh/dai-su-my-danh-gia-cao-dong-thai-chu-dong-thien-chi-cua-viet-nam-20250507205833219.htm via JSON-LD+Tags
2025-05-14 15:39:06.895 INFO  [Worker-5] c.d.crawler.storage.ArticleStorage [ArticleStorage.java:52] - Saved article: https://dantri.com.vn/kinh-doanh/van-chuyen-trai-phep-vang-tien-te-qua-bien-gioi-gia-tang-20250507135106472.htm via JSON-LD+Tags
2025-05-14 15:39:06.917 INFO  [Worker-0] c.d.crawler.storage.ArticleStorage [ArticleStorage.java:52] - Saved article: https://dantri.com.vn/kinh-doanh/an-do-tan-cong-ten-lua-vao-pakistan-thi-truong-dau-mo-co-rung-chuyen-20250507085941730.htm via JSON-LD+Tags
2025-05-14 15:39:06.977 INFO  [Worker-2] c.d.crawler.storage.ArticleStorage [ArticleStorage.java:52] - Saved article: https://dantri.com.vn/kinh-doanh/sau-vu-sua-gia-ha-noi-yeu-cau-lap-doan-kiem-tra-cac-co-so-san-xuat-sua-20250508070424652.htm via JSON-LD+Tags
2025-05-14 15:39:07.147 INFO  [Worker-5] c.d.crawler.storage.ArticleStorage [ArticleStorage.java:52] - Saved article: https://dantri.com.vn/kinh-doanh/gia-xang-dau-ngay-mai-se-giam-manh-20250507064151141.htm via JSON-LD+Tags
2025-05-14 15:39:07.156 INFO  [Worker-0] c.d.crawler.storage.ArticleStorage [ArticleStorage.java:52] - Saved article: https://dantri.com.vn/kinh-doanh/dien-luc-tphcm-khuyen-nghi-nguoi-dan-tiet-kiem-dien-sau-dieu-chinh-gia-20250513173441702.htm via JSON-LD+Tags
2025-05-14 15:39:07.824 INFO  [Worker-4] c.d.crawler.storage.ArticleStorage [ArticleStorage.java:52] - Saved article: https://thanhnien.vn/nhung-nguoi-ban-y-viet-ve-bac-ho-185250514093117053.htm via JSON-LD+Tags
2025-05-14 15:39:07.833 INFO  [Worker-1] c.d.crawler.storage.ArticleStorage [ArticleStorage.java:52] - Saved article: https://thanhnien.vn/robert-de-niro-nhan-canh-co-vang-danh-du-tai-lien-hoan-phim-cannes-2025-185250514075358219.htm via JSON-LD+Tags
2025-05-14 15:39:07.935 INFO  [Worker-3] c.d.crawler.storage.ArticleStorage [ArticleStorage.java:52] - Saved article: https://thanhnien.vn/vcpmc-len-tieng-khi-bi-to-ngan-chan-pho-bien-ca-khuc-cach-mang-185250513183906693.htm via JSON-LD+Tags
2025-05-14 15:39:07.937 INFO  [Worker-5] c.d.crawler.storage.ArticleStorage [ArticleStorage.java:52] - Saved article: https://thanhnien.vn/nhung-tuyet-tac-thien-nhien-ban-giao-huong-cua-da-song-va-huyen-thoai-185250513231846495.htm via JSON-LD+Tags
2025-05-14 15:39:08.110 INFO  [Worker-2] c.d.crawler.storage.ArticleStorage [ArticleStorage.java:52] - Saved article: https://thanhnien.vn/nhung-hop-com-nghia-tinh-185250506213704342.htm via JSON-LD+Tags
2025-05-14 15:39:08.171 INFO  [Worker-4] c.d.crawler.storage.ArticleStorage [ArticleStorage.java:52] - Saved article: https://thanhnien.vn/hien-dien-2-van-nguoi-vo-danh-bang-tieu-thuyet-do-hoa-185250513223727368.htm via JSON-LD+Tags
2025-05-14 15:39:08.236 INFO  [Worker-5] c.d.crawler.storage.ArticleStorage [ArticleStorage.java:52] - Saved article: https://thanhnien.vn/nhung-bong-hong-lam-nha-san-xuat-phim-cua-dien-anh-viet-185250513225028171.htm via JSON-LD+Tags
2025-05-14 15:39:08.246 INFO  [Worker-3] c.d.crawler.storage.ArticleStorage [ArticleStorage.java:52] - Saved article: https://thanhnien.vn/guong-mat-viet-noi-bat-forbes-my-2025-toi-la-nha-san-xuat-phim-nguoi-viet-nam-185250123202402247.htm via JSON-LD+Tags
2025-05-14 15:39:08.253 INFO  [Worker-1] c.d.crawler.storage.ArticleStorage [ArticleStorage.java:52] - Saved article: https://thanhnien.vn/tieu-thuyet-james-thang-giai-pulitzer-2025-185250506223729015.htm via JSON-LD+Tags
2025-05-14 15:39:08.266 INFO  [Worker-0] c.d.crawler.storage.ArticleStorage [ArticleStorage.java:52] - Saved article: https://thanhnien.vn/con-nhin-thay-nhau-giua-dam-dong-18524123119202658.htm via JSON-LD+Tags
2025-05-14 15:39:08.481 INFO  [Worker-4] c.d.crawler.storage.ArticleStorage [ArticleStorage.java:52] - Saved article: https://thanhnien.vn/hang-nghin-nguoi-cung-ruoc-xa-loi-phat-quanh-ho-guom-185250513212500523.htm via JSON-LD+Tags
2025-05-14 15:39:08.544 INFO  [Worker-2] c.d.crawler.storage.ArticleStorage [ArticleStorage.java:52] - Saved article: https://thanhnien.vn/ngoi-chua-hon-500-nam-tuoi-o-ha-noi-truoc-ngay-cung-nghinh-xa-loi-phat-185250512003603269.htm via JSON-LD+Tags
2025-05-14 15:39:08.552 INFO  [Worker-5] c.d.crawler.storage.ArticleStorage [ArticleStorage.java:52] - Saved article: https://thanhnien.vn/ky-luc-cho-duoc-xac-lap-tai-ngay-hoi-cua-ca-mau-lan-2-185250513103619878.htm via JSON-LD+Tags
2025-05-14 15:39:08.638 INFO  [Worker-1] c.d.crawler.storage.ArticleStorage [ArticleStorage.java:52] - Saved article: https://thanhnien.vn/ca-mau-diem-den-2025-noi-bat-voi-ngay-hoi-cua-185250318172703747.htm via JSON-LD+Tags
2025-05-14 15:39:08.711 INFO  [Worker-3] c.d.crawler.storage.ArticleStorage [ArticleStorage.java:52] - Saved article: https://thanhnien.vn/boi-hoi-nho-vang-son-mot-thuo-cua-san-khau-trong-dong-lan-anh-185250512204459888.htm via JSON-LD+Tags
2025-05-14 15:39:08.787 INFO  [Worker-4] c.d.crawler.storage.ArticleStorage [ArticleStorage.java:52] - Saved article: https://thanhnien.vn/nhung-tuyet-tac-thien-nhien-mang-den-xu-so-than-tien-185250512220219333.htm via JSON-LD+Tags
2025-05-14 15:39:08.867 INFO  [Worker-5] c.d.crawler.storage.ArticleStorage [ArticleStorage.java:52] - Saved article: https://thanhnien.vn/bom-tan-ngoai-lay-lai-suc-hut-tai-rap-viet-185250512214600842.htm via JSON-LD+Tags
2025-05-14 15:39:09.019 INFO  [Worker-3] c.d.crawler.storage.ArticleStorage [ArticleStorage.java:52] - Saved article: https://thanhnien.vn/bom-tan-anime-thanh-guom-diet-quy-vo-han-thanh-ra-rap-viet-18525030920195038.htm via JSON-LD+Tags
2025-05-14 15:39:09.021 INFO  [Worker-1] c.d.crawler.storage.ArticleStorage [ArticleStorage.java:52] - Saved article: https://thanhnien.vn/sao-viet-tro-lai-giang-duong-o-tuoi-ngoai-35-185250512214206786.htm via JSON-LD+Tags
2025-05-14 15:39:09.273 INFO  [Worker-5] c.d.crawler.storage.ArticleStorage [ArticleStorage.java:52] - Saved article: https://thanhnien.vn/nguyen-hai-phong-bo-oi-minh-di-dau-the-nhu-ban-nhac-noi-dai-tinh-cha-con-185250512214113494.htm via JSON-LD+Tags
2025-05-14 15:39:09.347 INFO  [Worker-1] c.d.crawler.storage.ArticleStorage [ArticleStorage.java:52] - Saved article: https://thanhnien.vn/dieu-hanh-xe-hoa-mung-dai-le-phat-dan-185250512184330287.htm via JSON-LD+Tags
2025-05-14 15:39:09.507 INFO  [Worker-2] c.d.crawler.storage.ArticleStorage [ArticleStorage.java:52] - Saved article: https://thanhnien.vn/ky-cong-la-co-khong-lo-ben-bo-song-huong-mung-dai-le-phat-dan-18525050913045019.htm via JSON-LD+Tags
2025-05-14 15:39:09.538 INFO  [Worker-3] c.d.crawler.storage.ArticleStorage [ArticleStorage.java:52] - Saved article: https://thanhnien.vn/nguyen-quang-dung-minh-beta-noi-ve-hanh-trang-can-co-cua-nha-lam-phim-tre-18525051214144679.htm via JSON-LD+Tags
2025-05-14 15:39:09.684 INFO  [Worker-4] c.d.crawler.storage.ArticleStorage [ArticleStorage.java:52] - Saved article: https://thanhnien.vn/vietnamese-shortfilm-2025cinetalkshot-hit-lam-di-dung-so-185250512102030976.htm via JSON-LD+Tags
2025-05-14 15:39:09.705 INFO  [Worker-0] c.d.crawler.storage.ArticleStorage [ArticleStorage.java:52] - Saved article: https://thanhnien.vn/con-duong-tuong-lai-tra-loi-nhieu-cau-hoi-nong-185250512110454171.htm via JSON-LD+Tags
2025-05-14 15:39:09.787 INFO  [Worker-5] c.d.crawler.storage.ArticleStorage [ArticleStorage.java:52] - Saved article: https://thanhnien.vn/maus-va-bong-ma-holocaust-185250509231417774.htm via JSON-LD+Tags
2025-05-14 15:39:09.883 INFO  [Worker-1] c.d.crawler.storage.ArticleStorage [ArticleStorage.java:52] - Saved article: https://thanhnien.vn/khach-quoc-te-hung-thu-voi-non-la-nghe-thuat-cua-nguoi-phu-nu-mien-tay-185250512093549575.htm via JSON-LD+Tags
2025-05-14 15:39:10.007 INFO  [Worker-3] c.d.crawler.storage.ArticleStorage [ArticleStorage.java:52] - Saved article: https://thanhnien.vn/tom-cruise-tiet-lo-nguyen-do-lam-loat-phim-mission-impossible-185250512094633777.htm via JSON-LD+Tags
2025-05-14 15:39:10.131 INFO  [Worker-4] c.d.crawler.storage.ArticleStorage [ArticleStorage.java:52] - Saved article: https://thanhnien.vn/nhung-lan-tom-cruise-doi-dien-tu-than-khi-dong-nhiem-vu-bat-kha-thi-185250510112058303.htm via JSON-LD+Tags
2025-05-14 15:39:10.210 INFO  [Worker-5] c.d.crawler.storage.ArticleStorage [ArticleStorage.java:52] - Saved article: https://thanhnien.vn/nguoi-ket-noi-yeu-thuong-18525050622263862.htm via JSON-LD+Tags
2025-05-14 15:39:10.260 INFO  [Worker-1] c.d.crawler.storage.ArticleStorage [ArticleStorage.java:52] - Saved article: https://thanhnien.vn/chi-tiet-lich-trinh-ruoc-xa-loi-phat-ve-chua-quan-su-185250509105911425.htm via JSON-LD+Tags
2025-05-14 15:39:10.344 INFO  [Worker-2] c.d.crawler.storage.ArticleStorage [ArticleStorage.java:52] - Saved article: https://thanhnien.vn/cong-bo-top-45-cuoc-thi-miss-cosmo-vietnam-2025-185250511214059123.htm via JSON-LD+Tags
2025-05-14 15:39:10.398 INFO  [Worker-3] c.d.crawler.storage.ArticleStorage [ArticleStorage.java:52] - Saved article: https://thanhnien.vn/dan-mang-day-song-khi-a-hau-dao-thi-hien-truot-so-khao-hoa-hau-viet-nam-185250314144105789.htm via JSON-LD+Tags
2025-05-14 15:39:10.460 INFO  [Worker-0] c.d.crawler.storage.ArticleStorage [ArticleStorage.java:52] - Saved article: https://thanhnien.vn/cu-bat-tay-giua-thoi-trang-va-lang-nghe-185250511213117544.htm via JSON-LD+Tags
2025-05-14 15:39:10.631 INFO  [Worker-1] c.d.crawler.storage.ArticleStorage [ArticleStorage.java:52] - Saved article: https://thanhnien.vn/nhung-tuyet-tac-thien-nhien-thac-k50-nang-tho-giua-dai-ngan-185250511214708814.htm via JSON-LD+Tags
2025-05-14 15:39:10.726 INFO  [Worker-2] c.d.crawler.storage.ArticleStorage [ArticleStorage.java:52] - Saved article: https://thanhnien.vn/nuong-bong-tam-gai-tho-cua-nguyen-hong-185250510212553494.htm via JSON-LD+Tags
2025-05-14 15:39:10.862 INFO  [Worker-0] c.d.crawler.storage.ArticleStorage [ArticleStorage.java:52] - Saved article: https://thanhnien.vn/can-canh-lang-mo-vua-le-tuc-tong-185250507155024013.htm via JSON-LD+Tags
2025-05-14 15:39:10.865 INFO  [Worker-4] c.d.crawler.storage.ArticleStorage [ArticleStorage.java:52] - Saved article: https://thanhnien.vn/hoa-giay-tho-cua-ha-minh-185250503161200178.htm via JSON-LD+Tags
2025-05-14 15:39:10.903 INFO  [Worker-3] c.d.crawler.storage.ArticleStorage [ArticleStorage.java:52] - Saved article: https://thanhnien.vn/lop-hoc-ngoi-nha-mo-uoc-cua-co-giao-khuyet-tat-185250509172606931.htm via JSON-LD+Tags
2025-05-14 15:39:11.094 INFO  [Worker-1] c.d.crawler.storage.ArticleStorage [ArticleStorage.java:52] - Saved article: https://thanhnien.vn/nha-van-nguyen-nhat-anh-toat-mo-hoi-khi-tang-chu-ky-cho-fan-thai-lan-185250511112334541.htm via JSON-LD+Tags
2025-05-14 15:39:11.176 INFO  [Worker-5] c.d.crawler.storage.ArticleStorage [ArticleStorage.java:52] - Saved article: https://thanhnien.vn/cac-nha-khao-co-xac-dinh-noi-chon-cat-chua-jesus-185250402180524358.htm via JSON-LD+Tags
2025-05-14 15:39:11.246 INFO  [Worker-2] c.d.crawler.storage.ArticleStorage [ArticleStorage.java:52] - Saved article: https://thanhnien.vn/phat-hien-ngoi-mo-4000-nam-tuoi-o-ai-cap-185250107111355089.htm via JSON-LD+Tags
2025-05-14 15:39:11.269 INFO  [Worker-0] c.d.crawler.storage.ArticleStorage [ArticleStorage.java:52] - Saved article: https://thanhnien.vn/hong-dao-tuan-tran-tai-hop-trong-phim-hop-tac-viet-han-185250508140337201.htm via JSON-LD+Tags
2025-05-14 15:39:11.436 INFO  [Worker-3] c.d.crawler.storage.ArticleStorage [ArticleStorage.java:52] - Saved article: https://thanhnien.vn/cho-mua-xuan-o-lai-yeu-lich-su-bang-chuyen-doi-hay-nhat-185250429110855304.htm via JSON-LD+Tags
2025-05-14 15:39:12.885 INFO  [Worker-5] c.d.crawler.storage.ArticleStorage [ArticleStorage.java:52] - Saved article: https://tuoitre.vn/cuu-thu-truong-bo-tai-nguyen-va-moi-truong-bi-de-nghi-30-36-thang-tu-cho-huong-an-treo-20250514092542991.htm via JSON-LD+Tags
2025-05-14 15:39:12.978 INFO  [Worker-3] c.d.crawler.storage.ArticleStorage [ArticleStorage.java:52] - Saved article: https://tuoitre.vn/nguoi-dan-ong-ra-tay-sat-hai-nu-chu-quan-ca-phe-khai-gi-20250514092000361.htm via JSON-LD+Tags
2025-05-14 15:39:13.064 INFO  [Worker-2] c.d.crawler.storage.ArticleStorage [ArticleStorage.java:52] - Saved article: https://vnexpress.net/cuoc-song-vu-cat-tuong-va-ban-doi-4885340.html via JSON-LD+Tags
2025-05-14 15:39:13.139 INFO  [Worker-5] c.d.crawler.storage.ArticleStorage [ArticleStorage.java:52] - Saved article: https://tuoitre.vn/canh-sat-giao-thong-dak-nong-lien-tiep-bat-hai-vu-trom-cap-tai-san-20250514094120424.htm via JSON-LD+Tags
2025-05-14 15:39:13.240 INFO  [Worker-0] c.d.crawler.storage.ArticleStorage [ArticleStorage.java:52] - Saved article: https://tuoitre.vn/can-nha-hai-tang-bat-ngo-boc-chay-du-doi-20250514091702875.htm via JSON-LD+Tags
2025-05-14 15:39:13.247 INFO  [Worker-3] c.d.crawler.storage.ArticleStorage [ArticleStorage.java:52] - Saved article: https://vnexpress.net/ty-phu-so-huu-loat-co-vat-cua-hoang-de-trung-quoc-4885725.html via JSON-LD+Tags
2025-05-14 15:39:13.336 INFO  [Worker-2] c.d.crawler.storage.ArticleStorage [ArticleStorage.java:52] - Saved article: https://tuoitre.vn/hai-nguoi-dan-ong-tu-vong-bat-thuong-o-huyen-binh-chanh-20250514083926623.htm via JSON-LD+Tags
2025-05-14 15:39:13.442 INFO  [Worker-5] c.d.crawler.storage.ArticleStorage [ArticleStorage.java:52] - Saved article: https://vnexpress.net/phong-do-thoi-trang-cua-y-nhi-tai-miss-world-4885364.html via JSON-LD+Tags
2025-05-14 15:39:13.534 INFO  [Worker-3] c.d.crawler.storage.ArticleStorage [ArticleStorage.java:52] - Saved article: https://tuoitre.vn/nhan-hoi-lo-tiep-tay-cho-hang-gia-nguyen-cuc-truong-an-toan-thuc-pham-bi-khoi-to-20250514074902789.htm via JSON-LD+Tags
2025-05-14 15:39:13.590 INFO  [Worker-2] c.d.crawler.storage.ArticleStorage [ArticleStorage.java:52] - Saved article: https://tuoitre.vn/do-thuoc-tru-co-vao-hop-banh-de-giet-vo-cu-chiem-doat-tai-san-20250513131040279.htm via JSON-LD+Tags
2025-05-14 15:39:13.639 INFO  [Worker-4] c.d.crawler.storage.ArticleStorage [ArticleStorage.java:52] - Saved article: https://tuoitre.vn/truoc-khi-cuop-ngan-hang-o-lam-dong-tau-xa-phien-da-trom-xe-may-20250513112315051.htm via JSON-LD+Tags
2025-05-14 15:39:13.747 INFO  [Worker-5] c.d.crawler.storage.ArticleStorage [ArticleStorage.java:52] - Saved article: https://tuoitre.vn/cho-vay-1-ti-tu-sang-toi-chieu-lay-lai-150-trieu-20250513085425188.htm via JSON-LD+Tags
2025-05-14 15:39:13.778 INFO  [Worker-0] c.d.crawler.storage.ArticleStorage [ArticleStorage.java:52] - Saved article: https://vnexpress.net/my-nhan-mac-vay-cong-kenh-goi-cam-mo-man-cannes-4885565.html via JSON-LD+Tags
2025-05-14 15:39:13.984 INFO  [Worker-4] c.d.crawler.storage.ArticleStorage [ArticleStorage.java:52] - Saved article: https://vnexpress.net/dan-sao-dong-mau-anh-hung-sau-gan-20-nam-4885477.html via JSON-LD+Tags
2025-05-14 15:39:14.016 INFO  [Worker-5] c.d.crawler.storage.ArticleStorage [ArticleStorage.java:52] - Saved article: https://tuoitre.vn/ly-ruou-day-ma-nghia-tinh-lai-can-20250405082928222.htm via JSON-LD+Tags
2025-05-14 15:39:14.090 INFO  [Worker-0] c.d.crawler.storage.ArticleStorage [ArticleStorage.java:52] - Saved article: https://vnexpress.net/robert-de-niro-gay-chu-y-voi-dien-van-mo-man-lhp-cannes-4885623.html via JSON-LD+Tags
2025-05-14 15:39:14.351 INFO  [Worker-0] c.d.crawler.storage.ArticleStorage [ArticleStorage.java:52] - Saved article: https://tuoitre.vn/tong-giam-doc-bo-tron-sang-my-can-cu-nao-de-vien-kiem-sat-buoc-toi-chu-muu-20250328080831617.htm via JSON-LD+Tags
2025-05-14 15:39:14.427 INFO  [Worker-5] c.d.crawler.storage.ArticleStorage [ArticleStorage.java:52] - Saved article: https://vnexpress.net/ly-do-nen-doc-tieu-thuyet-4885140.html via JSON-LD+Tags
2025-05-14 15:39:14.479 INFO  [Worker-4] c.d.crawler.storage.ArticleStorage [ArticleStorage.java:52] - Saved article: https://tuoitre.vn/hang-xom-tu-y-thao-do-duong-day-dien-nha-toi-phai-phan-anh-toi-dau-20250511230657379.htm via JSON-LD+Tags
2025-05-14 15:39:14.539 INFO  [Worker-3] c.d.crawler.storage.ArticleStorage [ArticleStorage.java:52] - Saved article: https://tuoitre.vn/tuong-dang-thay-troi-hanh-dao-nhom-ba-chu-truy-hoi-cuong-doat-tien-nhan-vien-20250314233159803.htm via JSON-LD+Tags
2025-05-14 15:39:14.661 INFO  [Worker-1] c.d.crawler.storage.ArticleStorage [ArticleStorage.java:52] - Saved article: https://tuoitre.vn/cong-ty-no-tien-va-giu-so-bao-hiem-xa-hoi-khi-pha-san-phai-lam-sao-20250506151940543.htm via JSON-LD+Tags
2025-05-14 15:39:14.739 INFO  [Worker-4] c.d.crawler.storage.ArticleStorage [ArticleStorage.java:52] - Saved article: https://tuoitre.vn/sap-xet-xu-thanh-nien-giet-co-gai-bo-vao-vali-roi-phi-tang-tren-nui-vung-tau-20250507150958104.htm via JSON-LD+Tags
2025-05-14 15:39:14.741 INFO  [Worker-5] c.d.crawler.storage.ArticleStorage [ArticleStorage.java:52] - Saved article: https://vnexpress.net/12-nam-gan-bo-cua-johnny-tri-nguyen-nhung-kate-truoc-chia-tay-4885135.html via JSON-LD+Tags
2025-05-14 15:39:14.905 INFO  [Worker-0] c.d.crawler.storage.ArticleStorage [ArticleStorage.java:52] - Saved article: https://vnexpress.net/thanh-duy-toi-ton-thuong-vi-nhung-loi-che-4885496.html via JSON-LD+Tags
2025-05-14 15:39:14.925 INFO  [Worker-3] c.d.crawler.storage.ArticleStorage [ArticleStorage.java:52] - Saved article: https://tuoitre.vn/bat-giam-tai-xe-gay-tai-nan-lam-chet-2-nguoi-tren-quoc-lo-51-20250501114257957.htm via JSON-LD+Tags
2025-05-14 15:39:14.930 INFO  [Worker-1] c.d.crawler.storage.ArticleStorage [ArticleStorage.java:52] - Saved article: https://vnexpress.net/tai-tu-phap-gerard-depardieu-bi-ket-toi-tan-cong-tinh-duc-4885531.html via JSON-LD+Tags
2025-05-14 15:39:15.013 INFO  [Worker-4] c.d.crawler.storage.ArticleStorage [ArticleStorage.java:52] - Saved article: https://vnexpress.net/cuoc-song-ngo-thanh-van-khi-lan-dau-mang-thai-4884479.html via JSON-LD+Tags
2025-05-14 15:39:15.041 INFO  [Worker-5] c.d.crawler.storage.ArticleStorage [ArticleStorage.java:52] - Saved article: https://vnexpress.net/ky-uc-cua-nguoi-dua-nhat-ky-bac-si-dang-thuy-tram-ve-viet-nam-4884634.html via JSON-LD+Tags
2025-05-14 15:39:15.048 INFO  [Worker-2] c.d.crawler.storage.ArticleStorage [ArticleStorage.java:52] - Saved article: https://tuoitre.vn/vu-hoc-sinh-lop-3-bi-xe-tong-ton-thuong-90-nguoi-giao-xe-co-phai-chiu-trach-nhiem-20250510094149887.htm via JSON-LD+Tags
2025-05-14 15:39:15.241 INFO  [Worker-1] c.d.crawler.storage.ArticleStorage [ArticleStorage.java:52] - Saved article: https://vnexpress.net/ve-dep-thien-than-cua-van-dong-vien-truot-bang-4885161.html via JSON-LD+Tags
2025-05-14 15:39:15.308 INFO  [Worker-0] c.d.crawler.storage.ArticleStorage [ArticleStorage.java:52] - Saved article: https://vnexpress.net/dien-vien-bong-nang-vi-mua-lua-4885335.html via JSON-LD+Tags
2025-05-14 15:39:15.308 INFO  [Worker-4] c.d.crawler.storage.ArticleStorage [ArticleStorage.java:52] - Saved article: https://vnexpress.net/anh-thu-mac-goi-cam-du-ra-mat-tuan-thoi-trang-viet-nam-4885164.html via JSON-LD+Tags
2025-05-14 15:39:15.325 INFO  [Worker-5] c.d.crawler.storage.ArticleStorage [ArticleStorage.java:52] - Saved article: https://vnexpress.net/video-huynh-hieu-minh-danh-may-gay-sot-mang-xa-hoi-4885158.html via JSON-LD+Tags
2025-05-14 15:39:15.349 INFO  [Worker-3] c.d.crawler.storage.ArticleStorage [ArticleStorage.java:52] - Saved article: https://vnexpress.net/cac-cong-doan-keu-goi-ong-trump-giam-thue-cho-hollywood-4885127.html via JSON-LD+Tags
2025-05-14 15:39:15.366 INFO  [Worker-2] c.d.crawler.storage.ArticleStorage [ArticleStorage.java:52] - Saved article: https://vnexpress.net/bo-suu-tap-do-hieu-cua-doan-thien-an-4884849.html via JSON-LD+Tags
2025-05-14 15:39:15.527 INFO  [Worker-1] c.d.crawler.storage.ArticleStorage [ArticleStorage.java:52] - Saved article: https://vnexpress.net/luong-thuy-linh-tao-dang-voi-ao-dai-thap-nien-1930-4885185.html via JSON-LD+Tags
2025-05-14 15:39:15.621 INFO  [Worker-0] c.d.crawler.storage.ArticleStorage [ArticleStorage.java:52] - Saved article: https://vnexpress.net/tac-gia-goc-viet-ban-ve-can-tinh-di-dan-4884661.html via JSON-LD+Tags
2025-05-14 15:39:15.623 INFO  [Worker-5] c.d.crawler.storage.ArticleStorage [ArticleStorage.java:52] - Saved article: https://vnexpress.net/phong-cach-ngu-dan-thanh-mot-hot-4884617.html via JSON-LD+Tags
2025-05-14 15:39:15.735 INFO  [Worker-2] c.d.crawler.storage.ArticleStorage [ArticleStorage.java:52] - Saved article: https://vnexpress.net/net-quyen-ru-cua-thi-sinh-miss-universe-thailand-2025-4884866.html via JSON-LD+Tags
2025-05-14 15:39:15.739 INFO  [Worker-3] c.d.crawler.storage.ArticleStorage [ArticleStorage.java:52] - Saved article: https://vnexpress.net/cac-tac-pham-duoc-mong-doi-o-lhp-cannes-2025-4884561.html via JSON-LD+Tags
2025-05-14 15:39:15.821 INFO  [Worker-4] c.d.crawler.storage.ArticleStorage [ArticleStorage.java:52] - Saved article: https://vnexpress.net/rihanna-doja-cat-dien-thoi-trang-menswear-cua-marc-jacobs-4883824.html via JSON-LD+Tags
2025-05-14 15:39:15.980 INFO  [Worker-0] c.d.crawler.storage.ArticleStorage [ArticleStorage.java:52] - Saved article: https://vnexpress.net/johnny-tri-nguyen-nhung-kate-chia-tay-sau-12-nam-yeu-4882254.html via JSON-LD+Tags
2025-05-14 15:39:16.008 INFO  [Worker-5] c.d.crawler.storage.ArticleStorage [ArticleStorage.java:52] - Saved article: https://vnexpress.net/nguoi-mau-phu-yen-gay-chu-y-tren-mang-xa-hoi-trung-quoc-4884793.html via JSON-LD+Tags
2025-05-14 15:39:16.040 INFO  [Worker-2] c.d.crawler.storage.ArticleStorage [ArticleStorage.java:52] - Saved article: https://vnexpress.net/nhip-song-ha-noi-tu-thap-nien-1980-den-nay-qua-anh-4884509.html via JSON-LD+Tags
2025-05-14 15:39:16.042 INFO  [Worker-3] c.d.crawler.storage.ArticleStorage [ArticleStorage.java:52] - Saved article: https://vnexpress.net/chuong-tu-di-dien-dam-cong-tri-du-su-kien-4885045.html via JSON-LD+Tags
2025-05-14 15:39:16.105 INFO  [Worker-4] c.d.crawler.storage.ArticleStorage [ArticleStorage.java:52] - Saved article: https://vnexpress.net/lhp-cannes-cam-khach-moi-dien-mot-khoa-than-4884946.html via JSON-LD+Tags
2025-05-14 15:39:16.330 INFO  [Worker-0] c.d.crawler.storage.ArticleStorage [ArticleStorage.java:52] - Saved article: https://vnexpress.net/thai-hoa-dong-phan-dien-phim-tu-chien-tren-khong-4884752.html via JSON-LD+Tags
2025-05-14 15:39:16.629 INFO  [Worker-0] c.d.crawler.storage.ArticleStorage [ArticleStorage.java:52] - Saved article: https://vnexpress.net/tung-duong-nhan-giai-thuong-am-nhac-cua-nhat-ban-4884604.html via JSON-LD+Tags
2025-05-14 15:39:16.866 INFO  [Worker-4] c.d.crawler.storage.ArticleStorage [ArticleStorage.java:52] - Saved article: https://vnexpress.net/my-nhan-goc-viet-chung-le-de-ben-ba-con-gai-4884590.html via JSON-LD+Tags
2025-05-14 15:39:16.928 INFO  [Worker-0] c.d.crawler.storage.ArticleStorage [ArticleStorage.java:52] - Saved article: https://vnexpress.net/amber-heard-co-con-sinh-doi-4884581.html via JSON-LD+Tags
2025-05-14 15:39:16.974 INFO  [Worker-3] c.d.crawler.storage.ArticleStorage [ArticleStorage.java:52] - Saved article: https://vnexpress.net/bong-dang-nguoi-me-sau-thanh-cong-cua-chau-tinh-tri-4884331.html via JSON-LD+Tags
2025-05-14 15:39:17.003 INFO  [Worker-5] c.d.crawler.storage.ArticleStorage [ArticleStorage.java:52] - Saved article: https://vnexpress.net/trien-lam-tranh-do-gom-phong-cach-con-loc-sac-mau-4884715.html via JSON-LD+Tags
2025-05-14 15:39:17.065 INFO  [Worker-2] c.d.crawler.storage.ArticleStorage [ArticleStorage.java:52] - Saved article: https://vnexpress.net/sao-shang-chi-cau-hon-ban-gai-o-phap-4884871.html via JSON-LD+Tags
2025-05-14 15:39:17.225 INFO  [Worker-0] c.d.crawler.storage.ArticleStorage [ArticleStorage.java:52] - Saved article: https://vnexpress.net/ai-khong-the-dich-tot-tac-pham-van-hoc-4883906.html via JSON-LD+Tags
2025-05-14 15:39:17.279 INFO  [Worker-3] c.d.crawler.storage.ArticleStorage [ArticleStorage.java:52] - Saved article: https://vnexpress.net/taylor-swift-xuat-hien-sau-thoi-gian-o-an-4884707.html via JSON-LD+Tags
2025-05-14 15:39:17.326 INFO  [Worker-5] c.d.crawler.storage.ArticleStorage [ArticleStorage.java:52] - Saved article: https://vnexpress.net/lat-mat-8-vuot-200-ty-dong-4884462.html via JSON-LD+Tags
2025-05-14 15:39:17.366 INFO  [Worker-2] c.d.crawler.storage.ArticleStorage [ArticleStorage.java:52] - Saved article: https://vnexpress.net/thanh-bui-toi-buoc-hai-con-phai-soi-tieng-viet-4884399.html via JSON-LD+Tags
2025-05-14 15:39:17.552 INFO  [Worker-0] c.d.crawler.storage.ArticleStorage [ArticleStorage.java:52] - Saved article: https://vnexpress.net/giang-thanh-nguoi-mau-gay-chu-y-o-hoa-hau-viet-nam-4884369.html via JSON-LD+Tags
2025-05-14 15:39:17.676 INFO  [Worker-2] c.d.crawler.storage.ArticleStorage [ArticleStorage.java:52] - Saved article: https://vnexpress.net/lam-truong-vo-oa-khi-cat-day-ron-cho-con-trai-4884375.html via JSON-LD+Tags
2025-05-14 15:39:17.695 INFO  [Worker-4] c.d.crawler.storage.ArticleStorage [ArticleStorage.java:52] - Saved article: https://vnexpress.net/tom-cruise-kiet-suc-quay-canh-bam-may-bay-o-mission-impossible-8-4884034.html via JSON-LD+Tags
2025-05-14 15:39:17.888 INFO  [Worker-0] c.d.crawler.storage.ArticleStorage [ArticleStorage.java:52] - Saved article: https://vnexpress.net/sao-an-gian-tuoi-voi-chan-vay-dam-may-4884094.html via JSON-LD+Tags
2025-05-14 15:39:17.894 INFO  [Worker-1] c.d.crawler.storage.ArticleStorage [ArticleStorage.java:52] - Saved article: https://vnexpress.net/con-gai-dien-vien-vo-hoai-nam-gay-chu-y-khi-thi-hat-4884629.html via JSON-LD+Tags
2025-05-14 15:39:18.303 INFO  [Worker-4] c.d.crawler.storage.ArticleStorage [ArticleStorage.java:52] - Saved article: https://vnexpress.net/truyen-nguyen-nhat-anh-co-suc-lan-toa-o-thi-truong-nuoc-ngoai-4884426.html via JSON-LD+Tags
2025-05-14 15:39:18.893 INFO  [Worker-5] c.d.crawler.storage.ArticleStorage [ArticleStorage.java:52] - Saved article: https://dantri.com.vn/kinh-doanh/nganh-xe-tai-dien-my-truoc-cu-phanh-tu-nha-trang-20250425102541206.htm via JSON-LD+Tags
2025-05-14 15:39:18.955 INFO  [Worker-3] c.d.crawler.storage.ArticleStorage [ArticleStorage.java:52] - Saved article: https://dantri.com.vn/kinh-doanh/bieu-tinh-tai-ngan-hang-thuy-si-do-vi-pham-tieu-chuan-esg-trong-dau-tu-20250428131306512.htm via JSON-LD+Tags
2025-05-14 15:39:19.111 INFO  [Worker-0] c.d.crawler.storage.ArticleStorage [ArticleStorage.java:52] - Saved article: https://dantri.com.vn/kinh-doanh/thu-tuong-chuyen-doi-xanh-la-xu-the-tat-yeu-la-lua-chon-chien-luoc-20250424113823373.htm via JSON-LD+Tags
2025-05-14 15:39:19.385 INFO  [Worker-5] c.d.crawler.storage.ArticleStorage [ArticleStorage.java:52] - Saved article: https://dantri.com.vn/kinh-doanh/vua-tieu-phan-minh-thong-nong-nghiep-ben-vung-khong-chi-la-ly-thuyet-20250404120536977.htm via JSON-LD+Tags
2025-05-14 15:39:19.412 INFO  [Worker-0] c.d.crawler.storage.ArticleStorage [ArticleStorage.java:52] - Saved article: https://dantri.com.vn/kinh-doanh/co-hoi-vang-cho-nha-dau-tu-xanh-trong-ky-nguyen-dai-dau-mo-cua-ong-trump-20250324113132752.htm via JSON-LD+Tags
2025-05-14 15:39:19.522 INFO  [Worker-3] c.d.crawler.storage.ArticleStorage [ArticleStorage.java:52] - Saved article: https://dantri.com.vn/kinh-doanh/huong-toi-mot-tuong-lai-ben-vung-viet-nam-quyet-tam-hanh-dong-20241123100504631.htm via JSON-LD+Tags
2025-05-14 15:39:19.578 INFO  [Worker-2] c.d.crawler.storage.ArticleStorage [ArticleStorage.java:52] - Saved article: https://dantri.com.vn/kinh-doanh/loat-phat-ngon-an-tuong-tai-dien-dan-esg-viet-nam-lan-thu-nhat-20250424125144558.htm via JSON-LD+Tags
2025-05-14 15:39:19.658 INFO  [Worker-5] c.d.crawler.storage.ArticleStorage [ArticleStorage.java:52] - Saved article: https://dantri.com.vn/kinh-doanh/vietnam-esg-awards-cu-hich-cho-hanh-trinh-phat-trien-ben-vung-doanh-nghiep-20250424095547172.htm via JSON-LD+Tags
2025-05-14 15:39:19.790 INFO  [Worker-3] c.d.crawler.storage.ArticleStorage [ArticleStorage.java:52] - Saved article: https://dantri.com.vn/kinh-doanh/chuyen-gia-can-xay-dung-khung-chinh-sach-esg-quoc-gia-dong-bo-20250423174414417.htm via JSON-LD+Tags
2025-05-14 15:39:19.844 INFO  [Worker-4] c.d.crawler.storage.ArticleStorage [ArticleStorage.java:52] - Saved article: https://dantri.com.vn/kinh-doanh/chuyen-gia-noi-ve-mot-so-xu-huong-toan-cau-dang-tac-dong-manh-me-den-esg-20250423170005844.htm via JSON-LD+Tags
2025-05-14 15:39:20.083 INFO  [Worker-0] c.d.crawler.storage.ArticleStorage [ArticleStorage.java:52] - Saved article: https://vietnamnet.vn/mua-giong-quat-do-nhieu-cay-lon-1-phu-nu-phai-cap-cuu-2400170.html via JSON-LD+Tags
2025-05-14 15:39:20.138 INFO  [Worker-3] c.d.crawler.storage.ArticleStorage [ArticleStorage.java:52] - Saved article: https://vietnamnet.vn/khach-mang-chim-den-quan-ca-phe-o-hue-phai-chung-minh-nguon-goc-2400785.html via JSON-LD+Tags
2025-05-14 15:39:20.141 INFO  [Worker-2] c.d.crawler.storage.ArticleStorage [ArticleStorage.java:52] - Saved article: https://vietnamnet.vn/phat-hien-1-tan-thit-lon-xuat-huyet-ngoai-da-chuan-bi-len-lo-quay-2400809.html via JSON-LD+Tags
2025-05-14 15:39:20.187 INFO  [Worker-5] c.d.crawler.storage.ArticleStorage [ArticleStorage.java:52] - Saved article: https://vietnamnet.vn/di-doi-tru-dien-cao-the-gay-can-tro-thi-cong-duong-nghin-ty-o-dak-lak-2400383.html via JSON-LD+Tags
2025-05-14 15:39:20.195 INFO  [Worker-4] c.d.crawler.storage.ArticleStorage [ArticleStorage.java:52] - Saved article: https://vietnamnet.vn/xem-lai-camera-nguoi-phu-nu-o-binh-duong-hoang-hon-thay-trom-dot-nhap-2400637.html via JSON-LD+Tags
2025-05-14 15:39:20.200 INFO  [Worker-1] c.d.crawler.storage.ArticleStorage [ArticleStorage.java:52] - Saved article: https://vietnamnet.vn/phat-hien-bom-nang-200kg-co-tinh-sat-thuong-cao-duoi-muong-nuoc-o-long-an-2400677.html via JSON-LD+Tags
2025-05-14 15:39:20.374 INFO  [Worker-0] c.d.crawler.storage.ArticleStorage [ArticleStorage.java:52] - Saved article: https://vietnamnet.vn/bat-ngo-canh-vang-lang-tai-chi-nhanh-trung-tam-hanh-chinh-cong-o-ha-noi-2400506.html via JSON-LD+Tags
2025-05-14 15:39:20.439 INFO  [Worker-2] c.d.crawler.storage.ArticleStorage [ArticleStorage.java:52] - Saved article: https://vietnamnet.vn/tim-thay-thi-the-thanh-nien-nhay-xuong-song-sau-cuoc-cai-va-voi-ban-gai-2400402.html via JSON-LD+Tags
2025-05-14 15:39:20.444 INFO  [Worker-3] c.d.crawler.storage.ArticleStorage [ArticleStorage.java:52] - Saved article: https://vietnamnet.vn/du-bao-thoi-tiet-13-5-2025-ha-noi-nang-den-32-do-lai-sap-mua-giong-sam-sap-2400418.html via JSON-LD+Tags
2025-05-14 15:39:20.488 INFO  [Worker-5] c.d.crawler.storage.ArticleStorage [ArticleStorage.java:52] - Saved article: https://vietnamnet.vn/ha-noi-ra-thong-bao-bat-ngo-sau-vu-xep-hang-tu-mo-sang-lam-thu-tuc-dat-dai-2400381.html via JSON-LD+Tags
2025-05-14 15:39:20.503 INFO  [Worker-4] c.d.crawler.storage.ArticleStorage [ArticleStorage.java:52] - Saved article: https://vietnamnet.vn/rac-thai-tran-ngap-pho-o-thanh-hoa-nhieu-ngay-do-nguoi-dan-chan-cong-nha-may-2400236.html via JSON-LD+Tags
2025-05-14 15:39:20.529 INFO  [Worker-1] c.d.crawler.storage.ArticleStorage [ArticleStorage.java:52] - Saved article: https://vietnamnet.vn/su-that-canh-nguoi-dan-ha-noi-xep-hang-tu-to-mo-sang-lam-thu-tuc-dat-dai-2400162.html via JSON-LD+Tags
2025-05-14 15:39:20.685 INFO  [Worker-0] c.d.crawler.storage.ArticleStorage [ArticleStorage.java:52] - Saved article: https://vietnamnet.vn/xay-nha-tren-dat-cua-bo-me-vo-cho-ly-hon-se-chia-tai-san-the-nao-2395592.html via JSON-LD+Tags
2025-05-14 15:39:20.787 INFO  [Worker-2] c.d.crawler.storage.ArticleStorage [ArticleStorage.java:52] - Saved article: https://vietnamnet.vn/mien-bac-bung-nang-ngay-dau-tuan-truoc-khi-don-tiep-dot-mua-moi-2399929.html via JSON-LD+Tags
2025-05-14 15:39:20.812 INFO  [Worker-5] c.d.crawler.storage.ArticleStorage [ArticleStorage.java:52] - Saved article: https://vietnamnet.vn/tam-tu-cua-can-bo-khong-chuyen-trach-cap-xa-da-ngoai-35-tuoi-2399831.html via JSON-LD+Tags
2025-05-14 15:39:20.825 INFO  [Worker-4] c.d.crawler.storage.ArticleStorage [ArticleStorage.java:52] - Saved article: https://vietnamnet.vn/ha-tinh-du-kien-chi-hon-1-000-ty-ho-tro-nguoi-nghi-huu-truoc-tuoi-2399758.html via JSON-LD+Tags
2025-05-14 15:39:20.901 INFO  [Worker-1] c.d.crawler.storage.ArticleStorage [ArticleStorage.java:52] - Saved article: https://vietnamnet.vn/ru-nhau-ra-ho-tuoi-ca-phe-tam-2-chau-nho-duoi-nuoc-tu-vong-2399743.html via JSON-LD+Tags
2025-05-14 15:39:21.068 INFO  [Worker-0] c.d.crawler.storage.ArticleStorage [ArticleStorage.java:52] - Saved article: https://vietnamnet.vn/nhieu-noi-o-binh-duong-ngap-nang-nguoi-dan-mac-ket-cho-giai-cuu-2399701.html via JSON-LD+Tags
2025-05-14 15:39:21.142 INFO  [Worker-4] c.d.crawler.storage.ArticleStorage [ArticleStorage.java:52] - Saved article: https://vietnamnet.vn/ly-giai-tphcm-hung-tran-mua-lon-dac-biet-hiem-gap-vao-sang-som-2399672.html via JSON-LD+Tags
2025-05-14 15:39:21.157 INFO  [Worker-5] c.d.crawler.storage.ArticleStorage [ArticleStorage.java:52] - Saved article: https://vietnamnet.vn/tphcm-khoi-cong-du-an-nao-vet-rach-xuyen-tam-hon-17-000-ty-dong-2399643.html via JSON-LD+Tags
2025-05-14 15:39:21.182 INFO  [Worker-3] c.d.crawler.storage.ArticleStorage [ArticleStorage.java:52] - Saved article: https://vietnamnet.vn/di-kham-benh-ve-nam-thanh-nien-o-ha-noi-len-cau-vuot-pho-vong-ngoi-chenh-venh-2399906.html via JSON-LD+Tags
2025-05-14 15:39:21.260 INFO  [Worker-1] c.d.crawler.storage.ArticleStorage [ArticleStorage.java:52] - Saved article: https://vietnamnet.vn/tphcm-bat-ngo-mua-lon-kem-sam-set-vao-sang-som-duong-ngap-nhu-song-2399626.html via JSON-LD+Tags
2025-05-14 15:39:21.411 INFO  [Worker-0] c.d.crawler.storage.ArticleStorage [ArticleStorage.java:52] - Saved article: https://vietnamnet.vn/du-bao-thoi-tiet-10-ngay-toi-don-khong-khi-lanh-mien-bac-mua-lon-roi-lai-nang-2399612.html via JSON-LD+Tags
2025-05-14 15:39:21.496 INFO  [Worker-2] c.d.crawler.storage.ArticleStorage [ArticleStorage.java:52] - Saved article: https://vietnamnet.vn/du-bao-thoi-tiet-10-5-2025-khong-khi-lanh-ve-mien-bac-mua-lon-don-dap-2399549.html via JSON-LD+Tags
2025-05-14 15:39:21.500 INFO  [Worker-4] c.d.crawler.storage.ArticleStorage [ArticleStorage.java:52] - Saved article: https://vietnamnet.vn/nghi-viec-theo-nghi-dinh-178-co-duoc-huong-tro-cap-that-nghiep-2399428.html via JSON-LD+Tags
2025-05-14 15:39:22.041 INFO  [Worker-1] c.d.crawler.storage.ArticleStorage [ArticleStorage.java:52] - Saved article: https://tuoitre.vn/vu-ban-quan-tri-chung-cu-bi-phat-gan-120-ti-nhieu-van-de-can-lam-ro-20250513232351807.htm via JSON-LD+Tags
2025-05-14 15:39:22.064 INFO  [Worker-0] c.d.crawler.storage.ArticleStorage [ArticleStorage.java:52] - Saved article: https://tuoitre.vn/vietnam-airlines-chuyen-toan-bo-chuyen-bay-noi-dia-sang-nha-ga-t3-tu-ngay-17-5-20250514085643926.htm via JSON-LD+Tags
2025-05-14 15:39:22.069 INFO  [Worker-5] c.d.crawler.storage.ArticleStorage [ArticleStorage.java:52] - Saved article: https://tuoitre.vn/khoang-tho-quy-gia-tu-huu-chien-20250514085813831.htm via JSON-LD+Tags
2025-05-14 15:39:22.186 INFO  [Worker-2] c.d.crawler.storage.ArticleStorage [ArticleStorage.java:52] - Saved article: https://tuoitre.vn/thu-tuong-cac-vu-hang-gia-nghiem-trong-co-su-buong-long-quan-ly-20250514093826525.htm via JSON-LD+Tags
2025-05-14 15:39:22.298 INFO  [Worker-1] c.d.crawler.storage.ArticleStorage [ArticleStorage.java:52] - Saved article: https://tuoitre.vn/von-hoa-vinpearl-len-153-000-ti-dong-vuot-cac-ong-lon-gas-mbb-20250513163404203.htm via JSON-LD+Tags
2025-05-14 15:39:22.328 INFO  [Worker-0] c.d.crawler.storage.ArticleStorage [ArticleStorage.java:52] - Saved article: https://tuoitre.vn/giam-thue-gia-tri-gia-tang-da-dai-hoi-20250514075537165.htm via JSON-LD+Tags
2025-05-14 15:39:22.332 INFO  [Worker-5] c.d.crawler.storage.ArticleStorage [ArticleStorage.java:52] - Saved article: https://tuoitre.vn/trum-buon-xe-mercedes-muon-ban-lo-dat-o-tp-hcm-du-kien-muc-lai-khung-20250513213109671.htm via JSON-LD+Tags
2025-05-14 15:39:22.535 INFO  [Worker-4] c.d.crawler.storage.ArticleStorage [ArticleStorage.java:52] - Saved article: https://tuoitre.vn/uob-du-bao-gia-vang-cham-muc-3-600-usd-ounce-vao-quy-1-2026-20250513224522115.htm via JSON-LD+Tags
2025-05-14 15:39:22.583 INFO  [Worker-1] c.d.crawler.storage.ArticleStorage [ArticleStorage.java:52] - Saved article: https://tuoitre.vn/bamboo-capital-lai-co-tong-giam-doc-moi-20250513145103369.htm via JSON-LD+Tags
2025-05-14 15:39:22.585 INFO  [Worker-5] c.d.crawler.storage.ArticleStorage [ArticleStorage.java:52] - Saved article: https://tuoitre.vn/evncpc-nhung-diem-sang-trong-phong-trao-thi-dua-yeu-nuoc-5-nam-2020-2024-20250514093042924.htm via JSON-LD+Tags
2025-05-14 15:39:22.611 INFO  [Worker-0] c.d.crawler.storage.ArticleStorage [ArticleStorage.java:52] - Saved article: https://tuoitre.vn/tai-nga-vietnam-airlines-cong-bo-noi-lai-duong-bay-thang-ha-noi-moscow-20250511180304208.htm via JSON-LD+Tags
2025-05-14 15:39:22.802 INFO  [Worker-4] c.d.crawler.storage.ArticleStorage [ArticleStorage.java:52] - Saved article: https://tuoitre.vn/thuong-mai-trung-quoc-van-tang-giua-ap-luc-thue-quan-my-chat-vat-nhap-hang-20250510160543276.htm via JSON-LD+Tags
2025-05-14 15:39:22.860 INFO  [Worker-5] c.d.crawler.storage.ArticleStorage [ArticleStorage.java:52] - Saved article: https://tuoitre.vn/nguoi-noi-tieng-quang-cao-phai-chiu-trach-nhiem-tuong-xung-voi-tam-anh-huong-20250510155256146.htm via JSON-LD+Tags
2025-05-14 15:39:22.865 INFO  [Worker-1] c.d.crawler.storage.ArticleStorage [ArticleStorage.java:52] - Saved article: https://tuoitre.vn/du-an-dau-tu-vao-binh-dinh-duoc-rut-ngan-thu-tuc-ca-tram-ngay-2025051320382724.htm via JSON-LD+Tags
2025-05-14 15:39:22.870 INFO  [Worker-0] c.d.crawler.storage.ArticleStorage [ArticleStorage.java:52] - Saved article: https://tuoitre.vn/quy-gem-va-meey-group-ky-ban-cam-ket-dau-tu-tai-chinh-tai-my-20250513160119162.htm via JSON-LD+Tags
2025-05-14 15:39:23.027 INFO  [Worker-2] c.d.crawler.storage.ArticleStorage [ArticleStorage.java:52] - Saved article: https://tuoitre.vn/ra-mat-du-an-go-green-go-up-20250513100946979.htm via JSON-LD+Tags
2025-05-14 15:39:23.185 INFO  [Worker-3] c.d.crawler.storage.ArticleStorage [ArticleStorage.java:52] - Saved article: https://thanhnien.vn/showbiz-135-nguoi-xe-duyen-nhu-quynh-voi-bolero-ly-nha-ky-khoe-dang-goi-cam-185250514115750759.htm via JSON-LD+Tags
2025-05-14 15:39:23.205 INFO  [Worker-4] c.d.crawler.storage.ArticleStorage [ArticleStorage.java:52] - Saved article: https://thanhnien.vn/dien-vien-tuyen-map-tiet-lo-cuoc-song-o-tuoi-41-185250514021447054.htm via JSON-LD+Tags
2025-05-14 15:39:23.214 INFO  [Worker-1] c.d.crawler.storage.ArticleStorage [ArticleStorage.java:52] - Saved article: https://thanhnien.vn/hot-thi-hoi-gap-go-vo-ha-tram-nu-ca-si-lay-dong-trai-tim-voi-viet-tiep-cau-chuyen-hoa-binh-185250512205445976.htm via JSON-LD+Tags
2025-05-14 15:39:23.302 INFO  [Worker-2] c.d.crawler.storage.ArticleStorage [ArticleStorage.java:52] - Saved article: https://thanhnien.vn/lim-feng-chia-se-bi-phan-boi-tinh-cam-wren-evans-co-lien-quan-185250512121155915.htm via JSON-LD+Tags
2025-05-14 15:39:23.534 INFO  [Worker-0] c.d.crawler.storage.ArticleStorage [ArticleStorage.java:52] - Saved article: https://thanhnien.vn/mc-quynh-hoa-tiet-lo-nguyen-tac-hoat-dong-ky-niem-dang-nho-cung-nhom-phu-sa-185250512083615282.htm via JSON-LD+Tags
2025-05-14 15:39:23.535 INFO  [Worker-3] c.d.crawler.storage.ArticleStorage [ArticleStorage.java:52] - Saved article: https://thanhnien.vn/tphcm-va-ban-hung-ca-nghe-thuat-185250510141433186.htm via JSON-LD+Tags
2025-05-14 15:39:23.537 INFO  [Worker-5] c.d.crawler.storage.ArticleStorage [ArticleStorage.java:52] - Saved article: https://thanhnien.vn/ca-si-duy-manh-ra-mat-ca-khuc-bo-chuot-sau-on-ao-chay-xe-5-ti-185250512070818663.htm via JSON-LD+Tags
2025-05-14 15:39:23.538 INFO  [Worker-4] c.d.crawler.storage.ArticleStorage [ArticleStorage.java:52] - Saved article: https://thanhnien.vn/nhung-thuoc-phim-vo-dien-kinh-dien-viet-nen-lich-su-van-hoa-tphcm-185250510140344099.htm via JSON-LD+Tags
2025-05-14 15:39:23.699 INFO  [Worker-2] c.d.crawler.storage.ArticleStorage [ArticleStorage.java:52] - Saved article: https://thanhnien.vn/cuoc-song-cua-ngo-thanh-van-va-huy-tran-sau-3-nam-ket-hon-185250508212513605.htm via JSON-LD+Tags
2025-05-14 15:39:23.760 INFO  [Worker-1] c.d.crawler.storage.ArticleStorage [ArticleStorage.java:52] - Saved article: https://thanhnien.vn/dam-vinh-hung-ra-sao-sau-9-thang-bi-cam-hat-185250509221128068.htm via JSON-LD+Tags
2025-05-14 15:39:23.852 INFO  [Worker-4] c.d.crawler.storage.ArticleStorage [ArticleStorage.java:52] - Saved article: https://thanhnien.vn/con-trai-dong-khiet-duoc-goi-la-ban-sao-nam-than-duong-duong-185250514123100155.htm via JSON-LD+Tags
2025-05-14 15:39:23.865 INFO  [Worker-0] c.d.crawler.storage.ArticleStorage [ArticleStorage.java:52] - Saved article: https://thanhnien.vn/gioi-tre-dien-dao-voi-vu-tru-thoi-nao-tung-tung-tung-sahur-banh-mi-ram-ram-185250508144525343.htm via JSON-LD+Tags
2025-05-14 15:39:23.869 INFO  [Worker-3] c.d.crawler.storage.ArticleStorage [ArticleStorage.java:52] - Saved article: https://thanhnien.vn/my-nhan-hong-kong-ke-cuoc-hon-nhan-voi-con-trai-ong-trum-tvb-185250514124647255.htm via JSON-LD+Tags
2025-05-14 15:39:24.064 INFO  [Worker-1] c.d.crawler.storage.ArticleStorage [ArticleStorage.java:52] - Saved article: https://thanhnien.vn/kim-kardashian-ra-toa-lam-chung-vu-cuop-nu-trang-o-paris-185250514105556821.htm via JSON-LD+Tags
2025-05-14 15:39:24.168 INFO  [Worker-0] c.d.crawler.storage.ArticleStorage [ArticleStorage.java:52] - Saved article: https://thanhnien.vn/hai-dien-vien-phim-gio-vang-tham-gia-san-choi-am-nhac-185250514103113742.htm via JSON-LD+Tags
2025-05-14 15:39:24.277 INFO  [Worker-3] c.d.crawler.storage.ArticleStorage [ArticleStorage.java:52] - Saved article: https://thanhnien.vn/chang-trai-hat-giong-ca-si-ngoc-son-gay-tranh-luan-185250508141636317.htm via JSON-LD+Tags
2025-05-14 15:39:24.325 INFO  [Worker-2] c.d.crawler.storage.ArticleStorage [ArticleStorage.java:52] - Saved article: https://thanhnien.vn/dang-sau-hao-quang-dai-su-thuong-hieu-cua-than-tuong-kpop-185250513160100411.htm via JSON-LD+Tags
2025-05-14 15:39:24.447 INFO  [Worker-1] c.d.crawler.storage.ArticleStorage [ArticleStorage.java:52] - Saved article: https://thanhnien.vn/nu-than-kpop-mot-thoi-seolhyun-aoa-gio-ra-sao-185250509155824443.htm via JSON-LD+Tags
2025-05-14 15:39:24.483 INFO  [Worker-0] c.d.crawler.storage.ArticleStorage [ArticleStorage.java:52] - Saved article: https://thanhnien.vn/ca-si-thanh-duy-nhieu-nguoi-chi-trich-khi-toi-lam-drag-queen-185250514025536503.htm via JSON-LD+Tags
2025-05-14 15:39:24.626 INFO  [Worker-2] c.d.crawler.storage.ArticleStorage [ArticleStorage.java:52] - Saved article: https://thanhnien.vn/ngoi-sao-kpop-nao-so-huu-khuon-mat-ty-le-vang-duoc-gioi-tham-my-ca-ngoi-18525051317371885.htm via JSON-LD+Tags
2025-05-14 15:39:24.728 INFO  [Worker-4] c.d.crawler.storage.ArticleStorage [ArticleStorage.java:52] - Saved article: https://thanhnien.vn/trieu-lo-tu-xinh-dep-voi-dien-mao-moi-185250513144752641.htm via JSON-LD+Tags
2025-05-14 15:39:24.788 INFO  [Worker-5] c.d.crawler.storage.ArticleStorage [ArticleStorage.java:52] - Saved article: https://thanhnien.vn/showbiz-125-vo-ha-tram-noi-ve-chuyen-cuop-hit-tra-ngoc-tung-muon-bo-nghe-185250513134923142.htm via JSON-LD+Tags
2025-05-14 15:39:24.810 INFO  [Worker-3] c.d.crawler.storage.ArticleStorage [ArticleStorage.java:52] - Saved article: https://thanhnien.vn/kpop-hoi-sinh-tai-thi-truong-ti-dan-sau-9-nam-cam-cua-185250508165656167.htm via JSON-LD+Tags
2025-05-14 15:39:24.858 INFO  [Worker-0] c.d.crawler.storage.ArticleStorage [ArticleStorage.java:52] - Saved article: https://thanhnien.vn/trieu-lo-tu-lien-tuc-co-nhung-hanh-dong-gay-chu-y-sau-bien-co-185250321140155005.htm via JSON-LD+Tags
2025-05-14 15:39:24.937 INFO  [Worker-2] c.d.crawler.storage.ArticleStorage [ArticleStorage.java:52] - Saved article: https://thanhnien.vn/phim-moi-cua-lee-min-ho-va-jisoo-gay-tranh-cai-185250513131643442.htm via JSON-LD+Tags
2025-05-14 15:39:24.943 INFO  [Worker-1] c.d.crawler.storage.ArticleStorage [ArticleStorage.java:52] - Saved article: https://thanhnien.vn/vo-ha-tram-don-tin-vui-sau-man-trinh-dien-gay-sot-o-le-ky-niem-304-185250508002546479.htm via JSON-LD+Tags
2025-05-14 15:39:25.037 INFO  [Worker-4] c.d.crawler.storage.ArticleStorage [ArticleStorage.java:52] - Saved article: https://thanhnien.vn/phim-hoi-cac-vi-sao-co-lee-min-ho-gay-soc-vi-cai-ket-tham-hoa-185250224140750695.htm via JSON-LD+Tags
2025-05-14 15:39:25.122 INFO  [Worker-5] c.d.crawler.storage.ArticleStorage [ArticleStorage.java:52] - Saved article: https://thanhnien.vn/bom-sex-goc-viet-chung-le-de-khoe-3-con-gai-xinh-dep-185250513124439675.htm via JSON-LD+Tags
2025-05-14 15:39:25.243 INFO  [Worker-3] c.d.crawler.storage.ArticleStorage [ArticleStorage.java:52] - Saved article: https://thanhnien.vn/nam-dien-vien-dong-2-phim-tram-ti-trong-cung-mot-nam-la-ai-185250513124813516.htm via JSON-LD+Tags
2025-05-14 15:39:25.305 INFO  [Worker-0] c.d.crawler.storage.ArticleStorage [ArticleStorage.java:52] - Saved article: https://thanhnien.vn/chong-tre-cua-chung-le-de-buc-xuc-vi-mang-tieng-bao-tien-vo-185250419172147681.htm via JSON-LD+Tags
2025-05-14 15:39:25.350 INFO  [Worker-2] c.d.crawler.storage.ArticleStorage [ArticleStorage.java:52] - Saved article: https://thanhnien.vn/tieu-vy-boi-roi-khi-duoc-quoc-anh-tang-hoa-len-tieng-chuyen-phim-gia-tinh-that-185250305133043894.htm via JSON-LD+Tags
2025-05-14 15:39:25.489 INFO  [Worker-4] c.d.crawler.storage.ArticleStorage [ArticleStorage.java:52] - Saved article: https://thanhnien.vn/giang-my-ha-kieu-anh-do-nhan-sac-khong-tuoi-185250513110947515.htm via JSON-LD+Tags
2025-05-14 15:39:25.494 INFO  [Worker-5] c.d.crawler.storage.ArticleStorage [ArticleStorage.java:52] - Saved article: https://thanhnien.vn/nhac-si-giao-tien-lai-nho-nguoi-yeu-tiet-lo-ly-do-muu-sinh-o-tuoi-84-185250513102227057.htm via JSON-LD+Tags
2025-05-14 15:39:25.606 INFO  [Worker-1] c.d.crawler.storage.ArticleStorage [ArticleStorage.java:52] - Saved article: https://thanhnien.vn/giang-my-ha-kieu-anh-thanh-mai-do-sac-tren-tham-do-185241129002913713.htm via JSON-LD+Tags
2025-05-14 15:39:25.828 INFO  [Worker-2] c.d.crawler.storage.ArticleStorage [ArticleStorage.java:52] - Saved article: https://thanhnien.vn/them-mot-phim-viet-co-doanh-thu-vuot-200-ti-dong-185250513014237773.htm via JSON-LD+Tags
2025-05-14 15:39:25.880 INFO  [Worker-0] c.d.crawler.storage.ArticleStorage [ArticleStorage.java:52] - Saved article: https://thanhnien.vn/tai-xuat-man-anh-rong-cung-dan-sao-phim-tram-ti-mac-van-khoa-noi-gi-185250506180411623.htm via JSON-LD+Tags
2025-05-14 15:39:25.908 INFO  [Worker-5] c.d.crawler.storage.ArticleStorage [ArticleStorage.java:52] - Saved article: https://thanhnien.vn/anh-thu-khoe-dang-goi-cam-tiet-lo-cuoc-song-o-tuoi-43-185250513024547477.htm via JSON-LD+Tags
2025-05-14 15:39:25.925 INFO  [Worker-1] c.d.crawler.storage.ArticleStorage [ArticleStorage.java:52] - Saved article: https://thanhnien.vn/roi-uc-tro-ve-viet-nam-cuoc-song-oc-thanh-van-gio-ra-sao-185250513031559491.htm via JSON-LD+Tags
2025-05-14 15:39:26.065 INFO  [Worker-3] c.d.crawler.storage.ArticleStorage [ArticleStorage.java:52] - Saved article: https://thanhnien.vn/showbiz-272-cuoc-song-oc-thanh-van-o-tuoi-ngoai-40-minh-trieu-lam-ro-tin-don-185250227201007012.htm via JSON-LD+Tags
2025-05-14 15:39:26.138 INFO  [Worker-2] c.d.crawler.storage.ArticleStorage [ArticleStorage.java:52] - Saved article: https://thanhnien.vn/cuoc-song-sau-khi-roi-nha-trang-cua-con-gai-barack-obama-185250512174317872.htm via JSON-LD+Tags
2025-05-14 15:39:26.221 INFO  [Worker-1] c.d.crawler.storage.ArticleStorage [ArticleStorage.java:52] - Saved article: https://thanhnien.vn/chang-trai-dat-hinh-mau-giong-song-hye-kyo-chinh-phuc-gai-xinh-tren-show-hen-ho-185250512171606346.htm via JSON-LD+Tags
2025-05-14 15:39:26.283 INFO  [Worker-0] c.d.crawler.storage.ArticleStorage [ArticleStorage.java:52] - Saved article: https://thanhnien.vn/bo-ba-con-chinh-phuc-duoc-me-don-than-kem-8-tuoi-tren-show-hen-ho-185250508115059172.htm via JSON-LD+Tags
2025-05-14 15:39:26.283 INFO  [Worker-5] c.d.crawler.storage.ArticleStorage [ArticleStorage.java:52] - Saved article: https://thanhnien.vn/hai-ai-nu-nha-barack-obama-hiem-hoi-lo-dien-185250502185946968.htm via JSON-LD+Tags
2025-05-14 15:39:26.371 INFO  [Worker-4] c.d.crawler.storage.ArticleStorage [ArticleStorage.java:52] - Saved article: https://thanhnien.vn/con-gai-nuoi-hat-giac-mo-canh-co-nghen-ngao-nhac-ky-niem-voi-phi-nhung-185250512181525171.htm via JSON-LD+Tags
2025-05-14 15:39:26.512 INFO  [Worker-2] c.d.crawler.storage.ArticleStorage [ArticleStorage.java:52] - Saved article: https://thanhnien.vn/vi-sao-long-nhat-tu-chuc-chu-tich-hoi-dong-giam-khao-2-cuoc-thi-185250512183943842.htm via JSON-LD+Tags
2025-05-14 15:39:26.658 INFO  [Worker-4] c.d.crawler.storage.ArticleStorage [ArticleStorage.java:52] - Saved article: https://thanhnien.vn/binz-tien-luat-sau-con-sot-anh-trai-vuot-ngan-chong-gai-185250505121214816.htm via JSON-LD+Tags
2025-05-14 15:39:26.788 INFO  [Worker-0] c.d.crawler.storage.ArticleStorage [ArticleStorage.java:52] - Saved article: https://thanhnien.vn/tien-dat-tiet-lo-quan-he-voi-tien-luat-binz-sau-anh-trai-vuot-ngan-chong-gai-185250512164340205.htm via JSON-LD+Tags
2025-05-14 15:39:26.911 INFO  [Worker-5] c.d.crawler.storage.ArticleStorage [ArticleStorage.java:52] - Saved article: https://thanhnien.vn/bi-nghi-ngo-nang-luc-khi-thi-show-am-nhac-quynh-anh-shyn-noi-gi-185250512091315497.htm via JSON-LD+Tags
2025-05-14 15:39:27.128 INFO  [Worker-1] c.d.crawler.storage.ArticleStorage [ArticleStorage.java:52] - Saved article: https://vnexpress.net/hon-130-nguoi-sap-bay-vay-tien-qua-app-4885801.html via JSON-LD+Tags
2025-05-14 15:39:27.185 INFO  [Worker-0] c.d.crawler.storage.ArticleStorage [ArticleStorage.java:52] - Saved article: https://vnexpress.net/ban-gai-cu-to-bi-diddy-ep-tham-gia-tiec-sex-co-hanh-vi-bien-thai-4885695.html via JSON-LD+Tags
2025-05-14 15:39:27.280 INFO  [Worker-5] c.d.crawler.storage.ArticleStorage [ArticleStorage.java:52] - Saved article: https://vnexpress.net/truong-cong-an-xa-lai-oto-tong-lien-tiep-6-xe-may-bi-dinh-chi-cong-tac-4885584.html via JSON-LD+Tags
2025-05-14 15:39:27.330 INFO  [Worker-4] c.d.crawler.storage.ArticleStorage [ArticleStorage.java:52] - Saved article: https://vnexpress.net/nhung-nguoi-bi-doanh-nhan-nuoc-ngoai-bo-roi-sau-thuong-vu-buon-lau-dat-hiem-4885554.html via JSON-LD+Tags
2025-05-14 15:39:27.475 INFO  [Worker-0] c.d.crawler.storage.ArticleStorage [ArticleStorage.java:52] - Saved article: https://vnexpress.net/ba-nguoi-pha-duong-o-nghe-an-4885549.html via JSON-LD+Tags
2025-05-14 15:39:27.583 INFO  [Worker-3] c.d.crawler.storage.ArticleStorage [ArticleStorage.java:52] - Saved article: https://vnexpress.net/lam-gi-khi-thang-kien-nhung-mai-khong-duoc-den-tien-4885544.html via JSON-LD+Tags
2025-05-14 15:39:27.587 INFO  [Worker-5] c.d.crawler.storage.ArticleStorage [ArticleStorage.java:52] - Saved article: https://vnexpress.net/vi-sao-nguyen-cuc-truong-va-4-can-bo-an-toan-thuc-pham-bo-y-te-bi-khoi-to-4885559.html via JSON-LD+Tags
2025-05-14 15:39:27.617 INFO  [Worker-4] c.d.crawler.storage.ArticleStorage [ArticleStorage.java:52] - Saved article: https://vnexpress.net/mot-cong-an-bi-dinh-chi-cong-tac-de-xac-minh-to-cao-danh-nguoi-4885546.html via JSON-LD+Tags
2025-05-14 15:39:27.782 INFO  [Worker-0] c.d.crawler.storage.ArticleStorage [ArticleStorage.java:52] - Saved article: https://vnexpress.net/44-bi-cao-lien-quan-vu-tham-nhung-dong-nguoi-nhat-thanh-hoa-4885530.html via JSON-LD+Tags
2025-05-14 15:39:27.864 INFO  [Worker-2] c.d.crawler.storage.ArticleStorage [ArticleStorage.java:52] - Saved article: https://vnexpress.net/kien-bac-si-thu-y-nho-lien-16-rang-khien-cun-cung-chet-4885524.html via JSON-LD+Tags
2025-05-14 15:39:27.883 INFO  [Worker-3] c.d.crawler.storage.ArticleStorage [ArticleStorage.java:52] - Saved article: https://vnexpress.net/chu-muu-phu-phep-hon-1-6-trieu-cuon-sach-giao-khoa-gia-bi-tuyen-12-nam-tu-4885516.html via JSON-LD+Tags
2025-05-14 15:39:27.892 INFO  [Worker-5] c.d.crawler.storage.ArticleStorage [ArticleStorage.java:52] - Saved article: https://vnexpress.net/cong-ty-nguyen-kim-phai-nop-lai-gan-69-ty-dong-trong-vu-sang-tay-dat-vang-4885512.html via JSON-LD+Tags
2025-05-14 15:39:27.912 INFO  [Worker-4] c.d.crawler.storage.ArticleStorage [ArticleStorage.java:52] - Saved article: https://vnexpress.net/18-quai-xe-truy-duoi-vo-co-khien-nguoi-di-duong-tu-nan-4885446.html via JSON-LD+Tags
2025-05-14 15:39:27.969 INFO  [Worker-1] c.d.crawler.storage.ArticleStorage [ArticleStorage.java:52] - Saved article: https://vnexpress.net/song-sot-ky-dieu-khi-bi-ke-vu-phu-bo-mac-cho-chet-4885509.html via JSON-LD+Tags
2025-05-14 15:39:28.114 INFO  [Worker-0] c.d.crawler.storage.ArticleStorage [ArticleStorage.java:52] - Saved article: https://vnexpress.net/nguyen-cuc-truong-an-toan-thuc-pham-bo-y-te-bi-bat-4885470.html via JSON-LD+Tags
2025-05-14 15:39:28.161 INFO  [Worker-2] c.d.crawler.storage.ArticleStorage [ArticleStorage.java:52] - Saved article: https://vnexpress.net/chan-xe-sat-hai-tinh-dich-4885410.html via JSON-LD+Tags
2025-05-14 15:39:28.165 INFO  [Worker-3] c.d.crawler.storage.ArticleStorage [ArticleStorage.java:52] - Saved article: https://vnexpress.net/sep-cong-ty-dat-hiem-viet-nam-do-loi-quy-dinh-map-mo-nen-vuong-toi-4885203.html via JSON-LD+Tags
2025-05-14 15:39:28.196 INFO  [Worker-5] c.d.crawler.storage.ArticleStorage [ArticleStorage.java:52] - Saved article: https://vnexpress.net/nguoi-dau-doc-vo-sau-ly-hon-bi-phat-10-nam-tu-4885319.html via JSON-LD+Tags
2025-05-14 15:39:28.264 INFO  [Worker-4] c.d.crawler.storage.ArticleStorage [ArticleStorage.java:52] - Saved article: https://vnexpress.net/cuu-giam-doc-cong-ty-xo-so-kien-thiet-bac-lieu-bi-khoi-to-4885214.html via JSON-LD+Tags
2025-05-14 15:39:28.270 INFO  [Worker-1] c.d.crawler.storage.ArticleStorage [ArticleStorage.java:52] - Saved article: https://vnexpress.net/cuu-tong-cuc-truong-giat-minh-khi-thay-500-trieu-dong-trong-qua-sinh-nhat-4885052.html via JSON-LD+Tags
2025-05-14 15:39:28.431 INFO  [Worker-0] c.d.crawler.storage.ArticleStorage [ArticleStorage.java:52] - Saved article: https://vnexpress.net/chia-dat-thua-ke-the-nao-khi-chi-dau-giau-so-do-4884488.html via JSON-LD+Tags
2025-05-14 15:39:28.442 INFO  [Worker-2] c.d.crawler.storage.ArticleStorage [ArticleStorage.java:52] - Saved article: https://vnexpress.net/cuoc-truy-tim-ke-vut-xac-phu-nu-khoa-than-tren-noc-nha-4885025.html via JSON-LD+Tags
2025-05-14 15:39:28.479 INFO  [Worker-3] c.d.crawler.storage.ArticleStorage [ArticleStorage.java:52] - Saved article: https://vnexpress.net/co-che-chi-tien-cua-tap-doan-thuan-an-de-trung-thau-5-du-an-nghin-ty-4885060.html via JSON-LD+Tags
2025-05-14 15:39:28.582 INFO  [Worker-1] c.d.crawler.storage.ArticleStorage [ArticleStorage.java:52] - Saved article: https://vnexpress.net/hai-giang-ho-bao-ke-bien-ra-dau-thu-4885036.html via JSON-LD+Tags
2025-05-14 15:39:28.582 INFO  [Worker-4] c.d.crawler.storage.ArticleStorage [ArticleStorage.java:52] - Saved article: https://vnexpress.net/cuop-ngan-hang-o-lam-dong-4885037.html via JSON-LD+Tags
2025-05-14 15:39:28.720 INFO  [Worker-0] c.d.crawler.storage.ArticleStorage [ArticleStorage.java:52] - Saved article: https://vnexpress.net/dieu-tra-vu-danh-nhau-canh-sat-thu-giu-5-khau-sung-4884999.html via JSON-LD+Tags
2025-05-14 15:39:28.793 INFO  [Worker-3] c.d.crawler.storage.ArticleStorage [ArticleStorage.java:52] - Saved article: https://vnexpress.net/trum-khai-thac-lau-dat-hiem-khoc-thua-nhan-thu-loi-hon-736-ty-dong-4884860.html via JSON-LD+Tags
2025-05-14 15:39:28.866 INFO  [Worker-1] c.d.crawler.storage.ArticleStorage [ArticleStorage.java:52] - Saved article: https://vnexpress.net/moi-quan-he-voi-sep-lon-mo-duong-cho-thuan-an-trung-thau-o-cau-vinh-tuy-2-4884853.html via JSON-LD+Tags
2025-05-14 15:39:29.009 INFO  [Worker-0] c.d.crawler.storage.ArticleStorage [ArticleStorage.java:52] - Saved article: https://vnexpress.net/cuu-pho-chu-nhiem-van-phong-quoc-hoi-huong-loi-750-trieu-dong-trong-dai-an-thuan-an-4884749.html via JSON-LD+Tags
2025-05-14 15:39:29.091 INFO  [Worker-3] c.d.crawler.storage.ArticleStorage [ArticleStorage.java:52] - Saved article: https://vnexpress.net/nguoi-cam-dau-duong-day-san-xuat-tan-duoc-gia-linh-hon-16-nam-tu-4884731.html via JSON-LD+Tags
2025-05-14 15:39:29.162 INFO  [Worker-1] c.d.crawler.storage.ArticleStorage [ArticleStorage.java:52] - Saved article: https://vnexpress.net/vu-kien-khach-hang-mua-bmw-nhap-khau-nhung-nhan-xe-cu-4884527.html via JSON-LD+Tags
2025-05-14 15:39:29.308 INFO  [Worker-0] c.d.crawler.storage.ArticleStorage [ArticleStorage.java:52] - Saved article: https://vnexpress.net/co-gai-phau-thuat-tham-my-de-tron-truy-na-4884669.html via JSON-LD+Tags
2025-05-14 15:39:29.324 INFO  [Worker-5] c.d.crawler.storage.ArticleStorage [ArticleStorage.java:52] - Saved article: https://vnexpress.net/giao-vien-tieu-bieu-tai-my-bi-phat-30-nam-tu-vi-toi-au-dam-4884670.html via JSON-LD+Tags
2025-05-14 15:39:29.368 INFO  [Worker-2] c.d.crawler.storage.ArticleStorage [ArticleStorage.java:52] - Saved article: https://vnexpress.net/chem-lia-tay-4884949.html via JSON-LD+Tags
2025-05-14 15:39:29.394 INFO  [Worker-4] c.d.crawler.storage.ArticleStorage [ArticleStorage.java:52] - Saved article: https://vnexpress.net/dung-dao-sat-hai-chong-bat-thanh-4884863.html via JSON-LD+Tags
2025-05-14 15:39:29.452 INFO  [Worker-1] c.d.crawler.storage.ArticleStorage [ArticleStorage.java:52] - Saved article: https://vnexpress.net/cuu-bi-thu-ben-tre-le-duc-tho-duoc-giam-7-nam-tu-4884582.html via JSON-LD+Tags
2025-05-14 15:39:29.503 INFO  [Worker-3] c.d.crawler.storage.ArticleStorage [ArticleStorage.java:52] - Saved article: https://vnexpress.net/ke-gia-gai-chich-dien-2-nguoi-o-phu-quoc-bi-bat-4884612.html via JSON-LD+Tags
2025-05-14 15:39:29.640 INFO  [Worker-0] c.d.crawler.storage.ArticleStorage [ArticleStorage.java:52] - Saved article: https://vnexpress.net/kien-chong-len-nuoi-vo-be-4884499.html via JSON-LD+Tags
2025-05-14 15:39:29.656 INFO  [Worker-2] c.d.crawler.storage.ArticleStorage [ArticleStorage.java:52] - Saved article: https://vnexpress.net/den-giao-thong-chuyen-xanh-khong-di-co-sao-khong-4882458.html via JSON-LD+Tags
2025-05-14 15:39:29.747 INFO  [Worker-4] c.d.crawler.storage.ArticleStorage [ArticleStorage.java:52] - Saved article: https://vnexpress.net/cuu-thu-truong-ra-toa-trong-vu-an-khai-thac-lau-736-ty-dong-dat-hiem-4884444.html via JSON-LD+Tags
2025-05-14 15:39:30.816 INFO  [Worker-4] c.d.crawler.storage.ArticleStorage [ArticleStorage.java:52] - Saved article: https://dantri.com.vn/xa-hoi/chua-quan-su-mo-cua-xuyen-dem-don-nguoi-dan-chiem-bai-xa-loi-duc-phat-20250514141224781.htm via JSON-LD+Tags
2025-05-14 15:39:30.952 INFO  [Worker-1] c.d.crawler.storage.ArticleStorage [ArticleStorage.java:52] - Saved article: https://dantri.com.vn/xa-hoi/hao-quang-mat-troi-xuat-hien-o-quang-ngai-20250514124815553.htm via JSON-LD+Tags
2025-05-14 15:39:31.037 INFO  [Worker-2] c.d.crawler.storage.ArticleStorage [ArticleStorage.java:52] - Saved article: https://dantri.com.vn/xa-hoi/de-xuat-kiem-dinh-khi-thai-xe-may-tu-nam-2027-20250514135736880.htm via JSON-LD+Tags
2025-05-14 15:39:31.177 INFO  [Worker-4] c.d.crawler.storage.ArticleStorage [ArticleStorage.java:52] - Saved article: https://dantri.com.vn/xa-hoi/duong-bi-xe-doi-nhieu-nam-chua-duoc-khac-phuc-20250514084532358.htm via JSON-LD+Tags
2025-05-14 15:39:31.361 INFO  [Worker-2] c.d.crawler.storage.ArticleStorage [ArticleStorage.java:52] - Saved article: https://dantri.com.vn/xa-hoi/dung-gay-lay-dieu-bi-mac-tren-day-dien-cao-the-3-nam-sinh-thuong-vong-20250514110051070.htm via JSON-LD+Tags
2025-05-14 15:39:31.390 INFO  [Worker-3] c.d.crawler.storage.ArticleStorage [ArticleStorage.java:52] - Saved article: https://dantri.com.vn/xa-hoi/binh-duong-thuc-hien-cao-diem-100-ngay-giai-ngan-dau-tu-cong-20250514085837988.htm via JSON-LD+Tags
2025-05-14 15:39:31.453 INFO  [Worker-1] c.d.crawler.storage.ArticleStorage [ArticleStorage.java:52] - Saved article: https://dantri.com.vn/xa-hoi/tran-lan-sua-gia-va-thuoc-gia-thu-tuong-noi-co-buong-long-phai-kiem-diem-20250514102154972.htm via JSON-LD+Tags
2025-05-14 15:39:31.482 INFO  [Worker-4] c.d.crawler.storage.ArticleStorage [ArticleStorage.java:52] - Saved article: https://dantri.com.vn/xa-hoi/cua-hang-boc-chay-ngun-ngut-4-nguoi-dang-ngu-thoat-chet-nho-tieng-ho-hoan-20250514100442123.htm via JSON-LD+Tags
2025-05-14 15:39:31.546 INFO  [Worker-5] c.d.crawler.storage.ArticleStorage [ArticleStorage.java:52] - Saved article: https://dantri.com.vn/xa-hoi/hang-chuc-cay-go-rung-bi-chat-ha-cach-tru-so-ubnd-huyen-2km-20250513174201107.htm via JSON-LD+Tags
2025-05-14 15:39:31.687 INFO  [Worker-1] c.d.crawler.storage.ArticleStorage [ArticleStorage.java:52] - Saved article: https://dantri.com.vn/xa-hoi/6-o-to-cua-van-phong-bo-cong-thuong-dau-gia-duoc-gan-500-trieu-dong-20250514095109838.htm via JSON-LD+Tags
2025-05-14 15:39:31.775 INFO  [SpringApplicationShutdownHook] org.quartz.core.QuartzScheduler [QuartzScheduler.java:585] - Scheduler quartzScheduler_$_NON_CLUSTERED paused.
2025-05-14 15:39:31.785 INFO  [SpringApplicationShutdownHook] o.s.b.w.e.tomcat.GracefulShutdown [GracefulShutdown.java:54] - Commencing graceful shutdown. Waiting for active requests to complete
2025-05-14 15:39:31.816 INFO  [Worker-0] c.d.crawler.storage.ArticleStorage [ArticleStorage.java:52] - Saved article: https://vnexpress.net/tai-xe-oto-buyt-bi-phat-vi-day-cua-vao-3-nguoi-tren-xe-may-4884456.html via JSON-LD+Tags
2025-05-14 15:39:31.817 INFO  [tomcat-shutdown] o.s.b.w.e.tomcat.GracefulShutdown [GracefulShutdown.java:76] - Graceful shutdown complete
2025-05-14 15:39:32.064 INFO  [SpringApplicationShutdownHook] org.quartz.core.QuartzScheduler [QuartzScheduler.java:666] - Scheduler quartzScheduler_$_NON_CLUSTERED shutting down.
2025-05-14 15:39:32.066 INFO  [SpringApplicationShutdownHook] org.quartz.core.QuartzScheduler [QuartzScheduler.java:585] - Scheduler quartzScheduler_$_NON_CLUSTERED paused.
2025-05-14 15:39:32.532 INFO  [SpringApplicationShutdownHook] org.quartz.core.QuartzScheduler [QuartzScheduler.java:740] - Scheduler quartzScheduler_$_NON_CLUSTERED shutdown complete.
2025-05-14 15:39:32.533 INFO  [SpringApplicationShutdownHook] c.d.crawler.service.CrawlService [CrawlService.java:84] - Quartz scheduler shut down
2025-05-14 15:39:32.533 INFO  [SpringApplicationShutdownHook] c.d.crawler.service.CrawlService [CrawlService.java:88] - CrawlService stopped
2025-05-14 15:39:32.533 INFO  [SpringApplicationShutdownHook] o.s.s.quartz.SchedulerFactoryBean [SchedulerFactoryBean.java:845] - Shutting down Quartz Scheduler
2025-05-14 16:31:18.717 INFO  [restartedMain] c.dantri.crawler.CrawlerApplication [StartupInfoLogger.java:53] - Starting CrawlerApplication using Java 21.0.7 with PID 27314 (/home/son/Documents/hoc_java/Crawler/target/classes started by son in /home/son/Documents/hoc_java/Crawler)
2025-05-14 16:31:18.719 INFO  [restartedMain] c.dantri.crawler.CrawlerApplication [SpringApplication.java:652] - No active profile set, falling back to 1 default profile: "default"
2025-05-14 16:31:18.749 INFO  [restartedMain] o.s.b.d.e.DevToolsPropertyDefaultsPostProcessor [DeferredLog.java:252] - Devtools property defaults active! Set 'spring.devtools.add-properties' to 'false' to disable
2025-05-14 16:31:18.750 INFO  [restartedMain] o.s.b.d.e.DevToolsPropertyDefaultsPostProcessor [DeferredLog.java:252] - For additional web related logging consider setting the 'logging.level.web' property to 'DEBUG'
2025-05-14 16:31:19.134 INFO  [restartedMain] o.s.d.r.c.RepositoryConfigurationDelegate [RepositoryConfigurationDelegate.java:295] - Multiple Spring Data modules found, entering strict repository configuration mode
2025-05-14 16:31:19.136 INFO  [restartedMain] o.s.d.r.c.RepositoryConfigurationDelegate [RepositoryConfigurationDelegate.java:143] - Bootstrapping Spring Data Redis repositories in DEFAULT mode.
2025-05-14 16:31:19.159 INFO  [restartedMain] o.s.d.r.c.RepositoryConfigurationDelegate [RepositoryConfigurationDelegate.java:211] - Finished Spring Data repository scanning in 9 ms. Found 0 Redis repository interfaces.
2025-05-14 16:31:19.456 INFO  [restartedMain] o.s.b.w.e.tomcat.TomcatWebServer [TomcatWebServer.java:111] - Tomcat initialized with port 8080 (http)
2025-05-14 16:31:19.465 INFO  [restartedMain] o.a.coyote.http11.Http11NioProtocol [DirectJDKLog.java:168] - Initializing ProtocolHandler ["http-nio-8080"]
2025-05-14 16:31:19.467 INFO  [restartedMain] o.a.catalina.core.StandardService [DirectJDKLog.java:168] - Starting service [Tomcat]
2025-05-14 16:31:19.468 INFO  [restartedMain] o.a.catalina.core.StandardEngine [DirectJDKLog.java:168] - Starting Servlet engine: [Apache Tomcat/10.1.40]
2025-05-14 16:31:19.490 INFO  [restartedMain] o.a.c.c.C.[Tomcat].[localhost].[/] [DirectJDKLog.java:168] - Initializing Spring embedded WebApplicationContext
2025-05-14 16:31:19.490 INFO  [restartedMain] o.s.b.w.s.c.ServletWebServerApplicationContext [ServletWebServerApplicationContext.java:301] - Root WebApplicationContext: initialization completed in 740 ms
2025-05-14 16:31:19.526 INFO  [restartedMain] c.d.crawler.queue.CrawlQueueManager [CrawlQueueManager.java:20] - Queue capacity = 50000
2025-05-14 16:31:19.556 INFO  [restartedMain] org.quartz.impl.StdSchedulerFactory [StdSchedulerFactory.java:1220] - Using default implementation for ThreadExecutor
2025-05-14 16:31:19.564 INFO  [restartedMain] o.quartz.core.SchedulerSignalerImpl [SchedulerSignalerImpl.java:61] - Initialized Scheduler Signaller of type: class org.quartz.core.SchedulerSignalerImpl
2025-05-14 16:31:19.564 INFO  [restartedMain] org.quartz.core.QuartzScheduler [QuartzScheduler.java:229] - Quartz Scheduler v.2.3.2 created.
2025-05-14 16:31:19.565 INFO  [restartedMain] org.quartz.simpl.RAMJobStore [RAMJobStore.java:155] - RAMJobStore initialized.
2025-05-14 16:31:19.565 INFO  [restartedMain] org.quartz.core.QuartzScheduler [QuartzScheduler.java:294] - Scheduler meta-data: Quartz Scheduler (v2.3.2) 'quartzScheduler' with instanceId 'NON_CLUSTERED'
  Scheduler class: 'org.quartz.core.QuartzScheduler' - running locally.
  NOT STARTED.
  Currently in standby mode.
  Number of jobs executed: 0
  Using thread pool 'org.quartz.simpl.SimpleThreadPool' - with 10 threads.
  Using job-store 'org.quartz.simpl.RAMJobStore' - which does not support persistence. and is not clustered.

2025-05-14 16:31:19.565 INFO  [restartedMain] org.quartz.impl.StdSchedulerFactory [StdSchedulerFactory.java:1374] - Quartz scheduler 'quartzScheduler' initialized from an externally provided properties instance.
2025-05-14 16:31:19.565 INFO  [restartedMain] org.quartz.impl.StdSchedulerFactory [StdSchedulerFactory.java:1378] - Quartz scheduler version: 2.3.2
2025-05-14 16:31:19.565 INFO  [restartedMain] org.quartz.core.QuartzScheduler [QuartzScheduler.java:2293] - JobFactory set to: org.springframework.scheduling.quartz.SpringBeanJobFactory@a686200
2025-05-14 16:31:20.010 INFO  [restartedMain] o.s.b.d.a.OptionalLiveReloadServer [OptionalLiveReloadServer.java:59] - LiveReload server is running on port 35729
2025-05-14 16:31:20.020 INFO  [restartedMain] o.a.coyote.http11.Http11NioProtocol [DirectJDKLog.java:168] - Starting ProtocolHandler ["http-nio-8080"]
2025-05-14 16:31:20.029 INFO  [restartedMain] o.s.b.w.e.tomcat.TomcatWebServer [TomcatWebServer.java:243] - Tomcat started on port 8080 (http) with context path '/'
2025-05-14 16:31:20.031 INFO  [restartedMain] o.s.s.quartz.SchedulerFactoryBean [SchedulerFactoryBean.java:730] - Starting Quartz Scheduler now
2025-05-14 16:31:20.032 INFO  [restartedMain] org.quartz.core.QuartzScheduler [QuartzScheduler.java:547] - Scheduler quartzScheduler_$_NON_CLUSTERED started.
2025-05-14 16:31:20.043 INFO  [restartedMain] c.dantri.crawler.CrawlerApplication [StartupInfoLogger.java:59] - Started CrawlerApplication in 1.656 seconds (process running for 1.884)
2025-05-14 16:31:20.048 INFO  [Worker-0] c.dantri.crawler.worker.CrawlWorker [CrawlWorker.java:67] - Worker Worker-0 started
2025-05-14 16:31:20.049 INFO  [Worker-1] c.dantri.crawler.worker.CrawlWorker [CrawlWorker.java:67] - Worker Worker-1 started
2025-05-14 16:31:20.049 INFO  [Worker-2] c.dantri.crawler.worker.CrawlWorker [CrawlWorker.java:67] - Worker Worker-2 started
2025-05-14 16:31:20.049 INFO  [Worker-3] c.dantri.crawler.worker.CrawlWorker [CrawlWorker.java:67] - Worker Worker-3 started
2025-05-14 16:31:20.049 INFO  [Worker-4] c.dantri.crawler.worker.CrawlWorker [CrawlWorker.java:67] - Worker Worker-4 started
2025-05-14 16:31:20.049 INFO  [Worker-5] c.dantri.crawler.worker.CrawlWorker [CrawlWorker.java:67] - Worker Worker-5 started
2025-05-14 16:31:20.049 INFO  [restartedMain] c.d.crawler.service.CrawlService [CrawlService.java:47] - Started 6 CrawlWorker threads (maxLevel=4)
2025-05-14 16:31:20.052 INFO  [restartedMain] org.quartz.core.QuartzScheduler [QuartzScheduler.java:547] - Scheduler quartzScheduler_$_NON_CLUSTERED started.
2025-05-14 16:31:20.052 INFO  [restartedMain] c.d.crawler.service.CrawlService [CrawlService.java:72] - Quartz scheduler started: CrawlJob every 5 minutes
2025-05-14 16:31:20.056 INFO  [quartzScheduler_Worker-1] com.dantri.crawler.job.CrawlJob [CrawlJob.java:26] - Scheduled startUrl: https://dantri.com.vn/
2025-05-14 16:31:20.056 INFO  [quartzScheduler_Worker-1] com.dantri.crawler.job.CrawlJob [CrawlJob.java:26] - Scheduled startUrl: https://vnexpress.net/
2025-05-14 16:31:20.056 INFO  [quartzScheduler_Worker-1] com.dantri.crawler.job.CrawlJob [CrawlJob.java:26] - Scheduled startUrl: https://tuoitre.vn/
2025-05-14 16:31:20.056 INFO  [quartzScheduler_Worker-1] com.dantri.crawler.job.CrawlJob [CrawlJob.java:26] - Scheduled startUrl: https://vietnamnet.vn/
2025-05-14 16:31:20.056 INFO  [quartzScheduler_Worker-1] com.dantri.crawler.job.CrawlJob [CrawlJob.java:26] - Scheduled startUrl: https://tienphong.vn/
2025-05-14 16:31:20.056 INFO  [quartzScheduler_Worker-1] com.dantri.crawler.job.CrawlJob [CrawlJob.java:26] - Scheduled startUrl: https://thanhnien.vn/
2025-05-14 16:31:20.056 INFO  [quartzScheduler_Worker-1] com.dantri.crawler.job.CrawlJob [CrawlJob.java:26] - Scheduled startUrl: https://vtcnews.vn/
2025-05-14 16:31:20.056 INFO  [quartzScheduler_Worker-1] com.dantri.crawler.job.CrawlJob [CrawlJob.java:26] - Scheduled startUrl: https://danviet.vn/
2025-05-14 16:31:20.056 INFO  [quartzScheduler_Worker-1] com.dantri.crawler.job.CrawlJob [CrawlJob.java:26] - Scheduled startUrl: https://nhandan.vn/
2025-05-14 16:31:20.057 INFO  [quartzScheduler_Worker-1] com.dantri.crawler.job.CrawlJob [CrawlJob.java:26] - Scheduled startUrl: https://www.qdnd.vn/
2025-05-14 16:31:20.057 INFO  [quartzScheduler_Worker-1] com.dantri.crawler.job.CrawlJob [CrawlJob.java:26] - Scheduled startUrl: https://soha.vn/
2025-05-14 16:31:20.057 INFO  [quartzScheduler_Worker-1] com.dantri.crawler.job.CrawlJob [CrawlJob.java:26] - Scheduled startUrl: https://baochinhphu.vn/
2025-05-14 16:31:21.594 INFO  [Worker-4] c.d.crawler.storage.ArticleStorage [ArticleStorage.java:52] - Saved article: https://vnexpress.net/de-xuat-bo-mo-hinh-dai-hoc-quoc-gia-4885895.html via JSON-LD+Tags
2025-05-14 16:31:21.610 INFO  [Worker-2] c.d.crawler.storage.ArticleStorage [ArticleStorage.java:52] - Saved article: https://tuoitre.vn/chung-toi-khong-biet-giai-thich-voi-nuoc-ngoai-the-nao-ve-truong-dai-hoc-trong-dai-hoc-20250514153537774.htm via JSON-LD+Tags
2025-05-14 16:31:21.612 INFO  [Worker-5] c.d.crawler.storage.ArticleStorage [ArticleStorage.java:52] - Saved article: https://thanhnien.vn/cuu-cuc-truong-cuc-an-toan-thuc-pham-5-lan-duoc-cap-duoi-dua-phong-bi-185250514145232626.htm via JSON-LD+Tags
2025-05-14 16:31:21.634 INFO  [Worker-1] c.d.crawler.storage.ArticleStorage [ArticleStorage.java:52] - Saved article: https://vnexpress.net/anh-ve-tinh-loat-can-cu-pakistan-trung-don-khong-kich-cua-an-do-4885418.html via JSON-LD+Tags
2025-05-14 16:31:21.765 INFO  [Worker-0] c.d.crawler.storage.ArticleStorage [ArticleStorage.java:52] - Saved article: https://thanhnien.vn/ky-luat-hoc-sinh-3-cau-chuyen-cho-nghi-hoc-chang-dang-dung-185250514105616509.htm via JSON-LD+Tags
2025-05-14 16:31:21.886 INFO  [Worker-2] c.d.crawler.storage.ArticleStorage [ArticleStorage.java:52] - Saved article: https://vnexpress.net/de-xuat-tang-quyen-quyet-van-de-ngan-sach-cua-thu-tuong-4885893.html via JSON-LD+Tags
2025-05-14 16:31:21.930 INFO  [Worker-4] c.d.crawler.storage.ArticleStorage [ArticleStorage.java:52] - Saved article: https://tuoitre.vn/sau-sat-hach-xe-o-to-csgt-tp-hcm-tiep-tuc-to-chuc-thi-sat-hach-xe-may-lan-dau-voi-300-hoc-vien-20250514155157969.htm via JSON-LD+Tags
2025-05-14 16:31:21.960 INFO  [Worker-5] c.d.crawler.storage.ArticleStorage [ArticleStorage.java:52] - Saved article: https://thanhnien.vn/ket-qua-xo-so-hom-nay-kqxs-xo-so-truc-tiep-thu-tu-ngay-1452025-185250514153215544.htm via JSON-LD+Tags
2025-05-14 16:31:21.967 INFO  [Worker-1] c.d.crawler.storage.ArticleStorage [ArticleStorage.java:52] - Saved article: https://tuoitre.vn/khuyen-sinh-can-bai-toan-lau-dai-ve-giao-duc-y-te-nha-o-20250512102408223.htm via JSON-LD+Tags
2025-05-14 16:31:22.188 INFO  [Worker-0] c.d.crawler.storage.ArticleStorage [ArticleStorage.java:52] - Saved article: https://thanhnien.vn/bi-quyet-on-thi-thpt-2025-mon-lich-su-chuyen-de-1-trat-tu-the-gioi-trong-va-sau-chien-tranh-lanh-185250513193846306.htm via JSON-LD+Tags
2025-05-14 16:31:22.216 INFO  [Worker-4] c.d.crawler.storage.ArticleStorage [ArticleStorage.java:52] - Saved article: https://tuoitre.vn/song-trong-vung-du-an-cang-nuoc-sau-dan-can-rang-xay-nha-trai-phep-vi-chua-biet-ngay-di-doi-20250514152708112.htm via JSON-LD+Tags
2025-05-14 16:31:22.218 INFO  [Worker-2] c.d.crawler.storage.ArticleStorage [ArticleStorage.java:52] - Saved article: https://thanhnien.vn/4-bo-phan-can-kiem-tra-khi-mua-o-to-ton-kho-185250512153849229.htm via JSON-LD+Tags
2025-05-14 16:31:22.256 INFO  [Worker-1] c.d.crawler.storage.ArticleStorage [ArticleStorage.java:52] - Saved article: https://thanhnien.vn/bi-quyet-on-thi-tot-nghiep-thpt-dat-diem-cao-he-thong-kien-thuc-mon-lich-su-185250513104001259.htm via JSON-LD+Tags
2025-05-14 16:31:22.495 INFO  [Worker-5] c.d.crawler.storage.ArticleStorage [ArticleStorage.java:52] - Saved article: https://thanhnien.vn/hang-trieu-may-tinh-gap-nguy-hiem-vi-bo-mach-chu-asus-185250514160852603.htm via JSON-LD+Tags
2025-05-14 16:31:22.536 INFO  [Worker-4] c.d.crawler.storage.ArticleStorage [ArticleStorage.java:52] - Saved article: https://thanhnien.vn/da-den-luc-manh-tay-siet-khi-thai-xe-may-o-to-185250514160317278.htm via JSON-LD+Tags
2025-05-14 16:31:22.543 INFO  [Worker-1] c.d.crawler.storage.ArticleStorage [ArticleStorage.java:52] - Saved article: https://tuoitre.vn/vi-sao-quang-ngai-de-nghi-dau-tu-duong-sat-noi-khu-kinh-te-dung-quat-20250514152405344.htm via JSON-LD+Tags
2025-05-14 16:31:22.554 INFO  [Worker-2] c.d.crawler.storage.ArticleStorage [ArticleStorage.java:52] - Saved article: https://tuoitre.vn/nhen-chinh-sua-gene-ban-ra-to-do-20250514102203994.htm via JSON-LD+Tags
2025-05-14 16:31:22.608 INFO  [Worker-0] c.d.crawler.storage.ArticleStorage [ArticleStorage.java:52] - Saved article: https://tuoitre.vn/hon-900-gian-hang-gioi-thieu-san-pham-cong-nghe-xanh-va-tien-tien-nganh-xay-dung-20250514154937074.htm via JSON-LD+Tags
2025-05-14 16:31:22.793 INFO  [Worker-5] c.d.crawler.storage.ArticleStorage [ArticleStorage.java:52] - Saved article: https://tuoitre.vn/my-trung-ha-nhiet-thue-quan-chi-la-binh-yen-truoc-con-bao-20250514153214869.htm via JSON-LD+Tags
2025-05-14 16:31:22.904 INFO  [Worker-2] c.d.crawler.storage.ArticleStorage [ArticleStorage.java:52] - Saved article: https://tuoitre.vn/my-trung-hoa-hoan-thuong-chien-20250513074725883.htm via JSON-LD+Tags
2025-05-14 16:31:22.911 INFO  [Worker-4] c.d.crawler.storage.ArticleStorage [ArticleStorage.java:52] - Saved article: https://tuoitre.vn/ong-trump-lac-quan-ve-su-thiet-lap-lai-hoan-toan-thong-bao-sap-dien-dam-voi-ong-tap-2025051300055025.htm via JSON-LD+Tags
2025-05-14 16:31:22.911 INFO  [Worker-0] c.d.crawler.storage.ArticleStorage [ArticleStorage.java:52] - Saved article: https://tuoitre.vn/khong-co-chuyen-nhat-ban-ngung-tiem-chung-de-giam-tu-vong-o-tre-em-20250514155212749.htm via JSON-LD+Tags
2025-05-14 16:31:23.057 INFO  [Worker-5] c.d.crawler.storage.ArticleStorage [ArticleStorage.java:52] - Saved article: https://tuoitre.vn/cap-thuoc-2-thang-lan-nguoi-benh-do-di-lai-benh-vien-giam-tai-vi-sao-chua-nhieu-noi-thuc-hien-20250514155947106.htm via JSON-LD+Tags
2025-05-14 16:31:23.187 INFO  [Worker-2] c.d.crawler.storage.ArticleStorage [ArticleStorage.java:52] - Saved article: https://thanhnien.vn/ong-trump-lan-dau-gap-lanh-dao-syria-mo-ra-buoc-ngoat-moi-o-trung-dong-185250514154722082.htm via JSON-LD+Tags
2025-05-14 16:31:23.192 INFO  [Worker-0] c.d.crawler.storage.ArticleStorage [ArticleStorage.java:52] - Saved article: https://thanhnien.vn/long-an-chan-duong-tinh-dich-danh-chet-nguoi-185250513171505591.htm via JSON-LD+Tags
2025-05-14 16:31:23.237 INFO  [Worker-1] c.d.crawler.storage.ArticleStorage [ArticleStorage.java:52] - Saved article: https://thanhnien.vn/loi-khai-bat-ngo-cua-chu-tich-cong-ty-tuon-dat-hiem-sang-trung-quoc-185250513190911594.htm via JSON-LD+Tags
2025-05-14 16:31:23.338 INFO  [Worker-5] c.d.crawler.storage.ArticleStorage [ArticleStorage.java:52] - Saved article: https://thanhnien.vn/lich-thi-dau-clb-cahn-buriram-united-hom-nay-quyet-thang-doi-tuyen-thai-lan-thu-nho-185250513223813959.htm via JSON-LD+Tags
2025-05-14 16:31:23.402 INFO  [Worker-4] c.d.crawler.storage.ArticleStorage [ArticleStorage.java:52] - Saved article: https://tuoitre.vn/sau-kfc-den-luot-jollibee-len-tieng-ve-tai-khoan-cot-nha-2025051013520104.htm via JSON-LD+Tags
2025-05-14 16:31:23.473 INFO  [Worker-2] c.d.crawler.storage.ArticleStorage [ArticleStorage.java:52] - Saved article: https://tuoitre.vn/tong-thong-putin-doanh-nghiep-nuoc-ngoai-muon-quay-lai-nga-loi-xin-loi-la-chua-du-20250514152854363.htm via JSON-LD+Tags
2025-05-14 16:31:23.509 INFO  [Worker-1] c.d.crawler.storage.ArticleStorage [ArticleStorage.java:52] - Saved article: https://tuoitre.vn/dia-suoi-5cm-ky-sinh-trong-duong-tho-em-be-3-tuoi-20250514152902262.htm via JSON-LD+Tags
2025-05-14 16:31:23.614 INFO  [Worker-5] c.d.crawler.storage.ArticleStorage [ArticleStorage.java:52] - Saved article: https://tuoitre.vn/de-xuat-can-bo-dan-su-tham-gia-luc-luong-gin-giu-hoa-binh-cua-lien-hiep-quoc-20250514151342921.htm via JSON-LD+Tags
2025-05-14 16:31:23.734 INFO  [Worker-3] c.d.crawler.storage.ArticleStorage [ArticleStorage.java:52] - Saved article: https://tuoitre.vn/viet-nam-muon-hop-tac-phat-trien-ai-va-ban-dan-voi-cac-tap-doan-cong-nghe-cua-my-20250514153159953.htm via JSON-LD+Tags
2025-05-14 16:31:23.756 INFO  [Worker-1] c.d.crawler.storage.ArticleStorage [ArticleStorage.java:52] - Saved article: https://tuoitre.vn/may-bay-huan-luyen-nhat-ban-roi-chua-ro-nguyen-nhan-20250514154138774.htm via JSON-LD+Tags
2025-05-14 16:31:23.758 INFO  [Worker-2] c.d.crawler.storage.ArticleStorage [ArticleStorage.java:52] - Saved article: https://thanhnien.vn/phat-hien-loai-cu-qua-dan-da-la-khac-tinh-cua-ung-thu-18525051416145088.htm via JSON-LD+Tags
2025-05-14 16:31:23.773 INFO  [Worker-0] c.d.crawler.storage.ArticleStorage [ArticleStorage.java:52] - Saved article: https://tuoitre.vn/eu-tung-ra-goi-trung-phat-thu-17-nham-vao-nga-20250514154107595.htm via JSON-LD+Tags
2025-05-14 16:31:23.843 INFO  [Worker-4] c.d.crawler.storage.ArticleStorage [ArticleStorage.java:52] - Saved article: https://tuoitre.vn/video/xac-minh-clip-nam-thanh-nien-mac-do-kiem-hiep-boc-dau-xe-bang-mot-tay-180068.htm via JSON-LD+Tags
2025-05-14 16:31:23.858 INFO  [Worker-5] c.d.crawler.storage.ArticleStorage [ArticleStorage.java:52] - Saved article: https://tienphong.vn/nong-145-vien-dinh-duong-noi-gi-khi-bi-gan-mac-tren-san-pham-sua-nestle-milo-post1742196.tpo via JSON-LD+Tags
2025-05-14 16:31:23.978 INFO  [Worker-3] c.d.crawler.storage.ArticleStorage [ArticleStorage.java:52] - Saved article: https://tienphong.vn/de-xuat-bo-sung-tham-quyen-cua-thu-tuong-trong-thu-chi-ngan-sach-nha-nuoc-post1742184.tpo via JSON-LD+Tags
2025-05-14 16:31:24.012 INFO  [Worker-0] c.d.crawler.storage.ArticleStorage [ArticleStorage.java:52] - Saved article: https://tienphong.vn/nhan-to-iran-va-cuoc-gap-lich-su-cua-ong-trump-voi-lanh-dao-syria-post1742194.tpo via JSON-LD+Tags
2025-05-14 16:31:24.015 INFO  [Worker-1] c.d.crawler.storage.ArticleStorage [ArticleStorage.java:52] - Saved article: https://tuoitre.vn/loat-cong-trinh-san-view-tren-dat-lua-nong-nghiep-chinh-quyen-len-ke-hoach-cuong-che-20250514151041633.htm via JSON-LD+Tags
2025-05-14 16:31:24.100 INFO  [Worker-5] c.d.crawler.storage.ArticleStorage [ArticleStorage.java:52] - Saved article: https://tuoitre.vn/loi-dung-chinh-sach-nhan-dao-nguoi-phu-nu-o-phu-quoc-tiep-tuc-lua-dao-20250514145551109.htm via JSON-LD+Tags
2025-05-14 16:31:24.226 INFO  [Worker-3] c.d.crawler.storage.ArticleStorage [ArticleStorage.java:52] - Saved article: https://tuoitre.vn/chu-no-chem-con-no-vi-doi-tien-khong-duoc-20250514141300232.htm via JSON-LD+Tags
2025-05-14 16:31:24.252 INFO  [Worker-1] c.d.crawler.storage.ArticleStorage [ArticleStorage.java:52] - Saved article: https://tienphong.vn/cong-an-thong-tin-ve-clip-thanh-nien-hoa-trang-than-dieu-dai-hiep-boc-dau-xe-tren-duong-post1742211.tpo via JSON-LD+Tags
2025-05-14 16:31:24.337 INFO  [Worker-5] c.d.crawler.storage.ArticleStorage [ArticleStorage.java:52] - Saved article: https://tienphong.vn/bi-an-7-ho-sau-bat-ngo-xuat-hien-giua-lang-nhieu-nha-phai-di-doi-post1742201.tpo via JSON-LD+Tags
2025-05-14 16:31:24.536 INFO  [Worker-0] c.d.crawler.storage.ArticleStorage [ArticleStorage.java:52] - Saved article: https://tienphong.vn/sao-trung-quoc-mac-ho-bi-bao-ve-moi-roi-khoi-tham-do-cannes-post1742182.tpo via JSON-LD+Tags
2025-05-14 16:31:24.595 INFO  [Worker-5] c.d.crawler.storage.ArticleStorage [ArticleStorage.java:52] - Saved article: https://vietnamnet.vn/thu-tuong-chi-dao-thanh-lap-to-cong-tac-dac-biet-truy-quet-hang-gia-2401091.html via JSON-LD+Tags
2025-05-14 16:31:24.668 INFO  [Worker-3] c.d.crawler.storage.ArticleStorage [ArticleStorage.java:52] - Saved article: https://vietnamnet.vn/an-do-ca-ngoi-rong-lua-s-400-cua-nga-trong-xung-dot-voi-pakistan-2400949.html via JSON-LD+Tags
2025-05-14 16:31:24.700 INFO  [Worker-4] c.d.crawler.storage.ArticleStorage [ArticleStorage.java:52] - Saved article: https://vietnamnet.vn/luong-chuyen-gia-tu-van-mua-thuoc-thiet-bi-y-te-sap-duoc-tang-toi-70-trieu-dong-2400731.html via JSON-LD+Tags
2025-05-14 16:31:24.775 INFO  [Worker-0] c.d.crawler.storage.ArticleStorage [ArticleStorage.java:52] - Saved article: https://tuoitre.vn/video/ong-trump-bi-chi-trich-la-vi-hien-khi-nhan-may-bay-400-trieu-usd-tu-qatar-180069.htm via JSON-LD+Tags
2025-05-14 16:31:24.853 INFO  [Worker-5] c.d.crawler.storage.ArticleStorage [ArticleStorage.java:52] - Saved article: https://tienphong.vn/sap-xep-don-vi-hanh-chinh-de-xuat-lap-nhieu-tuyen-xe-buyt-lien-tinh-post1742204.tpo via JSON-LD+Tags
2025-05-14 16:31:24.880 INFO  [Worker-1] c.d.crawler.storage.ArticleStorage [ArticleStorage.java:52] - Saved article: https://tienphong.vn/cong-an-ha-noi-bieu-duong-ton-vinh-guong-dien-hinh-trong-phong-trao-thi-dua-vi-an-ninh-to-quoc-post1742183.tpo via JSON-LD+Tags
2025-05-14 16:31:24.926 INFO  [Worker-3] c.d.crawler.storage.ArticleStorage [ArticleStorage.java:52] - Saved article: https://tienphong.vn/lam-gia-thong-bao-cua-cong-an-tinh-de-lua-dao-post1742145.tpo via JSON-LD+Tags
2025-05-14 16:31:24.953 INFO  [Worker-4] c.d.crawler.storage.ArticleStorage [ArticleStorage.java:52] - Saved article: https://tienphong.vn/bat-mot-giam-doc-cong-ty-o-binh-duong-ve-toi-lua-dao-post1741915.tpo via JSON-LD+Tags
2025-05-14 16:31:25.008 INFO  [Worker-0] c.d.crawler.storage.ArticleStorage [ArticleStorage.java:52] - Saved article: https://tienphong.vn/bat-hai-doi-tuong-dung-ung-dung-vay-tien-lua-hon-32-ty-dong-post1742106.tpo via JSON-LD+Tags
2025-05-14 16:31:25.089 INFO  [Worker-5] c.d.crawler.storage.ArticleStorage [ArticleStorage.java:52] - Saved article: https://tienphong.vn/nga-tiet-lo-loai-vu-khi-co-kha-nang-xuyen-thung-moi-xe-tang-cua-ukraine-post1742178.tpo via JSON-LD+Tags
2025-05-14 16:31:25.096 INFO  [Worker-2] c.d.crawler.storage.ArticleStorage [ArticleStorage.java:52] - Saved article: https://tienphong.vn/ten-lua-houthi-suyt-ban-trung-tiem-kich-tang-hinh-f-35-cua-my-post1742216.tpo via JSON-LD+Tags
2025-05-14 16:31:25.122 INFO  [Worker-1] c.d.crawler.storage.ArticleStorage [ArticleStorage.java:52] - Saved article: https://tuoitre.vn/duong-len-cua-khau-quoc-te-cha-lo-te-liet-vi-hang-tram-xe-tai-un-tac-20250514160640486.htm via JSON-LD+Tags
2025-05-14 16:31:25.184 INFO  [Worker-4] c.d.crawler.storage.ArticleStorage [ArticleStorage.java:52] - Saved article: https://tienphong.vn/the-he-tre-mang-vang-muoi-den-dai-hoi-thanh-nien-tien-tien-lam-theo-loi-bac-post1741978.tpo via JSON-LD+Tags
2025-05-14 16:31:25.237 INFO  [Worker-3] c.d.crawler.storage.ArticleStorage [ArticleStorage.java:52] - Saved article: https://dantri.com.vn/phap-luat/phat-hien-gan-8-tan-sua-thuc-pham-chuc-nang-khong-nguon-goc-xuat-xu-20250514154442454.htm via JSON-LD+Tags
2025-05-14 16:31:25.249 INFO  [Worker-0] c.d.crawler.storage.ArticleStorage [ArticleStorage.java:52] - Saved article: https://tuoitre.vn/serie-a-lay-lai-vi-the-20250514102213592.htm via JSON-LD+Tags
2025-05-14 16:31:25.332 INFO  [Worker-5] c.d.crawler.storage.ArticleStorage [ArticleStorage.java:52] - Saved article: https://dantri.com.vn/giai-tri/bung-no-ran-nut-voi-bo-me-brooklyn-beckham-thay-an-toan-khi-o-ben-nha-vo-20250514152657755.htm via JSON-LD+Tags
2025-05-14 16:31:25.347 INFO  [Worker-2] c.d.crawler.storage.ArticleStorage [ArticleStorage.java:52] - Saved article: https://dantri.com.vn/noi-vu/de-xuat-luat-hoa-lam-viec-tu-xa-gan-voi-vi-tri-viec-lam-cua-cong-chuc-20250514151237916.htm via JSON-LD+Tags
2025-05-14 16:31:25.377 INFO  [Worker-1] c.d.crawler.storage.ArticleStorage [ArticleStorage.java:52] - Saved article: https://tuoitre.vn/se-xu-ly-trach-nhiem-nha-truong-dan-hoc-sinh-viet-don-tu-nguyen-nghi-hoc-20250514161515642.htm via JSON-LD+Tags
2025-05-14 16:31:25.426 INFO  [Worker-4] c.d.crawler.storage.ArticleStorage [ArticleStorage.java:52] - Saved article: https://tuoitre.vn/xuat-hien-hao-quang-vay-quanh-mat-troi-o-quang-ngai-20250514161230897.htm via JSON-LD+Tags
2025-05-14 16:31:25.487 INFO  [Worker-3] c.d.crawler.storage.ArticleStorage [ArticleStorage.java:52] - Saved article: https://tienphong.vn/khach-nu-quen-tui-xach-dung-nhieu-tien-tren-tau-hoa-post1742187.tpo via JSON-LD+Tags
2025-05-14 16:31:25.497 INFO  [Worker-0] c.d.crawler.storage.ArticleStorage [ArticleStorage.java:52] - Saved article: https://dantri.com.vn/o-to-xe-may/chay-cat-mat-o-to-nguoi-phu-nu-di-xe-may-bi-dam-nga-nhao-20250514145856414.htm via JSON-LD+Tags
2025-05-14 16:31:25.605 INFO  [Worker-2] c.d.crawler.storage.ArticleStorage [ArticleStorage.java:52] - Saved article: https://dantri.com.vn/ban-doc/vu-quan-ca-phe-cua-nguyen-can-bo-toa-an-yeu-cau-xu-ly-dut-diem-20250513181331597.htm via JSON-LD+Tags
2025-05-14 16:31:25.635 INFO  [Worker-1] c.d.crawler.storage.ArticleStorage [ArticleStorage.java:52] - Saved article: https://tuoitre.vn/loi-chui-mang-cua-cha-me-am-anh-tam-ly-con-suot-doi-20250514113044728.htm via JSON-LD+Tags
2025-05-14 16:31:25.661 INFO  [Worker-4] c.d.crawler.storage.ArticleStorage [ArticleStorage.java:52] - Saved article: https://tienphong.vn/gamuda-land-viet-nam-nhan-cu-dup-giai-thuong-post1741828.tpo via JSON-LD+Tags
2025-05-14 16:31:25.745 INFO  [Worker-0] c.d.crawler.storage.ArticleStorage [ArticleStorage.java:52] - Saved article: https://tienphong.vn/phat-hien-qua-bom-nang-gan-200kg-khi-dao-muong-post1741829.tpo via JSON-LD+Tags
2025-05-14 16:31:25.852 INFO  [Worker-3] c.d.crawler.storage.ArticleStorage [ArticleStorage.java:52] - Saved article: https://dantri.com.vn/xa-hoi/ninh-binh-thanh-lap-trung-tam-dieu-hanh-giao-thong-20250514155206423.htm via JSON-LD+Tags
2025-05-14 16:31:25.891 INFO  [Worker-1] c.d.crawler.storage.ArticleStorage [ArticleStorage.java:52] - Saved article: https://dantri.com.vn/xa-hoi/di-san-the-gioi-trang-an-se-thuoc-nhung-phuong-nao-sau-sap-xep-20250514153723164.htm via JSON-LD+Tags
2025-05-14 16:31:25.912 INFO  [Worker-4] c.d.crawler.storage.ArticleStorage [ArticleStorage.java:52] - Saved article: https://dantri.com.vn/xa-hoi/nguoi-phu-nu-bi-tau-hoa-tong-khi-bang-qua-duong-sat-o-quang-ninh-20250514153427288.htm via JSON-LD+Tags
2025-05-14 16:31:25.939 INFO  [Worker-2] c.d.crawler.storage.ArticleStorage [ArticleStorage.java:52] - Saved article: https://dantri.com.vn/the-gioi/an-do-ong-trump-khong-lam-trung-gian-cho-lenh-ngung-ban-20250514153934940.htm via JSON-LD+Tags
2025-05-14 16:31:26.031 INFO  [Worker-0] c.d.crawler.storage.ArticleStorage [ArticleStorage.java:52] - Saved article: https://dantri.com.vn/the-gioi/ong-trump-gap-tong-thong-lam-thoi-syria-sau-thong-bao-do-bo-trung-phat-20250514161111349.htm via JSON-LD+Tags
2025-05-14 16:31:26.147 INFO  [Worker-3] c.d.crawler.storage.ArticleStorage [ArticleStorage.java:52] - Saved article: https://dantri.com.vn/the-gioi/an-do-pakistan-an-mieng-tra-mieng-tren-mat-tran-ngoai-giao-20250514152722010.htm via JSON-LD+Tags
2025-05-14 16:31:26.159 INFO  [Worker-1] c.d.crawler.storage.ArticleStorage [ArticleStorage.java:52] - Saved article: https://tienphong.vn/sat-lo-hang-chuc-met-duong-sup-xuong-song-post1741872.tpo via JSON-LD+Tags
2025-05-14 16:31:26.505 INFO  [Worker-0] c.d.crawler.storage.ArticleStorage [ArticleStorage.java:52] - Saved article: https://dantri.com.vn/lao-dong-viec-lam/thap-sang-den-tren-bien-cung-ngu-dan-vuon-khoi-lam-giau-20250514145043003.htm via JSON-LD+Tags
2025-05-14 16:31:26.595 INFO  [Worker-5] c.d.crawler.storage.ArticleStorage [ArticleStorage.java:52] - Saved article: https://nhandan.vn/anh-tham-nha-tuong-niem-dai-tuong-vo-nguyen-giap-o-lang-an-xa-post879615.html via JSON-LD+Tags
2025-05-14 16:31:26.618 INFO  [Worker-2] c.d.crawler.storage.ArticleStorage [ArticleStorage.java:52] - Saved article: https://nhandan.vn/can-bo-cong-chuc-vien-chuc-nha-nuoc-co-the-tham-gia-luc-luong-gin-giu-hoa-binh-post879611.html via JSON-LD+Tags
2025-05-14 16:31:26.622 INFO  [Worker-3] c.d.crawler.storage.ArticleStorage [ArticleStorage.java:52] - Saved article: https://nhandan.vn/phat-huy-vai-tro-cua-cong-dong-nguoi-viet-trong-viec-gin-giu-va-phat-trien-quan-he-dac-biet-viet-nam-cuba-post879613.html via JSON-LD+Tags
2025-05-14 16:31:26.637 INFO  [Worker-1] c.d.crawler.storage.ArticleStorage [ArticleStorage.java:52] - Saved article: https://nhandan.vn/giai-phap-phat-trien-to-chuc-dang-va-dang-vien-o-cac-doanh-nghiep-ngoai-nha-nuoc-o-lao-cai-post879155.html via JSON-LD+Tags
2025-05-14 16:31:26.675 INFO  [Worker-4] c.d.crawler.storage.ArticleStorage [ArticleStorage.java:52] - Saved article: https://dantri.com.vn/the-thao/afc-than-phuc-doi-truong-35-tuoi-cua-tuyen-futsal-nu-viet-nam-20250514115744415.htm via JSON-LD+Tags
2025-05-14 16:31:26.724 INFO  [Worker-0] c.d.crawler.storage.ArticleStorage [ArticleStorage.java:52] - Saved article: https://nhandan.vn/bac-kan-cong-bo-tinh-huong-khan-cap-ve-tinh-trang-sut-lun-o-na-ri-post879616.html via JSON-LD+Tags
2025-05-14 16:31:26.830 INFO  [Worker-5] c.d.crawler.storage.ArticleStorage [ArticleStorage.java:52] - Saved article: https://nhandan.vn/mo-hinh-chinh-quyen-dia-phuong-2-cap-tao-da-cho-dat-nuoc-buoc-vao-ky-nguyen-moi-post874688.html via Meta
2025-05-14 16:31:26.856 INFO  [Worker-2] c.d.crawler.storage.ArticleStorage [ArticleStorage.java:52] - Saved article: https://nhandan.vn/to-chuc-chinh-quyen-dia-phuong-2-cap-huong-den-hieu-nang-hieu-luc-hieu-qua-post877567.html via JSON-LD+Tags
2025-05-14 16:31:26.864 INFO  [Worker-3] c.d.crawler.storage.ArticleStorage [ArticleStorage.java:52] - Saved article: https://nhandan.vn/trinh-quoc-hoi-sua-luat-de-thuc-hien-mo-hinh-chinh-quyen-dia-phuong-2-cap-post877833.html via JSON-LD+Tags
2025-05-14 16:31:26.869 INFO  [Worker-1] c.d.crawler.storage.ArticleStorage [ArticleStorage.java:52] - Saved article: https://nhandan.vn/thu-hoi-mot-loat-giay-tiep-nhan-dang-ky-cong-bo-thuc-pham-bao-ve-suc-khoe-post879614.html via JSON-LD+Tags
2025-05-14 16:31:27.009 INFO  [Worker-4] c.d.crawler.storage.ArticleStorage [ArticleStorage.java:52] - Saved article: https://nhandan.vn/dia-phuong/quang-binh/44.html via Meta+Tags
2025-05-14 16:31:27.094 INFO  [Worker-2] c.d.crawler.storage.ArticleStorage [ArticleStorage.java:52] - Saved article: https://nhandan.vn/dia-phuong/lao-cai/35.html via Meta+Tags
2025-05-14 16:31:27.114 INFO  [Worker-3] c.d.crawler.storage.ArticleStorage [ArticleStorage.java:52] - Saved article: https://nhandan.vn/dia-phuong/bac-kan/6.html via Meta+Tags
2025-05-14 16:31:27.123 INFO  [Worker-1] c.d.crawler.storage.ArticleStorage [ArticleStorage.java:52] - Saved article: https://nhandan.vn/quy-hoach-cang-bien-soc-trang-theo-tieu-chi-cang-xanh-cang-bien-thong-minh-post879596.html via JSON-LD+Tags
2025-05-14 16:31:27.430 INFO  [Worker-5] c.d.crawler.storage.ArticleStorage [ArticleStorage.java:52] - Saved article: https://nhandan.vn/hai-tinh-thanh-hoa-hua-phan-ky-ket-thoa-thuan-hop-tac-post879606.html via JSON-LD+Tags
2025-05-14 16:31:27.508 INFO  [Worker-1] c.d.crawler.storage.ArticleStorage [ArticleStorage.java:52] - Saved article: https://nhandan.vn/bao-dam-an-ninh-quoc-phong-cac-dao-tien-tieu-noi-cuc-nam-to-quoc-post879597.html via JSON-LD+Tags
2025-05-14 16:31:27.523 INFO  [Worker-2] c.d.crawler.storage.ArticleStorage [ArticleStorage.java:52] - Saved article: https://nhandan.vn/dia-phuong/thanh-hoa/58.html via Meta+Tags
2025-05-14 16:31:27.538 INFO  [http-nio-8080-exec-1] o.a.c.c.C.[Tomcat].[localhost].[/] [DirectJDKLog.java:168] - Initializing Spring DispatcherServlet 'dispatcherServlet'
2025-05-14 16:31:27.539 INFO  [http-nio-8080-exec-1] o.s.web.servlet.DispatcherServlet [FrameworkServlet.java:532] - Initializing Servlet 'dispatcherServlet'
2025-05-14 16:31:27.541 INFO  [http-nio-8080-exec-1] o.s.web.servlet.DispatcherServlet [FrameworkServlet.java:554] - Completed initialization in 2 ms
2025-05-14 16:31:27.594 INFO  [Worker-4] c.d.crawler.storage.ArticleStorage [ArticleStorage.java:52] - Saved article: https://nhandan.vn/thai-nguyen-dua-giao-duc-lich-su-dia-phuong-di-san-van-hoa-vao-truong-hoc-post879608.html via JSON-LD+Tags
2025-05-14 16:31:27.632 INFO  [Worker-0] c.d.crawler.storage.ArticleStorage [ArticleStorage.java:52] - Saved article: https://nhandan.vn/dia-phuong/thai-nguyen/57.html via Meta
2025-05-14 16:31:27.747 INFO  [Worker-5] c.d.crawler.storage.ArticleStorage [ArticleStorage.java:52] - Saved article: https://nhandan.vn/ho-tro-von-cong-nghe-va-ky-nang-khoi-nghiep-cho-thanh-nien-khuyet-tat-post879585.html via JSON-LD+Tags
2025-05-14 16:31:27.759 INFO  [Worker-1] c.d.crawler.storage.ArticleStorage [ArticleStorage.java:52] - Saved article: https://nhandan.vn/tuyen-dai-bieu-viet-nam-giao-luu-quoc-te-he-2025-tai-nhat-ban-han-quoc-va-thai-lan-post879589.html via JSON-LD+Tags
2025-05-14 16:31:27.771 INFO  [Worker-3] c.d.crawler.storage.ArticleStorage [ArticleStorage.java:52] - Saved article: https://nhandan.vn/500-dai-bieu-chinh-thuc-du-dai-hoi-chau-ngoan-bac-ho-toan-quoc-lan-thu-x-post877561.html via JSON-LD+Tags
2025-05-14 16:31:27.877 INFO  [Worker-4] c.d.crawler.storage.ArticleStorage [ArticleStorage.java:52] - Saved article: https://nhandan.vn/thanh-hoa-co-the-bo-tri-uy-vien-ban-thuong-vu-tinh-uy-lam-bi-thu-cap-xa-post879601.html via JSON-LD+Tags
2025-05-14 16:31:28.119 INFO  [Worker-0] c.d.crawler.storage.ArticleStorage [ArticleStorage.java:52] - Saved article: https://vtcnews.vn/hinh-anh-xa-loi-duc-phat-duoc-an-vi-tai-chua-quan-su-ar943129.html via JSON-LD+Tags
2025-05-14 16:31:28.761 INFO  [Worker-5] c.d.crawler.storage.ArticleStorage [ArticleStorage.java:52] - Saved article: https://nhandan.vn/trao-tang-va-truy-tang-huy-hieu-dang-cho-653-dang-vien-tai-tuyen-quang-dip-195-post879619.html via JSON-LD+Tags
2025-05-14 16:31:29.049 INFO  [Worker-4] c.d.crawler.storage.ArticleStorage [ArticleStorage.java:52] - Saved article: https://soha.vn/be-2-tuoi-bi-chan-thuong-vung-kin-nghi-xay-ra-o-diem-giu-tre-chu-co-so-co-cau-tra-loi-khong-thoa-dang-198250514145929091.htm via JSON-LD+Tags
2025-05-14 16:31:29.445 INFO  [Worker-2] c.d.crawler.storage.ArticleStorage [ArticleStorage.java:52] - Saved article: https://baochinhphu.vn/thong-nhat-dong-bo-trong-quan-ly-du-lieu-y-te-102250514150116217.htm via JSON-LD+Tags
2025-05-14 16:31:29.540 INFO  [Worker-1] c.d.crawler.storage.ArticleStorage [ArticleStorage.java:52] - Saved article: https://baochinhphu.vn/nghien-cuu-xay-dung-ke-hoach-thuc-day-xuat-khau-thuc-pham-halal-102250514155001963.htm via JSON-LD+Tags
2025-05-14 16:31:31.572 INFO  [Worker-2] c.d.crawler.storage.ArticleStorage [ArticleStorage.java:52] - Saved article: https://danviet.vn/xa-thu-ukraine-ban-roi-cuong-kich-su-25-cua-nga-bang-ten-lua-vac-vai-d1332176.html via JSON-LD+Tags
2025-05-14 16:31:31.580 INFO  [Worker-5] c.d.crawler.storage.ArticleStorage [ArticleStorage.java:52] - Saved article: https://danviet.vn/chung-khoan-but-toc-vn-index-vuot-1300-diem-nho-su-gop-mat-cua-em-ut-nha-vingroup-d1332154.html via JSON-LD+Tags
2025-05-14 16:31:31.582 INFO  [Worker-4] c.d.crawler.storage.ArticleStorage [ArticleStorage.java:52] - Saved article: https://danviet.vn/lua-chay-an-vu-lien-quan-ma-tuy-de-chiem-doat-13-ty-dong-d1332182.html via JSON-LD+Tags
2025-05-14 16:31:31.602 INFO  [Worker-1] c.d.crawler.storage.ArticleStorage [ArticleStorage.java:52] - Saved article: https://danviet.vn/nguong-mo-co-be-than-dong-moi-14-tuoi-da-tot-nghiep-dai-hoc-d1332186.html via JSON-LD+Tags
2025-05-14 16:31:31.764 INFO  [Worker-0] c.d.crawler.storage.ArticleStorage [ArticleStorage.java:52] - Saved article: https://danviet.vn/tin-chieu-14-5-hendrio-lay-ten-do-hoang-hen-vay-no-co-y-nghia-gi-d1332163.html via JSON-LD+Tags
2025-05-14 16:31:32.100 INFO  [Worker-3] c.d.crawler.storage.ArticleStorage [ArticleStorage.java:52] - Saved article: https://danviet.vn/thong-qua-de-an-sap-xep-tinh-gon-to-chuc-mttq-cac-to-chuc-chinh-tri--xa-hoi-tp-ha-noi-d1332173.html via JSON-LD+Tags
2025-05-14 16:31:32.419 INFO  [Worker-1] c.d.crawler.storage.ArticleStorage [ArticleStorage.java:52] - Saved article: https://danviet.vn/hang-tram-hoc-vien-o-tphcm-bay-to-vui-mung-sau-thoi-gian-dai-cho-doi-ky-thi-sat-hach-gplx-mo-to-a1-d1332179.html via JSON-LD+Tags
2025-05-14 16:31:32.454 INFO  [Worker-2] c.d.crawler.storage.ArticleStorage [ArticleStorage.java:52] - Saved article: https://danviet.vn/nua-cuoi-thang-4-am-lich-3-con-giap-het-dang-cay-tan-huong-ngot-ngao-may-man-dat-dinh-d1331660.html via JSON-LD+Tags
2025-05-14 16:31:32.479 INFO  [Worker-5] c.d.crawler.storage.ArticleStorage [ArticleStorage.java:52] - Saved article: https://danviet.vn/chuyen-dang-la-o-nghe-an-dong-lua-nga-vang-ma-bong-lua-cha-chiu-cui-dau-dan-chua-biet-dau-ma-lan-d1331907.html via JSON-LD+Tags
2025-05-14 16:31:32.505 INFO  [Worker-4] c.d.crawler.storage.ArticleStorage [ArticleStorage.java:52] - Saved article: https://danviet.vn/mot-ho-dan-quang-binh-ngang-nhien-san-lap-dat-trong-lua-chinh-quyen-lap-bien-ban-ma-dau-co-chap-hanh-d1331986.html via JSON-LD+Tags
2025-05-14 16:31:32.604 INFO  [Worker-0] c.d.crawler.storage.ArticleStorage [ArticleStorage.java:52] - Saved article: https://danviet.vn/thach-rau-cau-long-hai-dat-chung-nhan-halal--tu-hao-san-pham-viet-dat-chuan-quoc-te-d1332159.html via JSON-LD+Tags
2025-05-14 16:31:32.765 INFO  [Worker-3] c.d.crawler.storage.ArticleStorage [ArticleStorage.java:52] - Saved article: https://danviet.vn/soc-trang-se-co-ben-cang-ngoai-khoi-cua-tran-de-theo-quy-hoach-cua-bo-xay-dung-d1332060.html via JSON-LD+Tags
2025-05-14 16:31:33.118 INFO  [Worker-1] c.d.crawler.storage.ArticleStorage [ArticleStorage.java:52] - Saved article: https://danviet.vn/loai-thit-nuoi-duong-ty-vi-tang-cuong-co-xuong-chi-ham-thoi-cung-thay-ngon-lam-d1332077.html via JSON-LD+Tags
2025-05-14 16:31:33.134 INFO  [Worker-2] c.d.crawler.storage.ArticleStorage [ArticleStorage.java:52] - Saved article: https://danviet.vn/tinh-tiet-rung-dong-ve-cac-bua-tiec-cua-diddy-d1332172.html via JSON-LD+Tags
2025-05-14 16:31:33.222 INFO  [Worker-5] c.d.crawler.storage.ArticleStorage [ArticleStorage.java:52] - Saved article: https://danviet.vn/truc-tiep-hang-nghin-nguoi-dan-chiem-bai-xa-loi-phat-tai-chua-quan-su-d1332165.html via JSON-LD+Tags
2025-05-14 16:31:34.475 INFO  [Worker-4] c.d.crawler.storage.ArticleStorage [ArticleStorage.java:52] - Saved article: https://www.qdnd.vn/chinh-tri/tin-tuc/can-thiet-ban-hanh-luat-tham-gia-luc-luong-gin-giu-hoa-binh-cua-lien-hop-quoc-828278 via JSON-LD+Tags
2025-05-14 16:31:34.527 INFO  [Worker-0] c.d.crawler.storage.ArticleStorage [ArticleStorage.java:52] - Saved article: https://www.qdnd.vn/quoc-phong-an-ninh/tin-tuc/trung-tuong-thai-dai-ngoc-du-dai-hoi-dai-bieu-dang-bo-truong-cao-dang-ky-thuat-mat-ma-828275 via JSON-LD+Tags
2025-05-14 16:31:41.032 INFO  [Worker-4] c.d.crawler.storage.ArticleStorage [ArticleStorage.java:52] - Saved article: https://thanhnien.vn/bat-cuu-cuc-truong-an-toan-thuc-pham-bo-y-te-nguyen-thanh-phong-185250513174625021.htm via JSON-LD+Tags
2025-05-14 16:31:41.795 INFO  [Worker-2] c.d.crawler.storage.ArticleStorage [ArticleStorage.java:52] - Saved article: https://vnexpress.net/an-do-bi-to-tap-kich-can-cu-khong-quan-chu-chot-cua-pakistan-4883958.html via JSON-LD+Tags
2025-05-14 16:31:41.825 INFO  [Worker-1] c.d.crawler.storage.ArticleStorage [ArticleStorage.java:52] - Saved article: https://vnexpress.net/tran-khong-chien-du-doi-nhat-giua-an-do-pakistan-dien-ra-the-nao-4884791.html via JSON-LD+Tags
2025-05-14 16:31:42.407 INFO  [Worker-2] c.d.crawler.storage.ArticleStorage [ArticleStorage.java:52] - Saved article: https://thanhnien.vn/bai-bo-hinh-thuc-ky-luat-duoi-hoc-voi-hoc-sinh-185250508083650138.htm via JSON-LD+Tags
2025-05-14 16:31:42.450 INFO  [Worker-5] c.d.crawler.storage.ArticleStorage [ArticleStorage.java:52] - Saved article: https://thanhnien.vn/them-nhieu-tinh-tim-cach-cho-hoc-sinh-nghi-hoc-thu-bay-185250107175436954.htm via JSON-LD+Tags
2025-05-14 16:31:42.464 INFO  [Worker-4] c.d.crawler.storage.ArticleStorage [ArticleStorage.java:52] - Saved article: https://thanhnien.vn/vinh-long-hai-nam-sinh-thpt-danh-nhau-vi-mau-thuan-tu-cap-thcs-185250402165647304.htm via JSON-LD+Tags
2025-05-14 16:31:42.467 INFO  [Worker-3] c.d.crawler.storage.ArticleStorage [ArticleStorage.java:52] - Saved article: https://thanhnien.vn/ky-luat-bang-hinh-thuc-duoi-hoc-nhieu-truong-hop-hoc-sinh-khong-tro-lai-truong-18525051010135849.htm via JSON-LD+Tags
2025-05-14 16:31:43.266 INFO  [Worker-5] c.d.crawler.storage.ArticleStorage [ArticleStorage.java:52] - Saved article: https://tuoitre.vn/lan-dau-tien-csgt-tp-hcm-to-chuc-sat-hach-lai-xe-sau-tiep-nhan-nhiem-vu-2025051408273794.htm via JSON-LD+Tags
2025-05-14 16:31:43.530 INFO  [Worker-0] c.d.crawler.storage.ArticleStorage [ArticleStorage.java:52] - Saved article: https://tuoitre.vn/cong-an-tinh-dong-thap-lan-dau-to-chuc-sat-hach-cap-giay-phep-lai-xe-20250509161015389.htm via JSON-LD+Tags
2025-05-14 16:31:43.718 INFO  [Worker-4] c.d.crawler.storage.ArticleStorage [ArticleStorage.java:52] - Saved article: https://tuoitre.vn/soc-trang-se-to-chuc-thi-sat-hach-lai-xe-tu-15-5-20250506105944389.htm via JSON-LD+Tags
2025-05-14 16:31:43.758 INFO  [Worker-3] c.d.crawler.storage.ArticleStorage [ArticleStorage.java:52] - Saved article: https://tuoitre.vn/canh-sat-giao-thong-da-nang-lan-dau-to-chuc-sat-hach-cap-bang-lai-xe-tu-ngay-6-5-20250505103148982.htm via JSON-LD+Tags
2025-05-14 16:31:44.098 INFO  [Worker-1] c.d.crawler.storage.ArticleStorage [ArticleStorage.java:52] - Saved article: https://tuoitre.vn/du-kien-den-giua-nam-2028-hoan-thanh-ho-chua-nuoc-ka-pet-20250514153712192.htm via JSON-LD+Tags
2025-05-14 16:31:44.446 INFO  [Worker-4] c.d.crawler.storage.ArticleStorage [ArticleStorage.java:52] - Saved article: https://tuoitre.vn/khong-ky-luat-nguoi-sinh-con-thu-3-chinh-sach-thiet-thuc-de-khuyen-sinh-20250220001755369.htm via JSON-LD+Tags
2025-05-14 16:31:44.632 INFO  [Worker-3] c.d.crawler.storage.ArticleStorage [ArticleStorage.java:52] - Saved article: https://tuoitre.vn/khuyen-sinh-khong-the-chi-dua-vao-ngan-sach-nha-nuoc-can-su-chung-tay-tu-cong-dong-20241210172313735.htm via JSON-LD+Tags
2025-05-14 16:31:44.830 INFO  [Worker-5] c.d.crawler.storage.ArticleStorage [ArticleStorage.java:52] - Saved article: https://tuoitre.vn/muc-song-toi-thieu-1-8-trieu-dong-thang-thuc-te-chi-tieu-ra-sao-20250114170431357.htm via JSON-LD+Tags
2025-05-14 16:31:44.930 INFO  [Worker-4] c.d.crawler.storage.ArticleStorage [ArticleStorage.java:52] - Saved article: https://tuoitre.vn/ban-doc-tuoi-tre-ung-ho-hon-750-trieu-dong-ho-tro-nguoi-dan-myanmar-bi-anh-huong-dong-dat-2025041115315334.htm via JSON-LD+Tags
2025-05-14 16:31:44.972 INFO  [Worker-0] c.d.crawler.storage.ArticleStorage [ArticleStorage.java:52] - Saved article: https://tuoitre.vn/huong-dan-chi-tiet-cach-tinh-che-do-voi-can-bo-nghi-huu-truoc-tuoi-khi-sap-xep-bo-may-20250430151423736.htm via JSON-LD+Tags
2025-05-14 16:31:45.031 INFO  [Worker-3] c.d.crawler.storage.ArticleStorage [ArticleStorage.java:52] - Saved article: https://tuoitre.vn/nguoi-tren-60-tuoi-se-duoc-huong-tro-cap-neu-dap-ung-nhung-dieu-kien-nay-20250505165545442.htm via JSON-LD+Tags
2025-05-14 16:31:45.082 INFO  [Worker-5] c.d.crawler.storage.ArticleStorage [ArticleStorage.java:52] - Saved article: https://tuoitre.vn/gia-dinh-bon-nguoi-tai-tp-hcm-can-muc-thu-nhap-bao-nhieu-de-dam-bao-chi-tieu-20250217081815631.htm via JSON-LD+Tags
2025-05-14 16:31:45.346 INFO  [Worker-2] c.d.crawler.storage.ArticleStorage [ArticleStorage.java:52] - Saved article: https://tuoitre.vn/vi-sao-phu-nu-duoi-35-tuoi-o-tp-hcm-phai-sinh-du-2-con-moi-duoc-tro-cap-20250510074401741.htm via JSON-LD+Tags
2025-05-14 16:31:45.368 INFO  [Worker-5] c.d.crawler.storage.ArticleStorage [ArticleStorage.java:52] - Saved article: https://tuoitre.vn/phu-nu-tp-hcm-sinh-2-con-truoc-35-tuoi-duoc-tro-cap-20250509081751492.htm via JSON-LD+Tags
2025-05-14 16:31:45.437 INFO  [Worker-1] c.d.crawler.storage.ArticleStorage [ArticleStorage.java:52] - Saved article: https://tuoitre.vn/hoc-sinh-tam-tru-tai-tp-hcm-co-duoc-mien-hoc-phi-202412171114174.htm via JSON-LD+Tags
2025-05-14 16:31:45.448 INFO  [Worker-3] c.d.crawler.storage.ArticleStorage [ArticleStorage.java:52] - Saved article: https://tuoitre.vn/het-roi-thoi-com-them-mien-phi-sinh-vien-3-trieu-xai-khong-du-nguoi-di-lam-8-trieu-khong-co-du-20250224171616497.htm via JSON-LD+Tags
2025-05-14 16:31:45.749 INFO  [Worker-2] c.d.crawler.storage.ArticleStorage [ArticleStorage.java:52] - Saved article: https://tuoitre.vn/de-xuat-tang-thoi-gian-nghi-thai-san-cho-phu-nu-sinh-con-thu-2-20250310192402775.htm via JSON-LD+Tags
2025-05-14 16:31:46.074 INFO  [Worker-3] c.d.crawler.storage.ArticleStorage [ArticleStorage.java:52] - Saved article: https://tuoitre.vn/nguoi-tre-ngai-ket-hon-sinh-con-vi-ngheo-hay-con-ly-do-khac-20241213152522724.htm via JSON-LD+Tags
2025-05-14 16:31:46.078 INFO  [Worker-5] c.d.crawler.storage.ArticleStorage [ArticleStorage.java:52] - Saved article: https://tuoitre.vn/muc-sinh-thay-the-o-viet-nam-giam-nhung-khong-nen-hap-tap-can-tinh-toan-dai-han-2025022308133444.htm via JSON-LD+Tags
2025-05-14 16:31:46.289 INFO  [Worker-1] c.d.crawler.storage.ArticleStorage [ArticleStorage.java:52] - Saved article: https://tuoitre.vn/xay-nha-hang-lan-danh-thang-ho-lak-12-nam-khong-xu-duoc-do-chua-xac-dinh-duoc-ranh-gioi-20250514113620929.htm via JSON-LD+Tags
2025-05-14 16:31:47.138 INFO  [Worker-3] c.d.crawler.storage.ArticleStorage [ArticleStorage.java:52] - Saved article: https://tuoitre.vn/xay-gan-500-can-nha-trai-phep-o-dong-nai-3-cuu-lanh-dao-cap-phong-bi-tuyen-14-16-thang-tu-20250428150124891.htm via JSON-LD+Tags
2025-05-14 16:31:47.535 INFO  [Worker-3] c.d.crawler.storage.ArticleStorage [ArticleStorage.java:52] - Saved article: https://tuoitre.vn/ha-noi-mot-so-xa-lap-to-tuan-tra-canh-giu-dat-nong-nghiep-20250514071214745.htm via JSON-LD+Tags
2025-05-14 16:31:47.606 INFO  [Worker-5] c.d.crawler.storage.ArticleStorage [ArticleStorage.java:52] - Saved article: https://tuoitre.vn/xay-dung-nha-o-khong-phep-bi-cat-dien-cat-nuoc-van-len-lut-lam-dem-20250509081301141.htm via JSON-LD+Tags
2025-05-14 16:31:48.218 INFO  [Worker-5] c.d.crawler.storage.ArticleStorage [ArticleStorage.java:52] - Saved article: https://tuoitre.vn/cau-220-ti-o-quang-nam-thi-cong-rua-bo-gia-han-8-lan-van-chua-xong-20250514154547486.htm via JSON-LD+Tags
2025-05-14 16:31:48.584 INFO  [Worker-0] c.d.crawler.storage.ArticleStorage [ArticleStorage.java:52] - Saved article: https://thanhnien.vn/bi-quyet-on-thi-tot-nghiep-thpt-dat-diem-cao-cach-on-de-nho-mon-dia-ly-185250512112316568.htm via JSON-LD+Tags
2025-05-14 16:31:49.441 INFO  [Worker-1] c.d.crawler.storage.ArticleStorage [ArticleStorage.java:52] - Saved article: https://thanhnien.vn/nguoi-viet-mua-o-to-chon-suv-to-rong-du-khong-xai-het-cong-nang-185250508143649761.htm via JSON-LD+Tags
2025-05-14 16:31:49.517 INFO  [Worker-2] c.d.crawler.storage.ArticleStorage [ArticleStorage.java:52] - Saved article: https://thanhnien.vn/nhung-thay-doi-chinh-sach-tac-dong-den-thi-truong-o-to-viet-nam-nam-2025-185250203150514809.htm via JSON-LD+Tags
2025-05-14 16:31:49.647 INFO  [Worker-0] c.d.crawler.storage.ArticleStorage [ArticleStorage.java:52] - Saved article: https://thanhnien.vn/3-dau-hieu-cho-thay-binh-ac-quy-xe-may-can-thay-the-185250506134224541.htm via JSON-LD+Tags
2025-05-14 16:31:49.866 INFO  [Worker-1] c.d.crawler.storage.ArticleStorage [ArticleStorage.java:52] - Saved article: https://thanhnien.vn/xe-nguoc-chieu-bat-den-pha-lam-loa-mat-xu-ly-the-nao-de-tranh-tai-nan-185250423231614555.htm via JSON-LD+Tags
2025-05-14 16:31:50.046 INFO  [Worker-0] c.d.crawler.storage.ArticleStorage [ArticleStorage.java:52] - Saved article: https://thanhnien.vn/4-bo-phan-tren-o-to-can-kiem-tra-bao-duong-sau-tet-185250206174714963.htm via JSON-LD+Tags
2025-05-14 16:31:50.095 INFO  [Worker-2] c.d.crawler.storage.ArticleStorage [ArticleStorage.java:52] - Saved article: https://thanhnien.vn/thoi-quen-dau-xe-chan-kieng-tan-pha-he-thong-treo-the-nao-185250403140947192.htm via JSON-LD+Tags
2025-05-14 16:31:50.871 INFO  [Worker-1] c.d.crawler.storage.ArticleStorage [ArticleStorage.java:52] - Saved article: https://thanhnien.vn/bi-quyet-on-thi-thpt-2024-mon-sinh-hoc-chuyen-de-1-co-che-phan-tu-cua-hien-tuong-di-truyen-185250513091115276.htm via JSON-LD+Tags
2025-05-14 16:31:50.876 INFO  [Worker-2] c.d.crawler.storage.ArticleStorage [ArticleStorage.java:52] - Saved article: https://thanhnien.vn/on-thi-thpt-2025-mon-hoa-cd-1-kim-loai-nhom-ia-iia-va-hop-chat-185250512203758468.htm via JSON-LD+Tags
2025-05-14 16:31:50.918 INFO  [Worker-0] c.d.crawler.storage.ArticleStorage [ArticleStorage.java:52] - Saved article: https://thanhnien.vn/on-thi-thpt-2025-mon-vat-ly-cd-1-cau-truc-cua-chat-su-chuyen-the-185250512201303264.htm via JSON-LD+Tags
2025-05-14 16:31:51.122 INFO  [Worker-4] c.d.crawler.storage.ArticleStorage [ArticleStorage.java:52] - Saved article: https://thanhnien.vn/bi-quyet-on-thi-thpt-2025-mon-tieng-anh-chuyen-de-1-menh-de-quan-he-185250511224425927.htm via JSON-LD+Tags
2025-05-14 16:31:51.397 INFO  [Worker-3] c.d.crawler.storage.ArticleStorage [ArticleStorage.java:52] - Saved article: https://thanhnien.vn/bi-quyet-on-thi-thpt-2025-mon-dia-ly-chuyen-de-1-vi-tri-dia-ly-pham-vi-lanh-tho-va-bien-dong-185250512082045819.htm via JSON-LD+Tags
2025-05-14 16:31:51.451 INFO  [Worker-5] c.d.crawler.storage.ArticleStorage [ArticleStorage.java:52] - Saved article: https://thanhnien.vn/bi-quyet-on-thi-thpt-2025-mon-toan-chuyen-de-1-185250512084247398.htm via JSON-LD+Tags
2025-05-14 16:31:51.534 INFO  [Worker-4] c.d.crawler.storage.ArticleStorage [ArticleStorage.java:52] - Saved article: https://thanhnien.vn/on-thi-tot-nghiep-thpt-theo-chuong-trinh-moi-185250421234843054.htm via JSON-LD+Tags
2025-05-14 16:31:52.832 INFO  [Worker-3] c.d.crawler.storage.ArticleStorage [ArticleStorage.java:52] - Saved article: https://thanhnien.vn/lo-hong-bao-mat-nghiem-trong-nhat-tren-thiet-bi-glaxy-sap-duoc-sua-185250507100450525.htm via JSON-LD+Tags
2025-05-14 16:31:52.832 INFO  [Worker-0] c.d.crawler.storage.ArticleStorage [ArticleStorage.java:52] - Saved article: https://thanhnien.vn/microsoft-canh-bao-lo-hong-bao-mat-cua-phan-mem-quan-ly-o-dia-tren-windows-185250304165924709.htm via JSON-LD+Tags
2025-05-14 16:31:53.365 INFO  [Worker-5] c.d.crawler.storage.ArticleStorage [ArticleStorage.java:52] - Saved article: https://tuoitre.vn/tap-doan-hoa-phat-tiep-tuc-do-14-000-ti-dong-vao-dung-quat-de-lam-thep-ray-20250418134639205.htm via JSON-LD+Tags
2025-05-14 16:31:53.417 INFO  [Worker-3] c.d.crawler.storage.ArticleStorage [ArticleStorage.java:52] - Saved article: https://tuoitre.vn/hoa-phat-de-xuat-du-an-thep-lam-ray-duong-sat-cao-toc-o-dung-quat-202503221546205.htm via JSON-LD+Tags
2025-05-14 16:31:53.760 INFO  [Worker-2] c.d.crawler.storage.ArticleStorage [ArticleStorage.java:52] - Saved article: https://tuoitre.vn/de-xuat-lam-tuyen-duong-sat-900-ti-dong-noi-dung-quat-voi-duong-sat-bac-nam-20250511194422454.htm via JSON-LD+Tags
2025-05-14 16:31:53.935 INFO  [Worker-3] c.d.crawler.storage.ArticleStorage [ArticleStorage.java:52] - Saved article: https://tuoitre.vn/xe-qua-tai-tung-hoanh-o-khu-kinh-te-dung-quat-co-xe-qua-tai-179-20250411163716921.htm via JSON-LD+Tags
2025-05-14 16:31:54.421 INFO  [Worker-1] c.d.crawler.storage.ArticleStorage [ArticleStorage.java:52] - Saved article: https://tuoitre.vn/tuong-lai-con-nguoi-co-the-mac-quan-ao-tu-phan-bo-20250509164434742.htm via JSON-LD+Tags
2025-05-14 16:31:54.457 INFO  [Worker-4] c.d.crawler.storage.ArticleStorage [ArticleStorage.java:52] - Saved article: https://tuoitre.vn/tim-ra-loai-cay-trong-co-the-cuu-ca-thanh-pho-sau-tham-hoa-20250509105328525.htm via JSON-LD+Tags
2025-05-14 16:31:54.486 INFO  [Worker-3] c.d.crawler.storage.ArticleStorage [ArticleStorage.java:52] - Saved article: https://tuoitre.vn/loai-nhen-an-chay-duy-nhat-tren-the-gioi-20250122114507041.htm via JSON-LD+Tags
2025-05-14 16:31:54.657 INFO  [Worker-2] c.d.crawler.storage.ArticleStorage [ArticleStorage.java:52] - Saved article: https://tuoitre.vn/tai-sao-chung-ta-thuong-thay-guong-mat-nguoi-chau-au-giong-nhau-20250508002120543.htm via JSON-LD+Tags
2025-05-14 16:31:54.664 INFO  [Worker-1] c.d.crawler.storage.ArticleStorage [ArticleStorage.java:52] - Saved article: https://tuoitre.vn/cong-bo-hai-giong-lua-chinh-sua-gen-dau-tien-tren-the-gioi-20250509135644454.htm via JSON-LD+Tags
2025-05-14 16:31:54.853 INFO  [Worker-4] c.d.crawler.storage.ArticleStorage [ArticleStorage.java:52] - Saved article: https://tuoitre.vn/chinh-sua-gene-de-tao-ra-chuot-tu-2-bo-20250130185310642.htm via JSON-LD+Tags
2025-05-14 16:31:54.931 INFO  [Worker-0] c.d.crawler.storage.ArticleStorage [ArticleStorage.java:52] - Saved article: https://tuoitre.vn/phat-hien-ky-sinh-trung-doi-lot-te-bao-nguoi-de-tron-he-mien-dich-20250514064815289.htm via JSON-LD+Tags
2025-05-14 16:31:55.307 INFO  [Worker-4] c.d.crawler.storage.ArticleStorage [ArticleStorage.java:52] - Saved article: https://thanhnien.vn/mua-xe-dien-loi-don-loi-kep-la-day-den-tien-sua-xe-cung-tiet-kiem-185250425150128123.htm via JSON-LD+Tags
2025-05-14 16:31:55.714 INFO  [Worker-4] c.d.crawler.storage.ArticleStorage [ArticleStorage.java:52] - Saved article: https://tuoitre.vn/cuoi-tuan-di-thu-loa-khung-tai-trien-lam-plase-show-2025-20250426120114538.htm via JSON-LD+Tags
2025-05-14 16:31:55.843 INFO  [Worker-3] c.d.crawler.storage.ArticleStorage [ArticleStorage.java:52] - Saved article: https://tuoitre.vn/sap-khai-mac-trien-lam-quoc-te-giay-va-bao-bi-viet-nam-2025-20250424165656161.htm via JSON-LD+Tags
2025-05-14 16:31:56.018 INFO  [Worker-5] c.d.crawler.storage.ArticleStorage [ArticleStorage.java:52] - Saved article: https://tuoitre.vn/hon-500-thuong-hieu-hang-dau-quy-tu-tai-trien-lam-quoc-te-giay-va-bao-bi-viet-nam-20250507183718193.htm via JSON-LD+Tags
2025-05-14 16:31:56.088 INFO  [Worker-3] c.d.crawler.storage.ArticleStorage [ArticleStorage.java:52] - Saved article: https://tuoitre.vn/mot-vong-trien-lam-o-to-bangkok-2025-nhieu-mau-xe-dang-chu-y-voi-nguoi-viet-2025032722351638.htm via JSON-LD+Tags
2025-05-14 16:31:56.113 INFO  [Worker-4] c.d.crawler.storage.ArticleStorage [ArticleStorage.java:52] - Saved article: https://tuoitre.vn/san-xuat-xanh-co-hoi-dan-dat-thi-truong-2025032700155833.htm via JSON-LD+Tags
2025-05-14 16:31:56.159 INFO  [Worker-2] c.d.crawler.storage.ArticleStorage [ArticleStorage.java:52] - Saved article: https://tuoitre.vn/sap-dien-ra-trien-lam-food-hospitality-hanoi-2025-tai-ha-noi-20250312105747188.htm via JSON-LD+Tags
2025-05-14 16:31:56.170 INFO  [Worker-0] c.d.crawler.storage.ArticleStorage [ArticleStorage.java:52] - Saved article: https://tuoitre.vn/trien-lam-global-sourcing-fair-viet-nam-2025-dien-ra-tu-ngay-24-den-26-4-20250422101501514.htm via JSON-LD+Tags
2025-05-14 16:31:56.847 INFO  [Worker-2] c.d.crawler.storage.ArticleStorage [ArticleStorage.java:52] - Saved article: https://tuoitre.vn/thoa-thuan-thue-quan-voi-my-trong-goc-nhin-cua-trung-quoc-20250512204541516.htm via JSON-LD+Tags
2025-05-14 16:31:56.860 INFO  [Worker-5] c.d.crawler.storage.ArticleStorage [ArticleStorage.java:52] - Saved article: https://tuoitre.vn/my-giam-kho-cho-hang-thuong-mai-dien-tu-trung-quoc-2025051315272777.htm via JSON-LD+Tags
2025-05-14 16:31:56.994 INFO  [Worker-1] c.d.crawler.storage.ArticleStorage [ArticleStorage.java:52] - Saved article: https://tuoitre.vn/chung-khoan-my-bat-tang-sau-khi-my-trung-giam-thue-doi-ung-20250513084025334.htm via JSON-LD+Tags
2025-05-14 16:31:56.995 INFO  [Worker-4] c.d.crawler.storage.ArticleStorage [ArticleStorage.java:52] - Saved article: https://tuoitre.vn/my-trung-chiu-giam-thue-the-gioi-hoan-hi-nhung-van-con-au-lo-20250512174122232.htm via JSON-LD+Tags
2025-05-14 16:31:57.583 INFO  [Worker-0] c.d.crawler.storage.ArticleStorage [ArticleStorage.java:52] - Saved article: https://tuoitre.vn/reuters-my-trung-quoc-dang-gap-o-geneva-co-buoc-di-tham-do-dau-tien-20250510183310789.htm via JSON-LD+Tags
2025-05-14 16:31:57.603 INFO  [Worker-5] c.d.crawler.storage.ArticleStorage [ArticleStorage.java:52] - Saved article: https://tuoitre.vn/gia-vang-giam-manh-sau-thong-tin-my-trung-giam-thue-doi-ung-lan-nhau-2025051217034692.htm via JSON-LD+Tags
2025-05-14 16:31:57.855 INFO  [Worker-2] c.d.crawler.storage.ArticleStorage [ArticleStorage.java:52] - Saved article: https://tuoitre.vn/thuong-chien-va-dong-minh-20250502145631163.htm via Meta
2025-05-14 16:31:57.872 INFO  [Worker-0] c.d.crawler.storage.ArticleStorage [ArticleStorage.java:52] - Saved article: https://tuoitre.vn/nong-my-trung-giam-thue-doi-ung-lan-nhau-115-20250512141445673.htm via JSON-LD+Tags
2025-05-14 16:31:58.379 INFO  [Worker-5] c.d.crawler.storage.ArticleStorage [ArticleStorage.java:52] - Saved article: https://tuoitre.vn/ong-trump-tiet-lo-phan-thu-vi-nhat-cua-thoa-thuan-thuong-mai-voi-trung-quoc-2025051410582714.htm via JSON-LD+Tags
2025-05-14 16:31:58.910 INFO  [Worker-1] c.d.crawler.storage.ArticleStorage [ArticleStorage.java:52] - Saved article: https://tuoitre.vn/bong-ma-co-don-bao-trum-nhat-ban-20250511114505724.htm via JSON-LD+Tags
2025-05-14 16:31:58.995 INFO  [Worker-4] c.d.crawler.storage.ArticleStorage [ArticleStorage.java:52] - Saved article: https://tuoitre.vn/nhat-ban-canh-bao-chi-con-duy-nhat-mot-tre-em-vao-nam-2720-20250107145316684.htm via JSON-LD+Tags
2025-05-14 16:31:59.058 INFO  [Worker-3] c.d.crawler.storage.ArticleStorage [ArticleStorage.java:52] - Saved article: https://tuoitre.vn/nhat-ban-bao-dong-nhieu-vu-tan-cong-ngau-nhien-lien-tiep-20250510113400228.htm via JSON-LD+Tags
2025-05-14 16:31:59.309 INFO  [Worker-3] c.d.crawler.storage.ArticleStorage [ArticleStorage.java:52] - Saved article: https://tuoitre.vn/mang-xa-hoi-giua-nghi-ngai-that-gia-20250513223600349.htm via JSON-LD+Tags
2025-05-14 16:31:59.395 INFO  [Worker-4] c.d.crawler.storage.ArticleStorage [ArticleStorage.java:52] - Saved article: https://tuoitre.vn/chong-cap-cuu-vo-va-nguoi-yeu-cung-vao-cham-so-y-te-ba-ria-vung-tau-xac-minh-thuc-hu-20250513120155079.htm via JSON-LD+Tags
2025-05-14 16:31:59.398 INFO  [Worker-2] c.d.crawler.storage.ArticleStorage [ArticleStorage.java:52] - Saved article: https://tuoitre.vn/quang-cao-tim-nguoi-sang-israel-lam-viec-la-gia-mao-bo-noi-vu-ra-khuyen-cao-20250512171138234.htm via JSON-LD+Tags
2025-05-14 16:31:59.430 INFO  [Worker-0] c.d.crawler.storage.ArticleStorage [ArticleStorage.java:52] - Saved article: https://tuoitre.vn/chay-tai-hoa-phat-dung-quat-la-tin-don-that-thiet-20250512124833689.htm via JSON-LD+Tags
2025-05-14 16:31:59.516 INFO  [Worker-1] c.d.crawler.storage.ArticleStorage [ArticleStorage.java:52] - Saved article: https://tuoitre.vn/nhac-si-viet-tiep-cau-chuyen-hoa-binh-bac-thong-tin-danh-ban-quyen-vtv-20250511210646236.htm via JSON-LD+Tags
2025-05-14 16:31:59.561 INFO  [Worker-3] c.d.crawler.storage.ArticleStorage [ArticleStorage.java:52] - Saved article: https://tuoitre.vn/bi-dua-gion-qua-tron-tren-mang-hai-hang-thuc-an-nhanh-len-tieng-canh-bao-20250510135612814.htm via JSON-LD+Tags
2025-05-14 16:31:59.781 INFO  [Worker-1] c.d.crawler.storage.ArticleStorage [ArticleStorage.java:52] - Saved article: https://tuoitre.vn/ong-trump-ky-sac-lenh-giup-giam-gia-thuoc-tai-my-den-90-20250512224942164.htm via JSON-LD+Tags
2025-05-14 16:32:00.193 INFO  [Worker-1] c.d.crawler.storage.ArticleStorage [ArticleStorage.java:52] - Saved article: https://tuoitre.vn/chu-nha-o-my-chiu-ganh-nang-thue-quan-them-trung-binh-10-900-usd-can-nha-moi-20250507141336651.htm via JSON-LD+Tags
2025-05-14 16:32:00.290 INFO  [Worker-3] c.d.crawler.storage.ArticleStorage [ArticleStorage.java:52] - Saved article: https://tuoitre.vn/cuu-pho-tuong-ong-trump-thue-quan-dang-gay-hai-cho-my-ong-putin-khong-muon-hoa-binh-20250506105305043.htm via JSON-LD+Tags
2025-05-14 16:32:00.296 INFO  [Worker-0] c.d.crawler.storage.ArticleStorage [ArticleStorage.java:52] - Saved article: https://tuoitre.vn/nganh-anime-bi-de-doa-vi-thue-quan-cua-ong-trump-20250508083448041.htm via JSON-LD+Tags
2025-05-14 16:32:00.446 INFO  [Worker-1] c.d.crawler.storage.ArticleStorage [ArticleStorage.java:52] - Saved article: https://tuoitre.vn/don-binh-thuong-moi-tu-huu-chien-thue-quan-20250514085307563.htm via JSON-LD+Tags
2025-05-14 16:32:00.473 INFO  [Worker-4] c.d.crawler.storage.ArticleStorage [ArticleStorage.java:52] - Saved article: https://tuoitre.vn/ong-duterte-dac-cu-thi-truong-du-dang-bi-icc-giam-chuyen-gi-xay-ra-tiep-theo-20250513225740596.htm via JSON-LD+Tags
2025-05-14 16:32:00.563 INFO  [Worker-2] c.d.crawler.storage.ArticleStorage [ArticleStorage.java:52] - Saved article: https://tuoitre.vn/thuong-luong-thue-quan-trung-my-nhung-la-bai-cua-hai-ben-20250509160712463.htm via Meta
2025-05-14 16:32:00.565 INFO  [Worker-5] c.d.crawler.storage.ArticleStorage [ArticleStorage.java:52] - Saved article: https://tuoitre.vn/ti-le-ung-ho-ong-trump-bat-ngo-tang-lai-dan-my-bot-lo-suy-thoai-2025051407281693.htm via JSON-LD+Tags
2025-05-14 16:32:00.673 INFO  [Worker-3] c.d.crawler.storage.ArticleStorage [ArticleStorage.java:52] - Saved article: https://tuoitre.vn/tin-tuc-the-gioi-14-5-ngoai-truong-my-se-gap-nga-ukraine-tong-thong-ngheo-nhat-the-gioi-qua-doi-20250514064442004.htm via JSON-LD+Tags
2025-05-14 16:32:00.697 INFO  [Worker-0] c.d.crawler.storage.ArticleStorage [ArticleStorage.java:52] - Saved article: https://tuoitre.vn/my-va-saudi-arabia-ky-thoa-thuan-vu-khi-lon-nhat-lich-su-gan-142-ti-usd-20250513230146982.htm via JSON-LD+Tags
2025-05-14 16:32:00.861 INFO  [Worker-4] c.d.crawler.storage.ArticleStorage [ArticleStorage.java:52] - Saved article: https://tuoitre.vn/my-trung-giang-co-ve-chip-ban-dan-20250419063932389.htm via JSON-LD+Tags
2025-05-14 16:32:00.930 INFO  [Worker-3] c.d.crawler.storage.ArticleStorage [ArticleStorage.java:52] - Saved article: https://tuoitre.vn/trung-quoc-thu-the-du-ong-trump-lien-tuc-hoi-thuc-dam-phan-20250418185643785.htm via JSON-LD+Tags
2025-05-14 16:32:01.127 INFO  [Worker-0] c.d.crawler.storage.ArticleStorage [ArticleStorage.java:52] - Saved article: https://tuoitre.vn/trung-quoc-dieu-chinh-loat-nhan-su-cap-cao-giua-luc-thuong-mai-cang-thang-20250416164639799.htm via JSON-LD+Tags
2025-05-14 16:32:01.319 INFO  [Worker-4] c.d.crawler.storage.ArticleStorage [ArticleStorage.java:52] - Saved article: https://tuoitre.vn/bloomberg-trung-quoc-yeu-cau-nganh-hang-khong-ngung-nhan-may-bay-boeing-20250415185853867.htm via JSON-LD+Tags
2025-05-14 16:32:01.326 INFO  [Worker-2] c.d.crawler.storage.ArticleStorage [ArticleStorage.java:52] - Saved article: https://tuoitre.vn/trung-quoc-tuyen-bo-dap-tra-den-cung-sau-khi-my-nang-thue-len-125-20250410142028857.htm via JSON-LD+Tags
2025-05-14 16:32:01.371 INFO  [Worker-1] c.d.crawler.storage.ArticleStorage [ArticleStorage.java:52] - Saved article: https://tuoitre.vn/trung-quoc-chan-dat-hiem-lot-vao-vu-khi-my-20250422203912722.htm via JSON-LD+Tags
2025-05-14 16:32:01.499 INFO  [Worker-3] c.d.crawler.storage.ArticleStorage [ArticleStorage.java:52] - Saved article: https://tuoitre.vn/cac-loi-the-cua-trung-quoc-trong-cuoc-chien-thue-quan-voi-my-20250409125022041.htm via JSON-LD+Tags
2025-05-14 16:32:01.562 INFO  [Worker-0] c.d.crawler.storage.ArticleStorage [ArticleStorage.java:52] - Saved article: https://tuoitre.vn/thuong-chien-my-trung-tiep-tuc-leo-thang-20250409080515222.htm via JSON-LD+Tags
2025-05-14 16:32:01.718 INFO  [Worker-4] c.d.crawler.storage.ArticleStorage [ArticleStorage.java:52] - Saved article: https://tuoitre.vn/lan-dau-tien-mot-chinh-tri-gia-my-toi-trung-quoc-ke-tu-khi-ong-trump-nham-chuc-20250322200508112.htm via JSON-LD+Tags
2025-05-14 16:32:01.743 INFO  [Worker-2] c.d.crawler.storage.ArticleStorage [ArticleStorage.java:52] - Saved article: https://tuoitre.vn/trung-quoc-trieu-tap-walmart-vi-ep-nha-cung-cap-giam-gia-sau-20250312175214598.htm via JSON-LD+Tags
2025-05-14 16:32:02.109 INFO  [Worker-1] c.d.crawler.storage.ArticleStorage [ArticleStorage.java:52] - Saved article: https://tuoitre.vn/mon-moi-cho-kham-bao-hiem-y-te-khien-nhieu-nguoi-chon-kham-dich-vu-2025051313400451.htm via JSON-LD+Tags
2025-05-14 16:32:02.143 INFO  [Worker-4] c.d.crawler.storage.ArticleStorage [ArticleStorage.java:52] - Saved article: https://tuoitre.vn/kham-bao-hiem-y-te-xep-hang-tu-sang-som-trua-van-chua-toi-luot-20250512220842929.htm via JSON-LD+Tags
2025-05-14 16:32:02.148 INFO  [Worker-2] c.d.crawler.storage.ArticleStorage [ArticleStorage.java:52] - Saved article: https://tuoitre.vn/tu-ngay-1-6-dung-cap-the-bao-hiem-y-te-giay-nguoi-dan-can-lam-gi-20250512092310509.htm via JSON-LD+Tags
2025-05-14 16:32:02.489 INFO  [Worker-3] c.d.crawler.storage.ArticleStorage [ArticleStorage.java:52] - Saved article: https://tuoitre.vn/trung-quoc-va-cuoc-chien-thue-quan-20250228111041232.htm via Meta
2025-05-14 16:32:02.491 INFO  [Worker-5] c.d.crawler.storage.ArticleStorage [ArticleStorage.java:52] - Saved article: https://tuoitre.vn/vu-khi-thue-quan-con-dao-hai-luoi-20250228102841547.htm via Meta
2025-05-14 16:32:04.649 INFO  [Worker-5] c.d.crawler.storage.ArticleStorage [ArticleStorage.java:52] - Saved article: https://thanhnien.vn/kien-giang-2-nghi-pham-giet-nguoi-va-cuong-doat-tai-san-ra-dau-thu-185250512201903449.htm via JSON-LD+Tags
2025-05-14 16:32:04.682 INFO  [Worker-1] c.d.crawler.storage.ArticleStorage [ArticleStorage.java:52] - Saved article: https://thanhnien.vn/tra-vinh-cu-cai-voi-vo-nem-chau-ngoai-2-tuoi-xuong-vuong-tom-185250423104309774.htm via JSON-LD+Tags
2025-05-14 16:32:04.874 INFO  [Worker-4] c.d.crawler.storage.ArticleStorage [ArticleStorage.java:52] - Saved article: https://thanhnien.vn/vu-nu-sinh-vinh-long-tu-vong-xu-ly-that-nghiem-neu-phat-hien-sai-pham-185250512095922389.htm via JSON-LD+Tags
2025-05-14 16:32:05.568 INFO  [Worker-5] c.d.crawler.storage.ArticleStorage [ArticleStorage.java:52] - Saved article: https://thanhnien.vn/duoc-ong-trum-dat-hiem-tang-tui-hoa-qua-mo-ra-thay-500-trieu-18525051219543409.htm via JSON-LD+Tags
2025-05-14 16:32:05.588 INFO  [Worker-4] c.d.crawler.storage.ArticleStorage [ArticleStorage.java:52] - Saved article: https://thanhnien.vn/vi-sao-cong-ty-thai-duong-co-the-khai-thac-trai-phep-ca-ngan-tan-quang-dat-hiem-18525051311344982.htm via JSON-LD+Tags
2025-05-14 16:32:05.956 INFO  [Worker-5] c.d.crawler.storage.ArticleStorage [ArticleStorage.java:52] - Saved article: https://thanhnien.vn/bao-chi-thai-lan-e-ngai-nhan-vat-dac-biet-nay-lo-clb-cahn-thang-buriram-united-185250513172814398.htm via JSON-LD+Tags
2025-05-14 16:32:06.093 INFO  [Worker-0] c.d.crawler.storage.ArticleStorage [ArticleStorage.java:52] - Saved article: https://thanhnien.vn/khau-chien-hlv-polking-qua-quyet-clb-cahn-gap-bat-loi-hlv-buriram-united-phan-phao-185250513114017409.htm via JSON-LD+Tags
2025-05-14 16:32:06.097 INFO  [Worker-3] c.d.crawler.storage.ArticleStorage [ArticleStorage.java:52] - Saved article: https://thanhnien.vn/clb-cahn-co-the-danh-bai-nha-vo-dich-thai-lan-tao-lich-su-nho-dieu-nay-185250513153813089.htm via JSON-LD+Tags
2025-05-14 16:32:06.689 INFO  [Worker-2] c.d.crawler.storage.ArticleStorage [ArticleStorage.java:52] - Saved article: https://tuoitre.vn/dien-kremlin-chi-trich-kieu-ep-buoc-trong-toi-hau-thu-cua-chau-au-20250512213311195.htm via JSON-LD+Tags
2025-05-14 16:32:06.750 INFO  [Worker-3] c.d.crawler.storage.ArticleStorage [ArticleStorage.java:52] - Saved article: https://tuoitre.vn/lau-nam-goc-lo-xung-dot-truc-tiep-giua-my-nga-neu-chien-su-ukraine-leo-thang-20250514095341519.htm via JSON-LD+Tags
2025-05-14 16:32:07.020 INFO  [Worker-3] c.d.crawler.storage.ArticleStorage [ArticleStorage.java:52] - Saved article: https://tuoitre.vn/g7-canh-bao-se-ap-lenh-trung-phat-nga-neu-khong-chiu-ngung-ban-20250314224617974.htm via JSON-LD+Tags
2025-05-14 16:32:08.112 INFO  [Worker-4] c.d.crawler.storage.ArticleStorage [ArticleStorage.java:52] - Saved article: https://tuoitre.vn/canh-giac-nuot-di-vat-o-tre-em-20250216170848869.htm via JSON-LD+Tags
2025-05-14 16:32:08.120 INFO  [Worker-0] c.d.crawler.storage.ArticleStorage [ArticleStorage.java:52] - Saved article: https://tuoitre.vn/hai-nu-benh-nhan-suyt-mat-tet-vi-nuot-phai-di-vat-20250122192647011.htm via JSON-LD+Tags
2025-05-14 16:32:08.886 INFO  [Worker-1] c.d.crawler.storage.ArticleStorage [ArticleStorage.java:52] - Saved article: https://thanhnien.vn/hagl-bat-ngo-dinh-doat-cuoc-dua-tru-hang-v-league-dong-vai-nguoi-phan-xu-185250513102110202.htm via JSON-LD+Tags
2025-05-14 16:32:08.945 INFO  [Worker-5] c.d.crawler.storage.ArticleStorage [ArticleStorage.java:52] - Saved article: https://thanhnien.vn/futsal-nu-chau-a-viet-nam-0-0-nhat-ban-cho-con-dia-chan-chau-a-18525051308454987.htm via JSON-LD+Tags
2025-05-14 16:32:09.074 INFO  [Worker-2] c.d.crawler.storage.ArticleStorage [ArticleStorage.java:52] - Saved article: https://thanhnien.vn/nhiem-vu-lich-su-cua-clb-cong-an-ha-noi-phai-tiep-tuc-danh-bai-buriram-united-185250512201059547.htm via JSON-LD+Tags
2025-05-14 16:32:09.088 INFO  [Worker-4] c.d.crawler.storage.ArticleStorage [ArticleStorage.java:52] - Saved article: https://thanhnien.vn/ong-vu-tien-thanh-het-an-phat-khi-hagl-chinh-thuc-tru-hang-18525051221522317.htm via JSON-LD+Tags
2025-05-14 16:32:09.090 INFO  [Worker-0] c.d.crawler.storage.ArticleStorage [ArticleStorage.java:52] - Saved article: https://thanhnien.vn/phan-hlv-chua-chay-le-duc-tuan-gay-an-tuong-tran-minh-chien-thi-sao-185250512174454663.htm via JSON-LD+Tags
2025-05-14 16:32:09.969 INFO  [Worker-4] c.d.crawler.storage.ArticleStorage [ArticleStorage.java:52] - Saved article: https://thanhnien.vn/clb-werder-bremen-den-ha-noi-chieu-cao-an-tuong-dau-dau-doi-tuyen-nu-viet-nam-185250514130001937.htm via JSON-LD+Tags
2025-05-14 16:32:10.005 INFO  [Worker-3] c.d.crawler.storage.ArticleStorage [ArticleStorage.java:52] - Saved article: https://thanhnien.vn/cho-nguyen-filip-xuat-than-ngan-can-dan-sao-buriram-united-thay-kim-xem-day-185250514100338224.htm via JSON-LD+Tags
2025-05-14 16:32:10.054 INFO  [Worker-1] c.d.crawler.storage.ArticleStorage [ArticleStorage.java:52] - Saved article: https://thanhnien.vn/tien-linh-anh-vien-cung-tham-gia-chien-dich-day-y-nghia-cua-tcp-viet-nam-185250514132443432.htm via JSON-LD+Tags
2025-05-14 16:32:10.154 INFO  [Worker-0] c.d.crawler.storage.ArticleStorage [ArticleStorage.java:52] - Saved article: https://thanhnien.vn/cong-phuong-va-clb-binh-phuoc-co-the-ap-sat-v-league-ngay-vong-19-tai-sao-185250514090629672.htm via JSON-LD+Tags
2025-05-14 16:32:10.183 INFO  [Worker-2] c.d.crawler.storage.ArticleStorage [ArticleStorage.java:52] - Saved article: https://thanhnien.vn/lich-thi-dau-ban-ket-futsal-nu-chau-a-thai-lan-tranh-ve-world-cup-voi-trung-quoc-185250514095830706.htm via JSON-LD+Tags
2025-05-14 16:32:10.184 INFO  [Worker-5] c.d.crawler.storage.ArticleStorage [ArticleStorage.java:52] - Saved article: https://thanhnien.vn/thai-lan-dat-1-chan-den-world-cup-futsal-nu-indonesia-thua-dam-kho-tin-185250513185310557.htm via JSON-LD+Tags
2025-05-14 16:32:10.322 INFO  [Worker-4] c.d.crawler.storage.ArticleStorage [ArticleStorage.java:52] - Saved article: https://thanhnien.vn/hendrio-chinh-thuc-gia-nhap-clb-ha-noi-xin-chao-hen-day-18525051313391651.htm via JSON-LD+Tags
2025-05-14 16:32:10.366 INFO  [Worker-3] c.d.crawler.storage.ArticleStorage [ArticleStorage.java:52] - Saved article: https://thanhnien.vn/cong-phuong-len-doi-tuyen-viet-nam-tai-sao-khong-185250512200901553.htm via JSON-LD+Tags
2025-05-14 16:32:10.539 INFO  [Worker-0] c.d.crawler.storage.ArticleStorage [ArticleStorage.java:52] - Saved article: https://thanhnien.vn/lich-thi-dau-doi-futsal-nu-viet-nam-hom-nay-muon-tao-dia-chan-truoc-nui-lon-nhat-ban-18525051220141478.htm via JSON-LD+Tags
2025-05-14 16:32:10.590 INFO  [Worker-5] c.d.crawler.storage.ArticleStorage [ArticleStorage.java:52] - Saved article: https://thanhnien.vn/cong-phuong-da-hong-phat-den-nhung-binh-phuoc-van-thang-ninh-binh-da-bai-pvf-cand-185250511200158564.htm via JSON-LD+Tags
2025-05-14 16:32:10.672 INFO  [Worker-3] c.d.crawler.storage.ArticleStorage [ArticleStorage.java:52] - Saved article: https://thanhnien.vn/hagl-cham-tay-vao-ve-tru-hang-ai-can-noi-nam-dinh-vo-dich-185250511214303688.htm via JSON-LD+Tags
2025-05-14 16:32:10.749 INFO  [Worker-4] c.d.crawler.storage.ArticleStorage [ArticleStorage.java:52] - Saved article: https://thanhnien.vn/hlv-tran-minh-chien-tin-tuong-clb-binh-dinh-tinh-than-dat-vo-185250512204659891.htm via JSON-LD+Tags
2025-05-14 16:32:10.852 INFO  [Worker-0] c.d.crawler.storage.ArticleStorage [ArticleStorage.java:52] - Saved article: https://thanhnien.vn/hagl-vua-biet-cach-tru-hang-lai-vua-khien-cuoc-dua-vo-dich-tro-nen-kho-tho-185250512125841653.htm via JSON-LD+Tags
2025-05-14 16:32:10.983 INFO  [Worker-5] c.d.crawler.storage.ArticleStorage [ArticleStorage.java:52] - Saved article: https://thanhnien.vn/viet-nam-thai-lan-va-indonesia-doi-nao-sang-cua-du-world-cup-futsal-nu-185250512171039567.htm via JSON-LD+Tags
2025-05-14 16:32:11.084 INFO  [Worker-3] c.d.crawler.storage.ArticleStorage [ArticleStorage.java:52] - Saved article: https://thanhnien.vn/dinh-trieu-tai-xuat-va-van-qua-hay-thu-mon-tre-hagl-phai-canh-tranh-gay-gat-185250512115542696.htm via JSON-LD+Tags
2025-05-14 16:32:11.167 INFO  [Worker-2] c.d.crawler.storage.ArticleStorage [ArticleStorage.java:52] - Saved article: https://thanhnien.vn/cau-thu-viet-kieu-nguon-luc-du-tru-chat-luong-cho-tuong-lai-185250511212121418.htm via JSON-LD+Tags
2025-05-14 16:32:11.203 INFO  [Worker-0] c.d.crawler.storage.ArticleStorage [ArticleStorage.java:52] - Saved article: https://thanhnien.vn/v-league-hagl-tru-hang-chua-con-bao-nhieu-doi-dang-ngap-nghe-cua-tu-18525051207512517.htm via JSON-LD+Tags
2025-05-14 16:32:11.260 INFO  [Worker-4] c.d.crawler.storage.ArticleStorage [ArticleStorage.java:52] - Saved article: https://thanhnien.vn/xac-dinh-8-doi-futsal-nu-vao-tu-ket-chau-a-viet-nam-cham-tran-nhat-ban-185250511211822375.htm via JSON-LD+Tags
2025-05-14 16:32:11.390 INFO  [Worker-1] c.d.crawler.storage.ArticleStorage [ArticleStorage.java:52] - Saved article: https://thanhnien.vn/hoang-duc-den-anh-xem-manchester-city-da-bournemoth-sang-malaysia-dau-mu-ban-ron-185250512103826991.htm via JSON-LD+Tags
2025-05-14 16:32:11.503 INFO  [Worker-5] c.d.crawler.storage.ArticleStorage [ArticleStorage.java:52] - Saved article: https://thanhnien.vn/dan-cau-thu-viet-kieu-trien-vong-cho-khoac-ao-doi-tuyen-viet-nam-185250506214210806.htm via JSON-LD+Tags
2025-05-14 16:32:11.508 INFO  [Worker-3] c.d.crawler.storage.ArticleStorage [ArticleStorage.java:52] - Saved article: https://thanhnien.vn/hagl-sap-tru-hang-thanh-cong-thang-nghet-tho-the-cong-viettel-phut-99-dinh-cao-kich-tinh-185250511182428355.htm via JSON-LD+Tags
2025-05-14 16:32:11.519 INFO  [Worker-0] c.d.crawler.storage.ArticleStorage [ArticleStorage.java:52] - Saved article: https://thanhnien.vn/co-nhan-theerathon-bunmathan-tuyen-bo-gi-ve-clb-cahn-truoc-chung-ket-cup-c1-185250511163845927.htm via JSON-LD+Tags
2025-05-14 16:32:11.609 INFO  [Worker-2] c.d.crawler.storage.ArticleStorage [ArticleStorage.java:52] - Saved article: https://thanhnien.vn/hoang-duc-kien-tao-dang-cap-ninh-binh-keo-dai-chuoi-thang-kho-tin-chi-cho-len-hang-185250419195259335.htm via JSON-LD+Tags
2025-05-14 16:32:11.745 INFO  [Worker-4] c.d.crawler.storage.ArticleStorage [ArticleStorage.java:52] - Saved article: https://thanhnien.vn/v-league-2024-2025-hap-dan-cuoc-dua-tim-cua-sinh-ton-185250420232209839.htm via JSON-LD+Tags
2025-05-14 16:32:11.927 INFO  [Worker-2] c.d.crawler.storage.ArticleStorage [ArticleStorage.java:52] - Saved article: https://thanhnien.vn/messi-yeu-cau-noi-chuyen-rieng-voi-david-beckham-inter-miami-sap-bien-dong-lon-185250513091529944.htm via JSON-LD+Tags
2025-05-14 16:32:11.943 INFO  [Worker-1] c.d.crawler.storage.ArticleStorage [ArticleStorage.java:52] - Saved article: https://thanhnien.vn/bang-vang-cac-danh-hieu-ca-nhan-tap-the-nhung-phan-thuong-xung-dang-18525033022012966.htm via JSON-LD+Tags
2025-05-14 16:32:11.958 INFO  [Worker-0] c.d.crawler.storage.ArticleStorage [ArticleStorage.java:52] - Saved article: https://thanhnien.vn/truong-dh-vh-tt-dl-thanh-hoa-dang-quang-185250330215156631.htm via JSON-LD+Tags
2025-05-14 16:32:12.039 INFO  [Worker-5] c.d.crawler.storage.ArticleStorage [ArticleStorage.java:52] - Saved article: https://thanhnien.vn/ngay-mai-roi-xa-tphcm-cac-cau-thu-han-nho-mai-nhung-hinh-anh-nay-185250330211729519.htm via JSON-LD+Tags
2025-05-14 16:32:12.074 INFO  [Worker-3] c.d.crawler.storage.ArticleStorage [ArticleStorage.java:52] - Saved article: https://thanhnien.vn/bi-an-tuong-lai-cua-ronaldo-al-nassr-co-hanh-dong-bat-ngo-185250513081840395.htm via JSON-LD+Tags
2025-05-14 16:32:12.293 INFO  [Worker-4] c.d.crawler.storage.ArticleStorage [ArticleStorage.java:52] - Saved article: https://thanhnien.vn/fifa-club-world-cup-2025-hay-hon-ca-world-cup-185250512201229135.htm via JSON-LD+Tags
2025-05-14 16:32:12.360 INFO  [Worker-5] c.d.crawler.storage.ArticleStorage [ArticleStorage.java:52] - Saved article: https://thanhnien.vn/ngay-chay-olympic-vi-suc-khoe-toan-dan-2025-quy-tu-hang-nghin-nguoi-tham-gia-185250323120646929.htm via JSON-LD+Tags
2025-05-14 16:32:12.514 INFO  [Worker-0] c.d.crawler.storage.ArticleStorage [ArticleStorage.java:52] - Saved article: https://thanhnien.vn/cau-thu-nhi-hao-hung-khi-luyen-tap-voi-cuu-trung-ve-nguoi-duc-185250320072038921.htm via JSON-LD+Tags
2025-05-14 16:32:12.518 INFO  [Worker-2] c.d.crawler.storage.ArticleStorage [ArticleStorage.java:52] - Saved article: https://thanhnien.vn/lan-dau-tien-tra-vinh-to-chuc-giai-marathon-thu-hut-hang-nghin-van-dong-vien-185250319190502925.htm via JSON-LD+Tags
2025-05-14 16:32:12.627 INFO  [Worker-4] c.d.crawler.storage.ArticleStorage [ArticleStorage.java:52] - Saved article: https://thanhnien.vn/bong-chuyen-nu-viet-nam-nhan-chi-tieu-lon-thang-thai-lan-vo-dich-sea-games-33-185250506103339594.htm via JSON-LD+Tags
2025-05-14 16:32:12.627 INFO  [Worker-1] c.d.crawler.storage.ArticleStorage [ArticleStorage.java:52] - Saved article: https://thanhnien.vn/than-dong-pickleball-mang-thuong-hieu-viet-ra-san-choi-the-gioi-185250506173018703.htm via JSON-LD+Tags
2025-05-14 16:32:12.632 INFO  [Worker-3] c.d.crawler.storage.ArticleStorage [ArticleStorage.java:52] - Saved article: https://thanhnien.vn/ky-thu-14-tuoi-hua-hen-tiep-buoc-le-quang-liem-18525050621462591.htm via JSON-LD+Tags
2025-05-14 16:32:12.923 INFO  [Worker-3] c.d.crawler.storage.ArticleStorage [ArticleStorage.java:52] - Saved article: https://tuoitre.vn/trao-quyet-dinh-cua-chu-tich-nuoc-cho-si-quan-lam-nhiem-vu-gin-giu-hoa-binh-lien-hop-quoc-2025042112251531.htm via JSON-LD+Tags
2025-05-14 16:32:13.279 INFO  [Worker-1] c.d.crawler.storage.ArticleStorage [ArticleStorage.java:52] - Saved article: https://tuoitre.vn/dai-tuong-phan-van-giang-khong-de-cac-the-luc-thu-dich-chia-re-quan-he-viet-nam-trung-quoc-20250416110349014.htm via JSON-LD+Tags
2025-05-14 16:32:13.323 INFO  [Worker-2] c.d.crawler.storage.ArticleStorage [ArticleStorage.java:52] - Saved article: https://tuoitre.vn/dai-tuong-phan-van-giang-chu-tri-le-don-bo-truong-bo-quoc-phong-trung-quoc-dong-quan-20250416230603672.htm via JSON-LD+Tags
2025-05-14 16:32:13.502 INFO  [Worker-0] c.d.crawler.storage.ArticleStorage [ArticleStorage.java:52] - Saved article: https://tuoitre.vn/dai-tuong-phan-van-giang-xay-dung-tiem-luc-khu-vuc-phong-thu-lien-hoan-20250408125655876.htm via JSON-LD+Tags
2025-05-14 16:32:13.706 INFO  [Worker-2] c.d.crawler.storage.ArticleStorage [ArticleStorage.java:52] - Saved article: https://tuoitre.vn/bat-nguoi-nhan-tam-lua-doi-ve-so-gia-trung-thuong-chiem-doat-tien-cua-nguoi-khuyet-tat-20250514160511434.htm via JSON-LD+Tags
2025-05-14 16:32:13.907 INFO  [Worker-0] c.d.crawler.storage.ArticleStorage [ArticleStorage.java:52] - Saved article: https://tuoitre.vn/sang-tuan-bo-tai-chinh-se-di-my-lam-viec-voi-cac-doi-tac-20250508220726282.htm via JSON-LD+Tags
2025-05-14 16:32:14.059 INFO  [Worker-5] c.d.crawler.storage.ArticleStorage [ArticleStorage.java:52] - Saved article: https://tuoitre.vn/thu-tuong-de-nghi-my-tang-chuyen-giao-cong-nghe-dua-viet-nam-khoi-kiem-soat-xuat-khau-chien-luoc-20250507202231065.htm via JSON-LD+Tags
2025-05-14 16:32:14.163 INFO  [Worker-0] c.d.crawler.storage.ArticleStorage [ArticleStorage.java:52] - Saved article: https://tuoitre.vn/thue-quan-my-bien-nguy-thanh-co-cho-viet-nam-20250420070818637.htm via JSON-LD+Tags
2025-05-14 16:32:14.432 INFO  [Worker-0] c.d.crawler.storage.ArticleStorage [ArticleStorage.java:52] - Saved article: https://tuoitre.vn/doanh-nghiep-viet-tim-cach-mo-khoa-thi-truong-my-20250510155315268.htm via JSON-LD+Tags
2025-05-14 16:32:14.568 INFO  [Worker-3] c.d.crawler.storage.ArticleStorage [ArticleStorage.java:52] - Saved article: https://tuoitre.vn/thu-tuong-hop-ban-phat-trien-nganh-cong-nghiep-ban-dan-20241214095538288.htm via JSON-LD+Tags
2025-05-14 16:32:14.676 INFO  [Worker-0] c.d.crawler.storage.ArticleStorage [ArticleStorage.java:52] - Saved article: https://tuoitre.vn/nha-nhap-khau-my-tim-don-hang-tu-viet-nam-20250509004455567.htm via JSON-LD+Tags
2025-05-14 16:32:14.824 INFO  [Worker-1] c.d.crawler.storage.ArticleStorage [ArticleStorage.java:52] - Saved article: https://tuoitre.vn/tu-tom-den-go-nhieu-doanh-nghiep-viet-tang-toc-giao-hang-sang-my-20250502110659972.htm via JSON-LD+Tags
2025-05-14 16:32:15.187 INFO  [Worker-5] c.d.crawler.storage.ArticleStorage [ArticleStorage.java:52] - Saved article: https://tuoitre.vn/may-bay-roi-trong-luc-huan-luyen-6-canh-sat-thai-lan-tu-nan-20250425125048852.htm via JSON-LD+Tags
2025-05-14 16:32:15.620 INFO  [Worker-4] c.d.crawler.storage.ArticleStorage [ArticleStorage.java:52] - Saved article: https://tuoitre.vn/khoanh-khac-may-bay-huan-luyen-cua-trung-quoc-roi-o-hai-nam-20250316044705043.htm via JSON-LD+Tags
2025-05-14 16:32:15.812 INFO  [Worker-3] c.d.crawler.storage.ArticleStorage [ArticleStorage.java:52] - Saved article: https://tuoitre.vn/phuong-tay-doa-siet-trung-phat-ong-putin-noi-nga-co-the-tu-cung-tu-cap-20250513225534199.htm via JSON-LD+Tags
2025-05-14 16:32:15.866 INFO  [Worker-5] c.d.crawler.storage.ArticleStorage [ArticleStorage.java:52] - Saved article: https://tuoitre.vn/nga-tiet-lo-cac-chu-de-se-dam-phan-voi-ukraine-tai-tho-nhi-ky-2025051409054655.htm via JSON-LD+Tags
2025-05-14 16:32:15.879 INFO  [Worker-0] c.d.crawler.storage.ArticleStorage [ArticleStorage.java:52] - Saved article: https://tuoitre.vn/kiev-matxcova-khong-co-thien-chi-neu-ong-putin-khong-du-dam-phan-nga-ukraine-20250513191730337.htm via JSON-LD+Tags
2025-05-14 16:32:15.884 INFO  [Worker-4] c.d.crawler.storage.ArticleStorage [ArticleStorage.java:52] - Saved article: https://tuoitre.vn/ong-trump-de-xuat-tham-gia-hoa-dam-nga-ukraine-ngoai-giao-quoc-te-day-song-20250513150402756.htm via JSON-LD+Tags
2025-05-14 16:32:16.027 INFO  [Worker-1] c.d.crawler.storage.ArticleStorage [ArticleStorage.java:52] - Saved article: https://tuoitre.vn/tong-thong-ukraine-zelensky-moi-giao-hoang-leo-xiv-den-kiev-20250513142511492.htm via JSON-LD+Tags
2025-05-14 16:32:16.606 INFO  [Worker-4] c.d.crawler.storage.ArticleStorage [ArticleStorage.java:52] - Saved article: https://tuoitre.vn/video/camera-quay-canh-nui-lua-o-philippines-phun-trao-cot-tro-cao-khoang-45km-180002.htm via JSON-LD+Tags
2025-05-14 16:32:16.628 INFO  [Worker-3] c.d.crawler.storage.ArticleStorage [ArticleStorage.java:52] - Saved article: https://tuoitre.vn/video/cuu-thoat-4-nguoi-trong-vu-chay-tang-6-khach-san-the-alcove-o-phu-nhuan-179990.htm via JSON-LD+Tags
2025-05-14 16:32:16.637 INFO  [Worker-5] c.d.crawler.storage.ArticleStorage [ArticleStorage.java:52] - Saved article: https://tuoitre.vn/video/nhom-quai-xe-bieu-dien-boc-dau-xe-tren-quoc-lo-20-bi-cong-an-moi-lam-viec-172339.htm via JSON-LD+Tags
2025-05-14 16:32:17.411 INFO  [Worker-1] c.d.crawler.storage.ArticleStorage [ArticleStorage.java:52] - Saved article: https://tienphong.vn/hai-ly-do-co-the-len-dat-tho-cu-de-dang-hon-trong-nam-2025-post1741375.tpo via JSON-LD+Tags
2025-05-14 16:32:17.461 INFO  [Worker-3] c.d.crawler.storage.ArticleStorage [ArticleStorage.java:52] - Saved article: https://tienphong.vn/nong-115-tinh-tiet-bat-ngo-vu-3-nguoi-thuong-vong-sau-tieng-no-o-tp-thu-duc-post1741256.tpo via JSON-LD+Tags
2025-05-14 16:32:17.632 INFO  [Worker-4] c.d.crawler.storage.ArticleStorage [ArticleStorage.java:52] - Saved article: https://tienphong.vn/nhung-thay-doi-quy-dinh-dat-dai-anh-huong-cac-muc-phat-nguoi-dan-can-chu-y-post1740417.tpo via JSON-LD+Tags
2025-05-14 16:32:17.685 INFO  [Worker-1] c.d.crawler.storage.ArticleStorage [ArticleStorage.java:52] - Saved article: https://tienphong.vn/nong-105-doi-tuong-trong-vu-giet-nham-nguoi-gay-rung-dong-o-an-giang-da-ra-dau-thu-post1741057.tpo via JSON-LD+Tags
2025-05-14 16:32:17.696 INFO  [Worker-3] c.d.crawler.storage.ArticleStorage [ArticleStorage.java:52] - Saved article: https://tienphong.vn/ra-soat-quy-dinh-dat-dai-khi-sap-nhap-don-vi-hanh-chinh-to-chuc-chinh-quyen-2-cap-post1740608.tpo via JSON-LD+Tags
2025-05-14 16:32:17.722 INFO  [Worker-5] c.d.crawler.storage.ArticleStorage [ArticleStorage.java:52] - Saved article: https://tienphong.vn/nong-95-loi-khai-ke-cam-dau-nhom-lua-dao-livestream-cat-da-tim-ngoc-post1740743.tpo via JSON-LD+Tags
2025-05-14 16:32:17.965 INFO  [Worker-4] c.d.crawler.storage.ArticleStorage [ArticleStorage.java:52] - Saved article: https://tienphong.vn/cac-moc-thoi-gian-neu-qua-han-nguoi-dan-se-khong-the-thuc-hien-sang-ten-so-do-post1738926.tpo via JSON-LD+Tags
2025-05-14 16:32:18.250 INFO  [Worker-5] c.d.crawler.storage.ArticleStorage [ArticleStorage.java:52] - Saved article: https://tienphong.vn/nong-85-ky-luat-hieu-truong-bi-nhieu-giao-vien-nu-to-sam-so-post1740508.tpo via JSON-LD+Tags
2025-05-14 16:32:18.356 INFO  [Worker-1] c.d.crawler.storage.ArticleStorage [ArticleStorage.java:52] - Saved article: https://tienphong.vn/nong-75-khoi-to-vu-an-2-con-gai-to-bi-cha-ruot-hiep-dam-post1740199.tpo via JSON-LD+Tags
2025-05-14 16:32:18.358 INFO  [Worker-3] c.d.crawler.storage.ArticleStorage [ArticleStorage.java:52] - Saved article: https://tienphong.vn/con-nhan-nha-dat-cho-tang-tu-cha-me-khong-thuc-hien-sang-ten-se-bi-xu-phat-post1739567.tpo via JSON-LD+Tags
2025-05-14 16:32:18.539 INFO  [Worker-2] c.d.crawler.storage.ArticleStorage [ArticleStorage.java:52] - Saved article: https://tienphong.vn/nong-65-loi-khai-lanh-nguoi-cua-doi-tuong-sat-hai-co-giao-tren-duong-den-truong-post1739813.tpo via JSON-LD+Tags
2025-05-14 16:32:18.561 INFO  [Worker-4] c.d.crawler.storage.ArticleStorage [ArticleStorage.java:52] - Saved article: https://tienphong.vn/nguoi-huong-chinh-sach-nha-o-xa-hoi-can-co-giay-to-gi-de-chung-minh-post1739474.tpo via JSON-LD+Tags
2025-05-14 16:32:18.576 INFO  [Worker-5] c.d.crawler.storage.ArticleStorage [ArticleStorage.java:52] - Saved article: https://tienphong.vn/nong-55-gia-chu-phat-hien-thi-the-phan-huy-trong-phong-tam-sau-1-nam-vang-nha-post1739535.tpo via JSON-LD+Tags
2025-05-14 16:32:18.679 INFO  [Worker-1] c.d.crawler.storage.ArticleStorage [ArticleStorage.java:52] - Saved article: https://tienphong.vn/ba-truong-hop-di-lam-so-do-mau-moi-khong-phai-nop-tien-su-dung-dat-nam-2025-post1738916.tpo via JSON-LD+Tags
2025-05-14 16:32:18.693 INFO  [Worker-3] c.d.crawler.storage.ArticleStorage [ArticleStorage.java:52] - Saved article: https://tienphong.vn/khung-gia-moi-dich-vu-quan-ly-chung-cu-tai-ha-noi-post1739093.tpo via JSON-LD+Tags
2025-05-14 16:32:18.897 INFO  [Worker-2] c.d.crawler.storage.ArticleStorage [ArticleStorage.java:52] - Saved article: https://tienphong.vn/chinh-ly-ho-so-dia-chinh-dat-dai-khi-sap-nhap-sap-xep-don-vi-hanh-chinh-the-nao-post1739013.tpo via JSON-LD+Tags
2025-05-14 16:32:18.901 INFO  [Worker-4] c.d.crawler.storage.ArticleStorage [ArticleStorage.java:52] - Saved article: https://tienphong.vn/uy-ban-canh-tranh-quoc-gia-canh-bao-viec-soan-thao-va-ky-hop-dong-mua-ban-can-ho-chung-cu-post1737280.tpo via JSON-LD+Tags
2025-05-14 16:32:18.905 INFO  [Worker-5] c.d.crawler.storage.ArticleStorage [ArticleStorage.java:52] - Saved article: https://tienphong.vn/nong-15-bo-y-te-thu-hoi-2-san-pham-bao-ve-suc-khoe-co-chua-chat-cam-sibutramine-post1738775.tpo via JSON-LD+Tags
2025-05-14 16:32:19.046 INFO  [Worker-1] c.d.crawler.storage.ArticleStorage [ArticleStorage.java:52] - Saved article: https://tienphong.vn/nong-294-luu-y-nguoi-dan-can-biet-khi-di-xem-dieu-binh-dieu-hanh-ngay-304-post1738380.tpo via JSON-LD+Tags
2025-05-14 16:32:19.048 INFO  [Worker-3] c.d.crawler.storage.ArticleStorage [ArticleStorage.java:52] - Saved article: https://tienphong.vn/su-dung-so-do-gia-de-mua-ban-nha-dat-co-the-bi-phat-tu-chung-than-post1737525.tpo via JSON-LD+Tags
2025-05-14 16:32:19.184 INFO  [Worker-0] c.d.crawler.storage.ArticleStorage [ArticleStorage.java:52] - Saved article: https://tienphong.vn/nong-284-ban-gai-bui-dinh-khanh-doi-dien-muc-phat-nao-post1737977.tpo via JSON-LD+Tags
2025-05-14 16:32:19.233 INFO  [Worker-2] c.d.crawler.storage.ArticleStorage [ArticleStorage.java:52] - Saved article: https://tienphong.vn/nong-274-nhieu-thieu-nu-bi-giam-long-trong-quan-massage-va-karaoke-post1737650.tpo via JSON-LD+Tags
2025-05-14 16:32:19.258 INFO  [Worker-5] c.d.crawler.storage.ArticleStorage [ArticleStorage.java:52] - Saved article: https://tienphong.vn/loat-du-an-khu-do-thi-moi-o-da-nang-se-duoc-dau-thau-truoc-them-sap-nhap-post1737520.tpo via JSON-LD+Tags
2025-05-14 16:32:19.258 INFO  [Worker-4] c.d.crawler.storage.ArticleStorage [ArticleStorage.java:52] - Saved article: https://tienphong.vn/nong-264-cong-an-thong-tin-nguyen-nhan-vu-lat-xe-khach-3-nguoi-chet-o-tam-dao-post1737371.tpo via JSON-LD+Tags
2025-05-14 16:32:19.390 INFO  [Worker-3] c.d.crawler.storage.ArticleStorage [ArticleStorage.java:52] - Saved article: https://tienphong.vn/chinh-phu-de-xuat-giam-70-thoi-gian-lam-thu-tuc-du-an-nha-o-xa-hoi-post1737273.tpo via JSON-LD+Tags
2025-05-14 16:32:19.391 INFO  [Worker-1] c.d.crawler.storage.ArticleStorage [ArticleStorage.java:52] - Saved article: https://tienphong.vn/dat-50-nam-nguoi-dan-co-duoc-xay-nha-cap-so-do-hay-khong-post1736128.tpo via JSON-LD+Tags
2025-05-14 16:32:19.526 INFO  [Worker-0] c.d.crawler.storage.ArticleStorage [ArticleStorage.java:52] - Saved article: https://tienphong.vn/nong-254-chuyen-gia-ly-giai-hien-tuong-hang-nghin-cu-set-doi-xuong-mien-bac-sang-nay-post1737067.tpo via JSON-LD+Tags
2025-05-14 16:32:19.558 INFO  [Worker-2] c.d.crawler.storage.ArticleStorage [ArticleStorage.java:52] - Saved article: https://tienphong.vn/cac-truong-hop-so-do-da-cap-se-bi-thu-hoi-nguoi-dan-nen-biet-post1735993.tpo via JSON-LD+Tags
2025-05-14 16:32:19.588 INFO  [Worker-4] c.d.crawler.storage.ArticleStorage [ArticleStorage.java:52] - Saved article: https://tienphong.vn/nong-244-benh-vien-thong-tin-vu-hai-me-con-san-phu-tu-vong-du-truoc-do-tinh-tao-post1736644.tpo via JSON-LD+Tags
2025-05-14 16:32:19.597 INFO  [Worker-5] c.d.crawler.storage.ArticleStorage [ArticleStorage.java:52] - Saved article: https://tienphong.vn/5-du-an-nha-o-xa-hoi-o-ha-noi-sap-mo-ban-gia-tu-13-trieu-dongm2-post1735963.tpo via JSON-LD+Tags
2025-05-14 16:32:19.726 INFO  [Worker-3] c.d.crawler.storage.ArticleStorage [ArticleStorage.java:52] - Saved article: https://tienphong.vn/dieu-chinh-ho-so-dia-chinh-so-do-khi-sap-nhap-to-chuc-chinh-quyen-2-cap-ra-sao-post1736018.tpo via JSON-LD+Tags
2025-05-14 16:32:19.732 INFO  [Worker-1] c.d.crawler.storage.ArticleStorage [ArticleStorage.java:52] - Saved article: https://tienphong.vn/nong-234-truyen-tai-nhau-nho-nuoc-chanh-vao-mat-chua-benh-chuyen-gia-canh-bao-post1736329.tpo via JSON-LD+Tags
2025-05-14 16:32:19.873 INFO  [Worker-0] c.d.crawler.storage.ArticleStorage [ArticleStorage.java:52] - Saved article: https://tienphong.vn/nong-224-vu-2-nguoi-tu-vong-trong-o-to-camera-ghi-canh-giang-co-co-gai-keu-cuu-post1735964.tpo via JSON-LD+Tags
2025-05-14 16:32:19.904 INFO  [Worker-2] c.d.crawler.storage.ArticleStorage [ArticleStorage.java:52] - Saved article: https://tienphong.vn/ra-soat-toan-dien-cac-du-an-nha-o-xa-hoi-post1735504.tpo via JSON-LD+Tags
2025-05-14 16:32:19.928 INFO  [Worker-4] c.d.crawler.storage.ArticleStorage [ArticleStorage.java:52] - Saved article: https://tienphong.vn/nong-214-vu-duong-day-thuoc-gia-quy-mo-toan-quoc-bat-ngo-ve-doi-tuong-nu-9x-post1735633.tpo via JSON-LD+Tags
2025-05-14 16:32:19.942 INFO  [Worker-5] c.d.crawler.storage.ArticleStorage [ArticleStorage.java:52] - Saved article: https://tienphong.vn/cham-sang-ten-so-do-co-the-bi-phat-den-6-trieu-dong-post1734089.tpo via JSON-LD+Tags
2025-05-14 16:32:20.086 INFO  [Worker-3] c.d.crawler.storage.ArticleStorage [ArticleStorage.java:52] - Saved article: https://tienphong.vn/nong-204-lao-doc-6-trieu-dong-chi-trong-1-ngay-gia-vang-sap-toi-ra-sao-post1735435.tpo via JSON-LD+Tags
2025-05-14 16:32:20.244 INFO  [Worker-0] c.d.crawler.storage.ArticleStorage [ArticleStorage.java:52] - Saved article: https://tienphong.vn/post-1742051.tpo via JSON-LD+Tags
2025-05-14 16:32:20.563 INFO  [Worker-2] c.d.crawler.storage.ArticleStorage [ArticleStorage.java:52] - Saved article: https://tienphong.vn/tong-bi-thu-to-lam-phan-cap-nua-voi-se-rat-kho-lam-viec-post1741963.tpo via JSON-LD+Tags
2025-05-14 16:32:20.569 INFO  [Worker-4] c.d.crawler.storage.ArticleStorage [ArticleStorage.java:52] - Saved article: https://tienphong.vn/dang-chay-lon-tai-day-kho-xuong-o-ha-noi-cot-khoi-keo-dai-hang-tram-met-post1741962.tpo via JSON-LD+Tags
2025-05-14 16:32:20.570 INFO  [Worker-0] c.d.crawler.storage.ArticleStorage [ArticleStorage.java:52] - Saved article: https://tienphong.vn/tinh-nao-thu-ngan-sach-nam-2024-cao-nhat-ca-nuoc-post1726309.tpo via JSON-LD+Tags
2025-05-14 16:32:20.590 INFO  [Worker-5] c.d.crawler.storage.ArticleStorage [ArticleStorage.java:52] - Saved article: https://tienphong.vn/pho-thu-tuong-le-thanh-long-danh-it-nhat-30-ngan-sach-y-te-cho-y-te-du-phong-post1719992.tpo via JSON-LD+Tags
2025-05-14 16:32:20.594 INFO  [Worker-1] c.d.crawler.storage.ArticleStorage [ArticleStorage.java:52] - Saved article: https://tienphong.vn/bo-noi-vu-cam-ket-giam-toi-thieu-20-cong-chuc-vien-chuc-huong-luong-tu-ngan-sach-post1719611.tpo via JSON-LD+Tags
2025-05-14 16:32:20.654 INFO  [Worker-3] c.d.crawler.storage.ArticleStorage [ArticleStorage.java:52] - Saved article: https://tienphong.vn/uy-ban-thuong-vu-quoc-hoi-ban-hanh-cac-nghi-quyet-ve-cong-tac-can-bo-post1741970.tpo via JSON-LD+Tags
2025-05-14 16:32:21.177 INFO  [Worker-1] c.d.crawler.storage.ArticleStorage [ArticleStorage.java:52] - Saved article: https://tienphong.vn/israel-bat-an-khi-bi-tong-thong-my-trump-lanh-nhat-post1741768.tpo via JSON-LD+Tags
2025-05-14 16:32:21.221 INFO  [Worker-3] c.d.crawler.storage.ArticleStorage [ArticleStorage.java:52] - Saved article: https://tienphong.vn/cach-trung-quoc-ep-tong-thong-my-trump-lui-buoc-post1741899.tpo via JSON-LD+Tags
2025-05-14 16:32:21.272 INFO  [Worker-2] c.d.crawler.storage.ArticleStorage [ArticleStorage.java:52] - Saved article: https://tienphong.vn/syria-tim-cach-quyen-ru-tong-thong-my-trump-post1741454.tpo via JSON-LD+Tags
2025-05-14 16:32:21.324 INFO  [Worker-4] c.d.crawler.storage.ArticleStorage [ArticleStorage.java:52] - Saved article: https://tienphong.vn/nga-noi-co-kha-nang-dam-phan-voi-ukraine-o-tho-nhi-ky-post1741989.tpo via JSON-LD+Tags
2025-05-14 16:32:21.415 INFO  [Worker-1] c.d.crawler.storage.ArticleStorage [ArticleStorage.java:52] - Saved article: https://tienphong.vn/nhieu-nuoc-dien-dam-sau-khi-tong-thong-my-goi-y-kha-nang-tham-gia-dam-phan-nga-ukraine-post1741876.tpo via JSON-LD+Tags
2025-05-14 16:32:21.479 INFO  [Worker-0] c.d.crawler.storage.ArticleStorage [ArticleStorage.java:52] - Saved article: https://tienphong.vn/bai-toan-cua-a-rap-xe-ut-khi-trai-tham-do-don-tong-thong-my-trump-post1741542.tpo via JSON-LD+Tags
2025-05-14 16:32:21.499 INFO  [Worker-5] c.d.crawler.storage.ArticleStorage [ArticleStorage.java:52] - Saved article: https://tienphong.vn/ro-tin-don-tong-thong-my-trump-co-the-cong-nhan-palestine-la-quoc-gia-co-chu-quyen-post1741339.tpo via JSON-LD+Tags
2025-05-14 16:32:21.857 INFO  [Worker-2] c.d.crawler.storage.ArticleStorage [ArticleStorage.java:52] - Saved article: https://tuoitre.vn/nhan-nhan-cong-trinh-san-view-tren-dat-lua-nong-nghiep-20250416151852789.htm via JSON-LD+Tags
2025-05-14 16:32:22.011 INFO  [Worker-0] c.d.crawler.storage.ArticleStorage [ArticleStorage.java:52] - Saved article: https://tuoitre.vn/loat-nha-san-view-moc-trai-phep-xa-bi-phe-binh-20250423102010834.htm via JSON-LD+Tags
2025-05-14 16:32:22.093 INFO  [Worker-5] c.d.crawler.storage.ArticleStorage [ArticleStorage.java:52] - Saved article: https://tuoitre.vn/san-lap-mat-bang-san-view-ho-thuy-dien-xa-chi-nhac-nho-20250409144345852.htm via JSON-LD+Tags
2025-05-14 16:32:24.279 INFO  [Worker-5] c.d.crawler.storage.ArticleStorage [ArticleStorage.java:52] - Saved article: https://tuoitre.vn/bat-hai-nghi-pham-lua-dao-chiem-doat-3-2-ti-dong-tu-vay-tien-qua-app-20250514113357819.htm via JSON-LD+Tags
2025-05-14 16:32:24.530 INFO  [Worker-5] c.d.crawler.storage.ArticleStorage [ArticleStorage.java:52] - Saved article: https://tuoitre.vn/bat-giam-doc-cong-ty-lua-dao-chiem-doat-2-ti-dong-cua-giam-doc-cong-ty-khac-20250513152100459.htm via JSON-LD+Tags
2025-05-14 16:32:24.559 INFO  [Worker-1] c.d.crawler.storage.ArticleStorage [ArticleStorage.java:52] - Saved article: https://tuoitre.vn/bat-giam-doc-lua-dao-chiem-doat-hon-2-ti-dong-cua-doi-tac-va-khach-hang-20250513121353365.htm via JSON-LD+Tags
2025-05-14 16:32:27.244 INFO  [Worker-1] c.d.crawler.storage.ArticleStorage [ArticleStorage.java:52] - Saved article: https://tienphong.vn/ban-tin-8h-thong-tin-vu-co-gai-23-tuoi-to-cao-bi-tai-xe-o-to-hanh-hung-post1741668.tpo via JSON-LD+Tags
2025-05-14 16:32:27.578 INFO  [Worker-3] c.d.crawler.storage.ArticleStorage [ArticleStorage.java:52] - Saved article: https://tienphong.vn/canh-tuong-thot-tim-khi-nguoi-phu-nu-xem-lai-camera-phong-ngu-post1741887.tpo via JSON-LD+Tags
2025-05-14 16:32:27.659 INFO  [Worker-5] c.d.crawler.storage.ArticleStorage [ArticleStorage.java:52] - Saved article: https://tienphong.vn/clip-nhom-ban-o-binh-duong-khan-cap-cuu-nguoi-di-xe-may-can-dinh-nga-trong-thuong-trong-dem-post1741780.tpo via JSON-LD+Tags
2025-05-14 16:32:27.788 INFO  [Worker-1] c.d.crawler.storage.ArticleStorage [ArticleStorage.java:52] - Saved article: https://tienphong.vn/hang-chuc-hoc-sinh-mang-xe-do-che-tu-tap-bieu-dien-va-quay-video-cau-like-post1736842.tpo via JSON-LD+Tags
2025-05-14 16:32:27.834 INFO  [Worker-4] c.d.crawler.storage.ArticleStorage [ArticleStorage.java:52] - Saved article: https://tienphong.vn/sau-phu-le-den-co-giao-huong-bi-xu-phat-vi-dang-tai-clip-danh-bac-cau-like-post1734631.tpo via JSON-LD+Tags
2025-05-14 16:32:28.447 INFO  [Worker-4] c.d.crawler.storage.ArticleStorage [ArticleStorage.java:52] - Saved article: https://thanhnien.vn/bi-an-an-mang-2-nguoi-chet-o-vung-ven-tphcm-185250514153228942.htm via JSON-LD+Tags
2025-05-14 16:32:28.535 INFO  [Worker-0] c.d.crawler.storage.ArticleStorage [ArticleStorage.java:52] - Saved article: https://thanhnien.vn/dinh-chi-cong-tac-can-bo-cong-an-bi-to-danh-nguoi-o-ha-noi-185250514094156293.htm via JSON-LD+Tags
2025-05-14 16:32:28.635 INFO  [Worker-3] c.d.crawler.storage.ArticleStorage [ArticleStorage.java:52] - Saved article: https://thanhnien.vn/trang-nghiem-le-cung-ruoc-xa-loi-phat-ve-chua-quan-su-hang-ngan-nguoi-cho-don-185250513213759919.htm via JSON-LD+Tags
2025-05-14 16:32:28.754 INFO  [Worker-1] c.d.crawler.storage.ArticleStorage [ArticleStorage.java:52] - Saved article: https://thanhnien.vn/xem-nhanh-20h-ngay-135-nguoi-ha-noi-cho-chiem-bai-xa-loi-phat-tai-nan-rinh-rap-o-giao-lo-bat-on-hoc-mon-18525051319252786.htm via JSON-LD+Tags
2025-05-14 16:32:28.756 INFO  [Worker-4] c.d.crawler.storage.ArticleStorage [ArticleStorage.java:52] - Saved article: https://thanhnien.vn/tai-nan-rinh-rap-tai-giao-lo-bat-on-o-hoc-mon-185250513183742922.htm via JSON-LD+Tags
2025-05-14 16:32:28.825 INFO  [Worker-2] c.d.crawler.storage.ArticleStorage [ArticleStorage.java:52] - Saved article: https://thanhnien.vn/can-canh-sat-lo-nuot-chung-tuyen-duong-nong-thon-o-can-tho-185250513162753721.htm via JSON-LD+Tags
2025-05-14 16:32:28.832 INFO  [Worker-0] c.d.crawler.storage.ArticleStorage [ArticleStorage.java:52] - Saved article: https://thanhnien.vn/nguoi-dan-ha-noi-cho-tu-som-de-chiem-bai-xa-loi-phat-185250513172159213.htm via JSON-LD+Tags
2025-05-14 16:32:33.681 INFO  [Worker-3] c.d.crawler.storage.ArticleStorage [ArticleStorage.java:52] - Saved article: https://tienphong.vn/phim-cua-jisoo-blackpink-gay-tranh-cai-post1741703.tpo via JSON-LD+Tags
2025-05-14 16:32:33.682 INFO  [Worker-2] c.d.crawler.storage.ArticleStorage [ArticleStorage.java:52] - Saved article: https://tienphong.vn/phim-ngan-de-view-than-toc-dien-vien-dua-nhau-kiem-tien-ty-post1741390.tpo via JSON-LD+Tags
2025-05-14 16:32:34.144 INFO  [Worker-5] c.d.crawler.storage.ArticleStorage [ArticleStorage.java:52] - Saved article: https://vietnamnet.vn/pho-thu-tuong-sua-gia-thuoc-gia-gay-buc-xuc-trong-nhan-dan-2393670.html via JSON-LD+Tags
2025-05-14 16:32:34.171 INFO  [Worker-1] c.d.crawler.storage.ArticleStorage [ArticleStorage.java:52] - Saved article: https://vietnamnet.vn/cu-tri-lo-lang-viec-gia-vang-tang-hang-gia-can-bo-phai-di-lam-xa-sau-sap-xep-2397634.html via JSON-LD+Tags
2025-05-14 16:32:34.308 INFO  [Worker-3] c.d.crawler.storage.ArticleStorage [ArticleStorage.java:52] - Saved article: https://vietnamnet.vn/thu-tuong-chi-dao-day-nhanh-dieu-tra-vu-san-xuat-buon-ban-thuoc-gia-2392379.html via JSON-LD+Tags
2025-05-14 16:32:34.515 INFO  [Worker-0] c.d.crawler.storage.ArticleStorage [ArticleStorage.java:52] - Saved article: https://tuoitre.vn/noi-giu-ky-cuong-an-toan-thuc-pham-sao-lai-tiep-tay-san-xuat-thuc-pham-chuc-nang-gia-20250514095308411.htm via JSON-LD+Tags
2025-05-14 16:32:34.521 INFO  [Worker-1] c.d.crawler.storage.ArticleStorage [ArticleStorage.java:52] - Saved article: https://tuoitre.vn/thu-doan-cua-duong-day-san-xuat-buon-ban-1-6-trieu-cuon-sach-giao-khoa-gia-2025051211262986.htm via JSON-LD+Tags
2025-05-14 16:32:34.542 INFO  [Worker-4] c.d.crawler.storage.ArticleStorage [ArticleStorage.java:52] - Saved article: https://tuoitre.vn/yen-sao-gia-kem-chat-luong-ngap-tran-tiktok-doanh-nghiep-lo-thua-ngay-tren-san-nha-20250508185008733.htm via JSON-LD+Tags
2025-05-14 16:32:34.545 INFO  [Worker-5] c.d.crawler.storage.ArticleStorage [ArticleStorage.java:52] - Saved article: https://tuoitre.vn/hai-chi-em-ruot-san-xuat-buon-ban-nuoc-hoa-gia-tri-gia-hang-chuc-ti-dong-20250509200607065.htm via JSON-LD+Tags
2025-05-14 16:32:34.614 INFO  [Worker-3] c.d.crawler.storage.ArticleStorage [ArticleStorage.java:52] - Saved article: https://tuoitre.vn/my-pham-san-xuat-tai-nha-ban-duoc-hon-100-000-don-hang-tren-shopee-tiktok-2025050817550957.htm via JSON-LD+Tags
2025-05-14 16:32:34.671 INFO  [Worker-2] c.d.crawler.storage.ArticleStorage [ArticleStorage.java:52] - Saved article: https://tuoitre.vn/that-doc-ac-khi-hang-gia-nham-vao-tre-em-nguoi-yeu-the-2025050522382912.htm via JSON-LD+Tags
2025-05-14 16:32:34.782 INFO  [Worker-1] c.d.crawler.storage.ArticleStorage [ArticleStorage.java:52] - Saved article: https://tuoitre.vn/san-pham-chua-chat-cam-van-duoc-ban-tren-san-thuong-mai-dien-tu-20250503121339434.htm via JSON-LD+Tags
2025-05-14 16:32:34.790 INFO  [Worker-0] c.d.crawler.storage.ArticleStorage [ArticleStorage.java:52] - Saved article: https://tuoitre.vn/vien-truong-nguyen-huy-tien-da-khoi-to-mot-so-vu-san-xuat-hang-thuc-pham-gia-lua-doi-khach-hang-20250504113523858.htm via JSON-LD+Tags
2025-05-14 16:32:34.794 INFO  [Worker-5] c.d.crawler.storage.ArticleStorage [ArticleStorage.java:52] - Saved article: https://tuoitre.vn/bo-truong-dao-hong-lan-bao-cao-quoc-hoi-ve-loi-hua-quan-ly-my-pham-thuc-pham-chuc-nang-20250503090521405.htm via JSON-LD+Tags
2025-05-14 16:32:34.816 INFO  [Worker-4] c.d.crawler.storage.ArticleStorage [ArticleStorage.java:52] - Saved article: https://tuoitre.vn/thu-tuong-day-nhanh-dieu-tra-khong-bo-lot-vi-pham-lien-quan-den-sua-gia-thuoc-gia-20250502220824665.htm via JSON-LD+Tags
2025-05-14 16:32:34.881 INFO  [Worker-3] c.d.crawler.storage.ArticleStorage [ArticleStorage.java:52] - Saved article: https://tuoitre.vn/vu-mi-chinh-hat-nem-dau-an-gia-diem-ten-cac-san-pham-cong-ty-famimoto-tu-cong-bo-20250429114149919.htm via JSON-LD+Tags
2025-05-14 16:32:34.928 INFO  [Worker-2] c.d.crawler.storage.ArticleStorage [ArticleStorage.java:52] - Saved article: https://tuoitre.vn/bat-giam-doc-cong-ty-herbitech-va-3-cap-duoi-vu-san-xuat-san-pham-bao-ve-suc-khoe-gia-20250428200109163.htm via JSON-LD+Tags
2025-05-14 16:32:35.049 INFO  [Worker-1] c.d.crawler.storage.ArticleStorage [ArticleStorage.java:52] - Saved article: https://tuoitre.vn/vu-mi-chinh-dau-an-hat-nem-gia-nhieu-nguoi-ngo-ngac-khi-lanh-dao-xa-ngo-ngang-20250428090828195.htm via JSON-LD+Tags
2025-05-14 16:32:35.053 INFO  [Worker-0] c.d.crawler.storage.ArticleStorage [ArticleStorage.java:52] - Saved article: https://tuoitre.vn/ra-soat-thu-hoi-san-pham-mi-chinh-gia-cua-famimoto-viet-nam-20250427212652346.htm via JSON-LD+Tags
2025-05-14 16:32:35.054 INFO  [Worker-5] c.d.crawler.storage.ArticleStorage [ArticleStorage.java:52] - Saved article: https://tuoitre.vn/vu-san-xuat-mi-chinh-hat-nem-dau-an-gia-tam-giu-khan-cap-giam-doc-cong-ty-famitomo-viet-nam-20250427210146669.htm via JSON-LD+Tags
2025-05-14 16:32:35.221 INFO  [Worker-4] c.d.crawler.storage.ArticleStorage [ArticleStorage.java:52] - Saved article: https://tuoitre.vn/thu-giu-hon-25-tan-vitamin-collagen-cua-chu-doanh-nghiep-nguoi-trung-quoc-20250427175017832.htm via JSON-LD+Tags
2025-05-14 16:32:35.419 INFO  [Worker-1] c.d.crawler.storage.ArticleStorage [ArticleStorage.java:52] - Saved article: https://vietnamnet.vn/ong-trump-he-lo-cach-buoc-an-do-pakistan-ngung-ban-2400553.html via JSON-LD+Tags
2025-05-14 16:32:35.419 INFO  [Worker-3] c.d.crawler.storage.ArticleStorage [ArticleStorage.java:52] - Saved article: https://vietnamnet.vn/an-do-dieu-tau-san-bay-tau-ngam-toi-gan-pakistan-2400224.html via JSON-LD+Tags
2025-05-14 16:32:35.479 INFO  [Worker-4] c.d.crawler.storage.ArticleStorage [ArticleStorage.java:52] - Saved article: https://vietnamnet.vn/my-va-trung-quoc-len-tieng-ve-xung-dot-an-do-pakistan-2399752.html via JSON-LD+Tags
2025-05-14 16:32:35.720 INFO  [Worker-1] c.d.crawler.storage.ArticleStorage [ArticleStorage.java:52] - Saved article: https://vietnamnet.vn/an-do-va-pakistan-to-nhau-vi-pham-lenh-ngung-ban-2400029.html via JSON-LD+Tags
2025-05-14 16:32:36.026 INFO  [Worker-2] c.d.crawler.storage.ArticleStorage [ArticleStorage.java:52] - Saved article: https://vietnamnet.vn/an-do-khang-dinh-chien-dich-khong-kich-pakistan-thanh-cong-2400156.html via JSON-LD+Tags
2025-05-14 16:32:36.032 INFO  [Worker-5] c.d.crawler.storage.ArticleStorage [ArticleStorage.java:52] - Saved article: https://vietnamnet.vn/pakistan-tiet-lo-vu-khi-ban-ha-5-tiem-kich-an-do-pha-huy-them-25-uav-doi-phuong-2399170.html via JSON-LD+Tags
2025-05-14 16:32:36.156 INFO  [Worker-4] c.d.crawler.storage.ArticleStorage [ArticleStorage.java:52] - Saved article: https://vietnamnet.vn/bo-truong-y-te-noi-ve-kien-nghi-ho-tro-muc-dong-bhyt-voi-nguoi-thu-nhap-thap-2381676.html via JSON-LD+Tags
2025-05-14 16:32:36.183 INFO  [Worker-3] c.d.crawler.storage.ArticleStorage [ArticleStorage.java:52] - Saved article: https://vietnamnet.vn/nguoi-dan-do-xo-xet-nghiem-dau-an-ung-thu-mong-phat-hien-som-chuyen-gia-noi-gi-2399950.html via JSON-LD+Tags
2025-05-14 16:32:36.199 INFO  [Worker-0] c.d.crawler.storage.ArticleStorage [ArticleStorage.java:52] - Saved article: https://vietnamnet.vn/lan-dau-tien-bv-bach-mai-va-truong-dh-y-ha-noi-ky-cam-ket-the-ky-2346383.html via JSON-LD+Tags
2025-05-14 16:32:36.345 INFO  [Worker-2] c.d.crawler.storage.ArticleStorage [ArticleStorage.java:52] - Saved article: https://vietnamnet.vn/chuyen-gia-y-te-xuat-hien-o-clip-gioi-thieu-cty-san-xuat-gan-600-loai-sua-gia-2390750.html via JSON-LD+Tags
2025-05-14 16:32:36.493 INFO  [Worker-3] c.d.crawler.storage.ArticleStorage [ArticleStorage.java:52] - Saved article: https://tuoitre.vn/video/video-ong-trump-dung-lang-nghe-chau-ngoai-danh-dan-piano-tai-nha-trang-gay-sot-179377.htm via JSON-LD+Tags
2025-05-14 16:32:36.517 INFO  [Worker-0] c.d.crawler.storage.ArticleStorage [ArticleStorage.java:52] - Saved article: https://tuoitre.vn/video/ong-trump-muon-nhanh-chong-ket-thuc-chien-su-nga-ukraine-trong-2-tuan-179203.htm via JSON-LD+Tags
2025-05-14 16:32:36.571 INFO  [Worker-1] c.d.crawler.storage.ArticleStorage [ArticleStorage.java:52] - Saved article: https://tuoitre.vn/video/ong-trump-va-phu-nhan-thoi-coi-khoi-dau-cuoc-thi-lan-trung-phuc-sinh-tai-nha-trang-178881.htm via JSON-LD+Tags
2025-05-14 16:32:36.681 INFO  [Worker-2] c.d.crawler.storage.ArticleStorage [ArticleStorage.java:52] - Saved article: https://tuoitre.vn/video/ong-biden-lan-dau-tien-dang-dan-che-trach-chinh-quyen-tong-thong-donald-trump-178540.htm via JSON-LD+Tags
2025-05-14 16:32:36.968 INFO  [Worker-1] c.d.crawler.storage.ArticleStorage [ArticleStorage.java:52] - Saved article: https://thanhnien.vn/bac-si-an-2-qua-nay-moi-sang-ruot-gan-deu-khoe-lai-tranh-ung-thu-185250509234832778.htm via JSON-LD+Tags
2025-05-14 16:32:37.047 INFO  [Worker-5] c.d.crawler.storage.ArticleStorage [ArticleStorage.java:52] - Saved article: https://thanhnien.vn/giai-ma-hien-tuong-phoi-trang-khi-nhiem-cum-thuc-hu-viec-dat-hanh-tay-phong-benh-185250214173649114.htm via JSON-LD+Tags
2025-05-14 16:32:37.058 INFO  [Worker-2] c.d.crawler.storage.ArticleStorage [ArticleStorage.java:52] - Saved article: https://thanhnien.vn/rach-khoi-u-hut-2-lit-dich-mu-tu-lung-nguoi-phu-nu-185250416220741713.htm via JSON-LD+Tags
2025-05-14 16:32:37.788 INFO  [Worker-1] c.d.crawler.storage.ArticleStorage [ArticleStorage.java:52] - Saved article: https://tienphong.vn/yen-bai-lao-cai-hop-truc-tuyen-ra-nghi-quyet-chung-ve-sap-nhap-post1737500.tpo via JSON-LD+Tags
2025-05-14 16:32:37.791 INFO  [Worker-2] c.d.crawler.storage.ArticleStorage [ArticleStorage.java:52] - Saved article: https://tienphong.vn/lao-cai-va-yen-bai-lap-ban-chi-dao-sap-nhap-tinh-post1732247.tpo via JSON-LD+Tags
2025-05-14 16:32:37.886 INFO  [Worker-0] c.d.crawler.storage.ArticleStorage [ArticleStorage.java:52] - Saved article: https://tienphong.vn/quang-tri-cham-xet-thang-hang-chuc-danh-nghe-nghiep-cho-giao-vien-post1741886.tpo via JSON-LD+Tags
2025-05-14 16:32:38.016 INFO  [Worker-3] c.d.crawler.storage.ArticleStorage [ArticleStorage.java:52] - Saved article: https://tienphong.vn/15-tuyen-xe-buyt-ha-noi-duoc-xanh-hoa-post1736728.tpo via JSON-LD+Tags
2025-05-14 16:32:38.091 INFO  [Worker-2] c.d.crawler.storage.ArticleStorage [ArticleStorage.java:52] - Saved article: https://tienphong.vn/hon-54-trieu-khach-thu-do-di-xe-buyt-post1736731.tpo via Meta
2025-05-14 16:32:38.343 INFO  [Worker-2] c.d.crawler.storage.ArticleStorage [ArticleStorage.java:52] - Saved article: https://tienphong.vn/dieu-chinh-lo-trinh-2-tuyen-xe-buyt-co-tro-gia-ket-noi-metro-so-1-tphcm-post1726511.tpo via JSON-LD+Tags
2025-05-14 16:32:38.379 INFO  [Worker-0] c.d.crawler.storage.ArticleStorage [ArticleStorage.java:52] - Saved article: https://tienphong.vn/ha-noi-thay-the-3-tuyen-buyt-chay-dau-sang-xe-dien-tu-ngay-12-post1707873.tpo via JSON-LD+Tags
2025-05-14 16:32:38.436 INFO  [Worker-1] c.d.crawler.storage.ArticleStorage [ArticleStorage.java:52] - Saved article: https://tienphong.vn/3-tuyen-buyt-dien-dau-tien-thay-the-xe-chay-dau-tai-ha-noi-lan-banh-tu-hom-nay-post1710141.tpo via JSON-LD+Tags
2025-05-14 16:32:38.491 INFO  [Worker-3] c.d.crawler.storage.ArticleStorage [ArticleStorage.java:52] - Saved article: https://tienphong.vn/danh-sach-17-tuyen-xe-buyt-ket-noi-metro-so-1-ben-thanh-suoi-tien-post1693949.tpo via JSON-LD+Tags
2025-05-14 16:32:38.491 INFO  [Worker-5] c.d.crawler.storage.ArticleStorage [ArticleStorage.java:52] - Saved article: https://tienphong.vn/chi-tiet-lo-trinh-17-tuyen-xe-buyt-dien-ket-noi-tuyen-metro-so-1-ben-thanh-suoi-tien-post1698897.tpo via JSON-LD+Tags
2025-05-14 16:32:39.006 INFO  [Worker-5] c.d.crawler.storage.ArticleStorage [ArticleStorage.java:52] - Saved article: https://tienphong.vn/post-1736966.tpo via JSON-LD+Tags
2025-05-14 16:32:39.020 INFO  [Worker-1] c.d.crawler.storage.ArticleStorage [ArticleStorage.java:52] - Saved article: https://tienphong.vn/thu-doan-day-dan-gap-co-cua-nhom-can-bo-chi-nhanh-van-phong-dang-ky-dat-dai-post1741855.tpo via JSON-LD+Tags
2025-05-14 16:32:39.021 INFO  [Worker-0] c.d.crawler.storage.ArticleStorage [ArticleStorage.java:52] - Saved article: https://tienphong.vn/nguyen-cuc-truong-cuc-an-toan-thuc-pham-bo-y-te-bi-bat-sau-vu-thu-giu-100-tan-thuc-pham-chuc-nang-gia-post1741917.tpo via JSON-LD+Tags
2025-05-14 16:32:39.074 INFO  [Worker-3] c.d.crawler.storage.ArticleStorage [ArticleStorage.java:52] - Saved article: https://tienphong.vn/cong-an-ha-noi-tuyen-duong-50-guong-thanh-nien-tien-tien-lam-theo-loi-bac-post1736966.tpo via JSON-LD+Tags
2025-05-14 16:32:39.702 INFO  [Worker-2] c.d.crawler.storage.ArticleStorage [ArticleStorage.java:52] - Saved article: https://tienphong.vn/truong-cong-an-xa-lat-tay-ke-gia-danh-post1741579.tpo via JSON-LD+Tags
2025-05-14 16:32:39.705 INFO  [Worker-5] c.d.crawler.storage.ArticleStorage [ArticleStorage.java:52] - Saved article: https://tienphong.vn/post-1741888.tpo via JSON-LD+Tags
2025-05-14 16:32:39.955 INFO  [Worker-2] c.d.crawler.storage.ArticleStorage [ArticleStorage.java:52] - Saved article: https://tienphong.vn/truong-dai-hoc-ngoai-thuong-bi-gia-mao-van-ban-ai-da-dinh-bay-lua-post1727946.tpo via JSON-LD+Tags
2025-05-14 16:32:39.960 INFO  [Worker-5] c.d.crawler.storage.ArticleStorage [ArticleStorage.java:52] - Saved article: https://tienphong.vn/quang-nam-vo-dung-dao-dam-chong-nguy-kich-roi-di-tu-thu-post1741620.tpo via JSON-LD+Tags
2025-05-14 16:32:40.507 INFO  [Worker-3] c.d.crawler.storage.ArticleStorage [ArticleStorage.java:52] - Saved article: https://tienphong.vn/bo-thuoc-tru-co-vao-hop-banh-de-giet-vo-cu-nham-chiem-doat-tai-san-post1741808.tpo via JSON-LD+Tags
2025-05-14 16:32:40.530 INFO  [Worker-2] c.d.crawler.storage.ArticleStorage [ArticleStorage.java:52] - Saved article: https://tienphong.vn/bat-giam-doc-cong-ty-bat-dong-san-o-binh-duong-post1737548.tpo via JSON-LD+Tags
2025-05-14 16:32:40.576 INFO  [Worker-4] c.d.crawler.storage.ArticleStorage [ArticleStorage.java:52] - Saved article: https://tienphong.vn/bat-cuu-truong-pho-ban-quan-tri-chung-cu-vi-tham-o-22-ty-dong-quy-bao-tri-post1738098.tpo via JSON-LD+Tags
2025-05-14 16:32:40.659 INFO  [Worker-0] c.d.crawler.storage.ArticleStorage [ArticleStorage.java:52] - Saved article: https://tienphong.vn/bat-tam-giam-3-lanh-dao-cong-ty-cp-quan-ly-cong-trinh-do-thi-bac-giang-post1740501.tpo via JSON-LD+Tags
2025-05-14 16:32:40.736 INFO  [Worker-3] c.d.crawler.storage.ArticleStorage [ArticleStorage.java:52] - Saved article: https://tienphong.vn/lap-facebook-ao-tao-binh-luan-gia-tren-mang-de-lua-dao-hang-ty-dong-post1741544.tpo via JSON-LD+Tags
2025-05-14 16:32:40.756 INFO  [Worker-2] c.d.crawler.storage.ArticleStorage [ArticleStorage.java:52] - Saved article: https://tienphong.vn/nguyen-pho-chu-tich-xa-hai-lan-lua-dao-chiem-doat-tai-san-cua-nguoi-dan-post1741277.tpo via JSON-LD+Tags
2025-05-14 16:32:40.806 INFO  [Worker-4] c.d.crawler.storage.ArticleStorage [ArticleStorage.java:52] - Saved article: https://tienphong.vn/lua-dao-chiem-doat-37-ty-dong-cua-nguoi-quen-post1740792.tpo via JSON-LD+Tags
2025-05-14 16:32:40.825 INFO  [Worker-5] c.d.crawler.storage.ArticleStorage [ArticleStorage.java:52] - Saved article: https://tienphong.vn/cuu-truong-phong-an-ninh-kinh-te-cong-an-tinh-binh-duong-bi-cao-buoc-lua-dao-23-ty-dong-post1740079.tpo via JSON-LD+Tags
2025-05-14 16:32:40.950 INFO  [Worker-0] c.d.crawler.storage.ArticleStorage [ArticleStorage.java:52] - Saved article: https://tienphong.vn/triet-pha-san-giao-dich-ngoai-hoi-lua-dao-chiem-doat-300-ty-dong-post1739943.tpo via JSON-LD+Tags
2025-05-14 16:32:41.554 INFO  [Worker-0] c.d.crawler.storage.ArticleStorage [ArticleStorage.java:52] - Saved article: https://tienphong.vn/post-1703745.tpo via JSON-LD+Tags
2025-05-14 16:32:41.677 INFO  [Worker-5] c.d.crawler.storage.ArticleStorage [ArticleStorage.java:52] - Saved article: https://tienphong.vn/post-1730983.tpo via JSON-LD+Tags
2025-05-14 16:32:41.878 INFO  [Worker-3] c.d.crawler.storage.ArticleStorage [ArticleStorage.java:52] - Saved article: https://tienphong.vn/han-quoc-chay-trung-tam-logistics-so-tan-khan-178-nguoi-post1741856.tpo via JSON-LD+Tags
2025-05-14 16:32:41.914 INFO  [Worker-1] c.d.crawler.storage.ArticleStorage [ArticleStorage.java:52] - Saved article: https://tienphong.vn/an-do-thu-nghiem-thanh-cong-ten-lua-chong-tang-the-he-ba-post1709824.tpo via JSON-LD+Tags
2025-05-14 16:32:42.910 INFO  [Worker-4] c.d.crawler.storage.ArticleStorage [ArticleStorage.java:52] - Saved article: https://tuoitre.vn/lang-son-bac-tin-un-tac-nong-san-xuat-khau-tai-cua-khau-20250427085714831.htm via JSON-LD+Tags
2025-05-14 16:32:42.929 INFO  [Worker-3] c.d.crawler.storage.ArticleStorage [ArticleStorage.java:52] - Saved article: https://tuoitre.vn/vi-sao-hang-hoa-phuong-tien-qua-cua-khau-quoc-te-cau-treo-giam-manh-2024120509523371.htm via JSON-LD+Tags
2025-05-14 16:32:43.049 INFO  [Worker-5] c.d.crawler.storage.ArticleStorage [ArticleStorage.java:52] - Saved article: https://tuoitre.vn/cac-cua-khau-nao-se-tam-dung-thong-quan-voi-trung-quoc-20250123125244393.htm via JSON-LD+Tags
2025-05-14 16:32:43.225 INFO  [Worker-0] c.d.crawler.storage.ArticleStorage [ArticleStorage.java:52] - Saved article: https://tuoitre.vn/dieu-tiet-xe-cho-hang-qua-cua-khau-huu-nghi-de-phuc-vu-giao-luu-quoc-phong-viet-trung-20250411084025881.htm via JSON-LD+Tags
2025-05-14 16:32:43.324 INFO  [Worker-4] c.d.crawler.storage.ArticleStorage [ArticleStorage.java:52] - Saved article: https://tuoitre.vn/tiet-kiem-ngan-ti-dong-voi-cua-khau-thong-minh-20241224093144233.htm via JSON-LD+Tags
2025-05-14 16:32:44.913 INFO  [Worker-4] c.d.crawler.storage.ArticleStorage [ArticleStorage.java:52] - Saved article: https://tuoitre.vn/inter-milan-vao-chung-ket-champions-league-sau-120-phut-kich-chien-voi-barca-20250507033232841.htm via JSON-LD+Tags
2025-05-14 16:32:44.940 INFO  [Worker-1] c.d.crawler.storage.ArticleStorage [ArticleStorage.java:52] - Saved article: https://tuoitre.vn/chung-ket-champions-league-psg-duoc-danh-gia-nhinh-hon-inter-milan-20250508044110745.htm via JSON-LD+Tags
2025-05-14 16:32:45.189 INFO  [Worker-1] c.d.crawler.storage.ArticleStorage [ArticleStorage.java:52] - Saved article: https://tuoitre.vn/con-trai-ronaldo-ra-mat-tuyen-u15-bo-dao-nha-mac-ao-so-7-20250514070148452.htm via JSON-LD+Tags
2025-05-14 16:32:45.276 INFO  [Worker-3] c.d.crawler.storage.ArticleStorage [ArticleStorage.java:52] - Saved article: https://tuoitre.vn/di-maria-va-nhieu-sao-serie-a-bi-to-ranh-qua-hoa-con-bac-2025041209375726.htm via JSON-LD+Tags
2025-05-14 16:32:45.348 INFO  [Worker-2] c.d.crawler.storage.ArticleStorage [ArticleStorage.java:52] - Saved article: https://tuoitre.vn/davide-frattesi-suyt-ngat-xiu-khi-mung-ban-thang-cho-inter-milan-2025050711224833.htm via JSON-LD+Tags
2025-05-14 16:32:45.355 INFO  [Worker-5] c.d.crawler.storage.ArticleStorage [ArticleStorage.java:52] - Saved article: https://tuoitre.vn/tin-tuc-the-thao-sang-14-5-rodrygo-doi-roi-real-madrid-20250513203434054.htm via JSON-LD+Tags
2025-05-14 16:32:45.653 INFO  [Worker-5] c.d.crawler.storage.ArticleStorage [ArticleStorage.java:52] - Saved article: https://dantri.com.vn/phap-luat/tam-hoan-phien-toa-xet-xu-cuu-chu-tich-thanh-pho-soc-trang-20250513103601131.htm via JSON-LD+Tags
2025-05-14 16:32:45.681 INFO  [Worker-4] c.d.crawler.storage.ArticleStorage [ArticleStorage.java:52] - Saved article: https://dantri.com.vn/phap-luat/khoi-to-4-nguoi-trong-vu-san-xuat-thuc-pham-chuc-nang-gia-cho-tre-em-20250428194401676.htm via JSON-LD+Tags
2025-05-14 16:32:45.928 INFO  [Worker-5] c.d.crawler.storage.ArticleStorage [ArticleStorage.java:52] - Saved article: https://dantri.com.vn/phap-luat/nguoi-danh-chay-mau-mieng-co-gai-23-tuoi-la-can-bo-xa-20250512200940310.htm via JSON-LD+Tags
2025-05-14 16:32:47.774 INFO  [Worker-3] c.d.crawler.storage.ArticleStorage [ArticleStorage.java:52] - Saved article: https://tuoitre.vn/vu-nhieu-hoc-sinh-lop-12-tu-nguyen-xin-nghi-hoc-nha-truong-bao-cao-gi-20250510092707284.htm via JSON-LD+Tags
2025-05-14 16:32:48.043 INFO  [Worker-3] c.d.crawler.storage.ArticleStorage [ArticleStorage.java:52] - Saved article: https://tuoitre.vn/lam-ro-vu-nhieu-hoc-sinh-lop-12-tu-nguyen-nghi-hoc-truoc-ky-thi-tot-nghiep-2025050915054558.htm via JSON-LD+Tags
2025-05-14 16:32:48.182 INFO  [Worker-0] c.d.crawler.storage.ArticleStorage [ArticleStorage.java:52] - Saved article: https://tuoitre.vn/133-hoc-sinh-duoc-mien-thi-tot-nghiep-thpt-va-uu-tien-xet-tuyen-thang-vao-dai-hoc-20250508092917689.htm via JSON-LD+Tags
2025-05-14 16:32:48.299 INFO  [Worker-2] c.d.crawler.storage.ArticleStorage [ArticleStorage.java:52] - Saved article: https://tuoitre.vn/thu-tuong-yeu-cau-ra-soat-ky-de-thi-tot-nghiep-thpt-2025-chu-dong-ngan-tieu-cuc-20250508194806105.htm via JSON-LD+Tags
2025-05-14 16:32:49.229 INFO  [Worker-4] c.d.crawler.storage.ArticleStorage [ArticleStorage.java:52] - Saved article: https://tuoitre.vn/thu-vi-hinh-anh-mat-troi-lot-thom-giua-vong-tron-hao-quang-20250313123832466.htm via JSON-LD+Tags
2025-05-14 16:32:52.463 INFO  [Worker-4] c.d.crawler.storage.ArticleStorage [ArticleStorage.java:52] - Saved article: https://dantri.com.vn/o-to-xe-may/xe-16-cho-lao-thang-vao-hong-xe-tai-o-nga-tu-bai-hoc-lon-cho-cac-tai-xe-20250512164026923.htm via JSON-LD+Tags
2025-05-14 16:32:52.524 INFO  [Worker-2] c.d.crawler.storage.ArticleStorage [ArticleStorage.java:52] - Saved article: https://dantri.com.vn/o-to-xe-may/chay-song-song-voi-xe-container-o-to-con-tu-dat-minh-vao-the-bi-20250506145249068.htm via JSON-LD+Tags
2025-05-14 16:32:52.800 INFO  [Worker-2] c.d.crawler.storage.ArticleStorage [ArticleStorage.java:52] - Saved article: https://dantri.com.vn/o-to-xe-may/khong-co-chuyen-cam-o-to-san-xuat-truoc-nam-2017-vao-ha-noi-va-tphcm-20250512173738364.htm via JSON-LD+Tags
2025-05-14 16:32:54.029 INFO  [SpringApplicationShutdownHook] org.quartz.core.QuartzScheduler [QuartzScheduler.java:585] - Scheduler quartzScheduler_$_NON_CLUSTERED paused.
2025-05-14 16:32:54.031 INFO  [SpringApplicationShutdownHook] o.s.b.w.e.tomcat.GracefulShutdown [GracefulShutdown.java:54] - Commencing graceful shutdown. Waiting for active requests to complete
2025-05-14 16:32:54.041 INFO  [tomcat-shutdown] o.s.b.w.e.tomcat.GracefulShutdown [GracefulShutdown.java:76] - Graceful shutdown complete
2025-05-14 16:32:54.190 INFO  [SpringApplicationShutdownHook] org.quartz.core.QuartzScheduler [QuartzScheduler.java:666] - Scheduler quartzScheduler_$_NON_CLUSTERED shutting down.
2025-05-14 16:32:54.190 INFO  [SpringApplicationShutdownHook] org.quartz.core.QuartzScheduler [QuartzScheduler.java:585] - Scheduler quartzScheduler_$_NON_CLUSTERED paused.
2025-05-14 16:32:54.596 INFO  [SpringApplicationShutdownHook] org.quartz.core.QuartzScheduler [QuartzScheduler.java:740] - Scheduler quartzScheduler_$_NON_CLUSTERED shutdown complete.
2025-05-14 16:32:54.596 INFO  [SpringApplicationShutdownHook] c.d.crawler.service.CrawlService [CrawlService.java:84] - Quartz scheduler shut down
2025-05-14 16:32:54.596 INFO  [SpringApplicationShutdownHook] c.d.crawler.service.CrawlService [CrawlService.java:88] - CrawlService stopped
2025-05-14 16:32:54.597 INFO  [SpringApplicationShutdownHook] o.s.s.quartz.SchedulerFactoryBean [SchedulerFactoryBean.java:845] - Shutting down Quartz Scheduler
2025-05-14 16:47:59.986 INFO  [restartedMain] c.dantri.crawler.CrawlerApplication [StartupInfoLogger.java:53] - Starting CrawlerApplication using Java 21.0.7 with PID 29722 (/home/son/Documents/hoc_java/Crawler/target/classes started by son in /home/son/Documents/hoc_java/Crawler)
2025-05-14 16:47:59.988 INFO  [restartedMain] c.dantri.crawler.CrawlerApplication [SpringApplication.java:652] - No active profile set, falling back to 1 default profile: "default"
2025-05-14 16:48:00.024 INFO  [restartedMain] o.s.b.d.e.DevToolsPropertyDefaultsPostProcessor [DeferredLog.java:252] - Devtools property defaults active! Set 'spring.devtools.add-properties' to 'false' to disable
2025-05-14 16:48:00.025 INFO  [restartedMain] o.s.b.d.e.DevToolsPropertyDefaultsPostProcessor [DeferredLog.java:252] - For additional web related logging consider setting the 'logging.level.web' property to 'DEBUG'
2025-05-14 16:48:00.424 INFO  [restartedMain] o.s.d.r.c.RepositoryConfigurationDelegate [RepositoryConfigurationDelegate.java:295] - Multiple Spring Data modules found, entering strict repository configuration mode
2025-05-14 16:48:00.426 INFO  [restartedMain] o.s.d.r.c.RepositoryConfigurationDelegate [RepositoryConfigurationDelegate.java:143] - Bootstrapping Spring Data Redis repositories in DEFAULT mode.
2025-05-14 16:48:00.452 INFO  [restartedMain] o.s.d.r.c.RepositoryConfigurationDelegate [RepositoryConfigurationDelegate.java:211] - Finished Spring Data repository scanning in 11 ms. Found 0 Redis repository interfaces.
2025-05-14 16:48:00.779 INFO  [restartedMain] o.s.b.w.e.tomcat.TomcatWebServer [TomcatWebServer.java:111] - Tomcat initialized with port 8080 (http)
2025-05-14 16:48:00.793 INFO  [restartedMain] o.a.coyote.http11.Http11NioProtocol [DirectJDKLog.java:168] - Initializing ProtocolHandler ["http-nio-8080"]
2025-05-14 16:48:00.796 INFO  [restartedMain] o.a.catalina.core.StandardService [DirectJDKLog.java:168] - Starting service [Tomcat]
2025-05-14 16:48:00.797 INFO  [restartedMain] o.a.catalina.core.StandardEngine [DirectJDKLog.java:168] - Starting Servlet engine: [Apache Tomcat/10.1.40]
2025-05-14 16:48:00.828 INFO  [restartedMain] o.a.c.c.C.[Tomcat].[localhost].[/] [DirectJDKLog.java:168] - Initializing Spring embedded WebApplicationContext
2025-05-14 16:48:00.828 INFO  [restartedMain] o.s.b.w.s.c.ServletWebServerApplicationContext [ServletWebServerApplicationContext.java:301] - Root WebApplicationContext: initialization completed in 802 ms
2025-05-14 16:48:00.890 INFO  [restartedMain] c.d.crawler.queue.CrawlQueueManager [CrawlQueueManager.java:20] - Queue capacity = 50000
2025-05-14 16:48:00.926 INFO  [restartedMain] org.quartz.impl.StdSchedulerFactory [StdSchedulerFactory.java:1220] - Using default implementation for ThreadExecutor
2025-05-14 16:48:00.934 INFO  [restartedMain] o.quartz.core.SchedulerSignalerImpl [SchedulerSignalerImpl.java:61] - Initialized Scheduler Signaller of type: class org.quartz.core.SchedulerSignalerImpl
2025-05-14 16:48:00.934 INFO  [restartedMain] org.quartz.core.QuartzScheduler [QuartzScheduler.java:229] - Quartz Scheduler v.2.3.2 created.
2025-05-14 16:48:00.934 INFO  [restartedMain] org.quartz.simpl.RAMJobStore [RAMJobStore.java:155] - RAMJobStore initialized.
2025-05-14 16:48:00.935 INFO  [restartedMain] org.quartz.core.QuartzScheduler [QuartzScheduler.java:294] - Scheduler meta-data: Quartz Scheduler (v2.3.2) 'quartzScheduler' with instanceId 'NON_CLUSTERED'
  Scheduler class: 'org.quartz.core.QuartzScheduler' - running locally.
  NOT STARTED.
  Currently in standby mode.
  Number of jobs executed: 0
  Using thread pool 'org.quartz.simpl.SimpleThreadPool' - with 10 threads.
  Using job-store 'org.quartz.simpl.RAMJobStore' - which does not support persistence. and is not clustered.

2025-05-14 16:48:00.935 INFO  [restartedMain] org.quartz.impl.StdSchedulerFactory [StdSchedulerFactory.java:1374] - Quartz scheduler 'quartzScheduler' initialized from an externally provided properties instance.
2025-05-14 16:48:00.935 INFO  [restartedMain] org.quartz.impl.StdSchedulerFactory [StdSchedulerFactory.java:1378] - Quartz scheduler version: 2.3.2
2025-05-14 16:48:00.936 INFO  [restartedMain] org.quartz.core.QuartzScheduler [QuartzScheduler.java:2293] - JobFactory set to: org.springframework.scheduling.quartz.SpringBeanJobFactory@4fe9b62c
2025-05-14 16:48:01.381 INFO  [restartedMain] o.s.b.d.a.OptionalLiveReloadServer [OptionalLiveReloadServer.java:59] - LiveReload server is running on port 35729
2025-05-14 16:48:01.389 INFO  [restartedMain] o.a.coyote.http11.Http11NioProtocol [DirectJDKLog.java:168] - Starting ProtocolHandler ["http-nio-8080"]
2025-05-14 16:48:01.397 INFO  [restartedMain] o.s.b.w.e.tomcat.TomcatWebServer [TomcatWebServer.java:243] - Tomcat started on port 8080 (http) with context path '/'
2025-05-14 16:48:01.399 INFO  [restartedMain] o.s.s.quartz.SchedulerFactoryBean [SchedulerFactoryBean.java:730] - Starting Quartz Scheduler now
2025-05-14 16:48:01.399 INFO  [restartedMain] org.quartz.core.QuartzScheduler [QuartzScheduler.java:547] - Scheduler quartzScheduler_$_NON_CLUSTERED started.
2025-05-14 16:48:01.405 INFO  [restartedMain] c.dantri.crawler.CrawlerApplication [StartupInfoLogger.java:59] - Started CrawlerApplication in 1.782 seconds (process running for 2.008)
2025-05-14 16:48:01.410 INFO  [Worker-0] c.dantri.crawler.worker.CrawlWorker [CrawlWorker.java:67] - Worker Worker-0 started
2025-05-14 16:48:01.410 INFO  [Worker-1] c.dantri.crawler.worker.CrawlWorker [CrawlWorker.java:67] - Worker Worker-1 started
2025-05-14 16:48:01.411 INFO  [Worker-2] c.dantri.crawler.worker.CrawlWorker [CrawlWorker.java:67] - Worker Worker-2 started
2025-05-14 16:48:01.411 INFO  [Worker-3] c.dantri.crawler.worker.CrawlWorker [CrawlWorker.java:67] - Worker Worker-3 started
2025-05-14 16:48:01.411 INFO  [Worker-4] c.dantri.crawler.worker.CrawlWorker [CrawlWorker.java:67] - Worker Worker-4 started
2025-05-14 16:48:01.412 INFO  [Worker-5] c.dantri.crawler.worker.CrawlWorker [CrawlWorker.java:67] - Worker Worker-5 started
2025-05-14 16:48:01.412 INFO  [restartedMain] c.d.crawler.service.CrawlService [CrawlService.java:47] - Started 6 CrawlWorker threads (maxLevel=4)
2025-05-14 16:48:01.416 INFO  [restartedMain] org.quartz.core.QuartzScheduler [QuartzScheduler.java:547] - Scheduler quartzScheduler_$_NON_CLUSTERED started.
2025-05-14 16:48:01.416 INFO  [restartedMain] c.d.crawler.service.CrawlService [CrawlService.java:72] - Quartz scheduler started: CrawlJob every 5 minutes
2025-05-14 16:48:01.419 INFO  [quartzScheduler_Worker-1] com.dantri.crawler.job.CrawlJob [CrawlJob.java:26] - Scheduled startUrl: https://dantri.com.vn/
2025-05-14 16:48:01.420 INFO  [quartzScheduler_Worker-1] com.dantri.crawler.job.CrawlJob [CrawlJob.java:26] - Scheduled startUrl: https://vnexpress.net/
2025-05-14 16:48:01.420 INFO  [quartzScheduler_Worker-1] com.dantri.crawler.job.CrawlJob [CrawlJob.java:26] - Scheduled startUrl: https://tuoitre.vn/
2025-05-14 16:48:01.420 INFO  [quartzScheduler_Worker-1] com.dantri.crawler.job.CrawlJob [CrawlJob.java:26] - Scheduled startUrl: https://vietnamnet.vn/
2025-05-14 16:48:01.420 INFO  [quartzScheduler_Worker-1] com.dantri.crawler.job.CrawlJob [CrawlJob.java:26] - Scheduled startUrl: https://tienphong.vn/
2025-05-14 16:48:01.420 INFO  [quartzScheduler_Worker-1] com.dantri.crawler.job.CrawlJob [CrawlJob.java:26] - Scheduled startUrl: https://thanhnien.vn/
2025-05-14 16:48:01.420 INFO  [quartzScheduler_Worker-1] com.dantri.crawler.job.CrawlJob [CrawlJob.java:26] - Scheduled startUrl: https://vtcnews.vn/
2025-05-14 16:48:01.420 INFO  [quartzScheduler_Worker-1] com.dantri.crawler.job.CrawlJob [CrawlJob.java:26] - Scheduled startUrl: https://danviet.vn/
2025-05-14 16:48:01.420 INFO  [quartzScheduler_Worker-1] com.dantri.crawler.job.CrawlJob [CrawlJob.java:26] - Scheduled startUrl: https://nhandan.vn/
2025-05-14 16:48:01.420 INFO  [quartzScheduler_Worker-1] com.dantri.crawler.job.CrawlJob [CrawlJob.java:26] - Scheduled startUrl: https://www.qdnd.vn/
2025-05-14 16:48:01.420 INFO  [quartzScheduler_Worker-1] com.dantri.crawler.job.CrawlJob [CrawlJob.java:26] - Scheduled startUrl: https://soha.vn/
2025-05-14 16:48:01.420 INFO  [quartzScheduler_Worker-1] com.dantri.crawler.job.CrawlJob [CrawlJob.java:26] - Scheduled startUrl: https://baochinhphu.vn/
2025-05-14 16:48:02.856 INFO  [Worker-0] c.d.crawler.storage.ArticleStorage [ArticleStorage.java:52] - Saved article: https://tuoitre.vn/ong-trump-la-tong-thong-my-dau-tien-gap-lanh-dao-syria-trong-25-nam-qua-20250514161322354.htm via JSON-LD+Tags
2025-05-14 16:48:02.856 INFO  [Worker-1] c.d.crawler.storage.ArticleStorage [ArticleStorage.java:52] - Saved article: https://tuoitre.vn/se-xu-ly-trach-nhiem-nha-truong-huong-dan-hoc-sinh-viet-don-tu-nguyen-nghi-hoc-20250514161515642.htm via JSON-LD+Tags
2025-05-14 16:48:02.886 INFO  [Worker-2] c.d.crawler.storage.ArticleStorage [ArticleStorage.java:52] - Saved article: https://tuoitre.vn/dai-bieu-quoc-hoi-de-xuat-hop-phap-hoa-lam-viec-tu-xa-trong-khu-vuc-cong-20250514155532153.htm via JSON-LD+Tags
2025-05-14 16:48:02.901 INFO  [Worker-5] c.d.crawler.storage.ArticleStorage [ArticleStorage.java:52] - Saved article: https://tuoitre.vn/luc-luong-cong-an-dan-dau-ve-so-luong-gop-y-sua-hien-phap-qua-vneid-202505141626004.htm via JSON-LD+Tags
2025-05-14 16:48:03.188 INFO  [Worker-0] c.d.crawler.storage.ArticleStorage [ArticleStorage.java:52] - Saved article: https://thanhnien.vn/ong-zelensky-noi-se-dam-phan-neu-ong-putin-truc-tiep-toi-tho-nhi-ky-185250514160005911.htm via JSON-LD+Tags
2025-05-14 16:48:03.453 INFO  [Worker-0] c.d.crawler.storage.ArticleStorage [ArticleStorage.java:52] - Saved article: https://tienphong.vn/chau-au-nhat-tri-ap-goi-trung-phat-thu-17-len-nga-nham-vao-doi-tau-cho-dau-post1742219.tpo via JSON-LD+Tags
2025-05-14 16:48:03.470 INFO  [Worker-4] c.d.crawler.storage.ArticleStorage [ArticleStorage.java:52] - Saved article: https://vietnamnet.vn/hon-12-000-hoc-sinh-o-tphcm-khong-thi-lop-10-2401107.html via JSON-LD+Tags
2025-05-14 16:48:03.492 INFO  [Worker-5] c.d.crawler.storage.ArticleStorage [ArticleStorage.java:52] - Saved article: https://tienphong.vn/tu-bao-bi-vut-bui-ram-phat-hien-nhieu-tan-sua-thuc-pham-chuc-nang-khong-ro-nguon-goc-post1742208.tpo via JSON-LD+Tags
2025-05-14 16:48:03.618 INFO  [Worker-1] c.d.crawler.storage.ArticleStorage [ArticleStorage.java:52] - Saved article: https://dantri.com.vn/noi-vu/13-ca-nhan-xuat-sac-trong-xay-dung-de-an-sap-xep-don-vi-hanh-chinh-cap-xa-20250514150741660.htm via JSON-LD+Tags
2025-05-14 16:48:03.632 INFO  [Worker-3] c.d.crawler.storage.ArticleStorage [ArticleStorage.java:52] - Saved article: https://tuoitre.vn/chung-khoan-ho-hoi-khoi-ngoai-bat-ngo-mua-rong-tro-lai-cao-nhat-2-nam-20250514163557846.htm via JSON-LD+Tags
2025-05-14 16:48:03.666 INFO  [Worker-2] c.d.crawler.storage.ArticleStorage [ArticleStorage.java:52] - Saved article: https://dantri.com.vn/kinh-doanh/dien-rac-seraphin-cong-suat-2250-tanngay-dem-bat-dau-tiep-nhan-xu-ly-rac-20250429181055161.htm via JSON-LD+Tags
2025-05-14 16:48:03.931 INFO  [Worker-1] c.d.crawler.storage.ArticleStorage [ArticleStorage.java:52] - Saved article: https://dantri.com.vn/xa-hoi/tuyen-van-tai-duong-bo-quoc-te-trung-quoc-viet-nam-chinh-thuc-khai-truong-20250514163450180.htm via JSON-LD+Tags
2025-05-14 16:48:04.171 INFO  [Worker-0] c.d.crawler.storage.ArticleStorage [ArticleStorage.java:52] - Saved article: https://tienphong.vn/mot-hoa-hau-trung-quoc-bi-phat-hien-dung-bang-dai-hoc-gia-sua-ca-bang-thac-si-post1742116.tpo via JSON-LD+Tags
2025-05-14 16:48:04.177 INFO  [Worker-2] c.d.crawler.storage.ArticleStorage [ArticleStorage.java:52] - Saved article: https://tienphong.vn/so-do-gia-ve-sieu-concert-co-g-dragon-cl-hang-dung-3-trieu-re-nhat-1-trieu-post1742225.tpo via JSON-LD+Tags
2025-05-14 16:48:04.328 INFO  [Worker-4] c.d.crawler.storage.ArticleStorage [ArticleStorage.java:52] - Saved article: https://dantri.com.vn/xa-hoi/hon-43-trieu-y-kien-gop-y-sua-doi-hien-phap-qua-ung-dung-vneid-20250514162149121.htm via JSON-LD+Tags
2025-05-14 16:48:04.337 INFO  [Worker-1] c.d.crawler.storage.ArticleStorage [ArticleStorage.java:52] - Saved article: https://nhandan.vn/vat-viet-nam-khang-dinh-vi-the-so-1-dong-nam-a-post879640.html via JSON-LD+Tags
2025-05-14 16:48:04.354 INFO  [Worker-5] c.d.crawler.storage.ArticleStorage [ArticleStorage.java:52] - Saved article: https://nhandan.vn/khu-di-tich-chu-tich-ho-chi-minh-tai-phu-chu-tich-tiep-nhan-hien-vat-post879624.html via JSON-LD+Tags
2025-05-14 16:48:04.422 INFO  [Worker-0] c.d.crawler.storage.ArticleStorage [ArticleStorage.java:52] - Saved article: https://nhandan.vn/thu-tuong-yeu-cau-mo-dot-tan-cong-cao-diem-truy-quet-day-lui-buon-lau-gian-lan-thuong-mai-post879623.html via JSON-LD+Tags
2025-05-14 16:48:04.576 INFO  [Worker-1] c.d.crawler.storage.ArticleStorage [ArticleStorage.java:52] - Saved article: https://nhandan.vn/tiep-nhan-tu-lieu-hien-vat-dac-biet-ve-chu-tich-ho-chi-minh-post869897.html via JSON-LD+Tags
2025-05-14 16:48:04.718 INFO  [Worker-5] c.d.crawler.storage.ArticleStorage [ArticleStorage.java:52] - Saved article: https://nhandan.vn/tram-mi-acecook-ra-mat-tai-cua-hang-ministop-voi-menu-chuan-nha-hang-tien-loi-moi-luc-post879625.html via JSON-LD+Tags
2025-05-14 16:48:04.899 INFO  [Worker-3] c.d.crawler.storage.ArticleStorage [ArticleStorage.java:52] - Saved article: https://dantri.com.vn/lao-dong-viec-lam/xon-xao-tin-tuyen-dung-voi-dai-ngo-tang-ca-khong-tinh-them-tien-dien-20250514150558013.htm via JSON-LD+Tags
2025-05-14 16:48:05.208 INFO  [Worker-2] c.d.crawler.storage.ArticleStorage [ArticleStorage.java:52] - Saved article: https://vtcnews.vn/vn-index-vuot-moc-1-300-diem-co-phieu-vinpearl-tiep-tuc-tang-tran-ar943206.html via JSON-LD+Tags
2025-05-14 16:48:05.208 INFO  [Worker-5] c.d.crawler.storage.ArticleStorage [ArticleStorage.java:52] - Saved article: https://vtcnews.vn/ukraine-chap-nhan-moi-hinh-thuc-dam-phan-voi-nga-chi-dat-mot-dieu-kien-ar943204.html via JSON-LD+Tags
2025-05-14 16:48:05.285 INFO  [Worker-4] c.d.crawler.storage.ArticleStorage [ArticleStorage.java:52] - Saved article: https://vtcnews.vn/cuu-tuyen-thu-u23-viet-nam-tranh-ngoi-so-1-giai-dong-nam-a-ar943199.html via JSON-LD+Tags
2025-05-14 16:48:05.296 INFO  [Worker-0] c.d.crawler.storage.ArticleStorage [ArticleStorage.java:52] - Saved article: https://vtcnews.vn/mang-xa-hoi-dong-loat-no-hoa-cuc-truoc-tin-g-dragon-bieu-dien-tai-ha-noi-ar943185.html via JSON-LD+Tags
2025-05-14 16:48:05.360 INFO  [Worker-1] c.d.crawler.storage.ArticleStorage [ArticleStorage.java:52] - Saved article: https://vtcnews.vn/3-loai-gia-vi-tuong-lanh-tinh-nhung-dang-am-tham-pha-huy-gan-neu-dung-nhieu-ar943109.html via JSON-LD+Tags
2025-05-14 16:48:05.404 INFO  [Worker-3] c.d.crawler.storage.ArticleStorage [ArticleStorage.java:52] - Saved article: https://vtcnews.vn/toyota-bz4x-doi-ten-cai-tien-manh-me-thiet-ke-va-cong-nghe-ar943182.html via JSON-LD+Tags
2025-05-14 16:48:05.966 INFO  [Worker-5] c.d.crawler.storage.ArticleStorage [ArticleStorage.java:52] - Saved article: https://baochinhphu.vn/huyen-nam-dan-nghe-an-dat-chuan-nong-thon-moi-nang-cao-102250514162547167.htm via JSON-LD+Tags
2025-05-14 16:48:09.222 INFO  [Worker-4] c.d.crawler.storage.ArticleStorage [ArticleStorage.java:52] - Saved article: https://danviet.vn/du-an-duong-sat-toc-do-cao-bac--nam-doanh-nghiep-kien-nghi-chinh-phu-som-co-huong-dan-cu-the-hon-ve-tieu-chi-chi-dinh-thau-d1332185.html via JSON-LD+Tags
2025-05-14 16:48:09.223 INFO  [Worker-3] c.d.crawler.storage.ArticleStorage [ArticleStorage.java:52] - Saved article: https://danviet.vn/truong-top-1-dai-hoc-tot-nhat-the-gioi-tung-hoc-bong-khung-danh-cho-hoc-sinh-viet-nam-d1332194.html via JSON-LD+Tags
2025-05-14 16:48:09.239 INFO  [Worker-1] c.d.crawler.storage.ArticleStorage [ArticleStorage.java:52] - Saved article: https://danviet.vn/nguoi-lam-noi-ung-de-quan-ta-tieu-diet-don-cam-pho-nam-la-ai-d1332033.html via JSON-LD+Tags
2025-05-14 16:48:14.051 INFO  [Worker-1] c.d.crawler.storage.ArticleStorage [ArticleStorage.java:52] - Saved article: https://tuoitre.vn/ong-trump-bi-chi-trich-nhan-hoi-lo-vi-mon-qua-cua-qatar-20250513102049189.htm via JSON-LD+Tags
2025-05-14 16:48:14.084 INFO  [Worker-3] c.d.crawler.storage.ArticleStorage [ArticleStorage.java:52] - Saved article: https://tuoitre.vn/ong-trump-bat-dau-chuyen-cong-du-dau-tien-trong-nhiem-ky-moi-20250513092405283.htm via JSON-LD+Tags
2025-05-14 16:48:15.127 INFO  [Worker-3] c.d.crawler.storage.ArticleStorage [ArticleStorage.java:52] - Saved article: https://tuoitre.vn/lam-viec-tu-xa-giai-phap-kha-thi-khi-sap-nhap-tinh-thanh-20250513152820457.htm via JSON-LD+Tags
2025-05-14 16:48:15.761 INFO  [Worker-1] c.d.crawler.storage.ArticleStorage [ArticleStorage.java:52] - Saved article: https://tuoitre.vn/tong-bi-thu-to-lam-ghi-nhan-day-du-khach-quan-cac-y-kien-dong-gop-cua-nhan-dan-ve-sua-hien-phap-20250513184409298.htm via JSON-LD+Tags
2025-05-14 16:48:15.847 INFO  [Worker-3] c.d.crawler.storage.ArticleStorage [ArticleStorage.java:52] - Saved article: https://tuoitre.vn/tp-hcm-to-chuc-gop-y-du-thao-sua-doi-bo-sung-hien-phap-2013-qua-vneid-20250510164429419.htm via JSON-LD+Tags
2025-05-14 16:48:15.890 INFO  [Worker-5] c.d.crawler.storage.ArticleStorage [ArticleStorage.java:52] - Saved article: https://tuoitre.vn/cac-buoc-gop-y-sua-hien-phap-tren-vneid-20250507142355326.htm via JSON-LD+Tags
2025-05-14 16:48:16.155 INFO  [Worker-1] c.d.crawler.storage.ArticleStorage [ArticleStorage.java:52] - Saved article: https://tuoitre.vn/sua-hien-phap-2013-tao-nguon-luc-phat-trien-dat-nuoc-20250508081029262.htm via JSON-LD+Tags
2025-05-14 16:48:22.589 INFO  [Worker-4] c.d.crawler.storage.ArticleStorage [ArticleStorage.java:52] - Saved article: https://tuoitre.vn/muc-dong-bao-hiem-y-te-se-co-nhieu-thay-doi-tu-ngay-1-7-20250504190906684.htm via JSON-LD+Tags
2025-05-14 16:48:22.620 INFO  [Worker-3] c.d.crawler.storage.ArticleStorage [ArticleStorage.java:52] - Saved article: https://tuoitre.vn/huong-toi-mien-vien-phi-toan-dan-bai-toan-can-tinh-ky-20250412092037283.htm via JSON-LD+Tags
2025-05-14 16:48:22.627 INFO  [Worker-5] c.d.crawler.storage.ArticleStorage [ArticleStorage.java:52] - Saved article: https://tuoitre.vn/benh-vien-dau-tien-ho-tro-mua-bao-hiem-y-te-cho-benh-nhan-ca-nuoc-20250409184438685.htm via JSON-LD+Tags
2025-05-14 16:48:22.635 INFO  [Worker-0] c.d.crawler.storage.ArticleStorage [ArticleStorage.java:52] - Saved article: https://tuoitre.vn/thay-doi-ve-cap-the-bao-hiem-y-te-truong-hop-nao-duoc-cap-moi-the-giay-20250331090156853.htm via JSON-LD+Tags
2025-05-14 16:48:22.638 INFO  [Worker-2] c.d.crawler.storage.ArticleStorage [ArticleStorage.java:52] - Saved article: https://tuoitre.vn/truong-hop-nao-khong-duoc-chi-tra-bao-hiem-y-te-20250401154259649.htm via JSON-LD+Tags
2025-05-14 16:48:22.694 INFO  [Worker-1] c.d.crawler.storage.ArticleStorage [ArticleStorage.java:52] - Saved article: https://tuoitre.vn/tong-bi-thu-to-lam-tien-toi-mien-vien-phi-toan-dan-vao-2030-2035-20250507084516568.htm via JSON-LD+Tags
2025-05-14 16:48:22.879 INFO  [Worker-3] c.d.crawler.storage.ArticleStorage [ArticleStorage.java:52] - Saved article: https://tuoitre.vn/tu-ngay-1-7-kham-chua-benh-voi-bao-hiem-y-te-nguoi-benh-them-nhieu-quyen-loi-20250327220550784.htm via JSON-LD+Tags
2025-05-14 16:48:22.888 INFO  [Worker-5] c.d.crawler.storage.ArticleStorage [ArticleStorage.java:52] - Saved article: https://tuoitre.vn/tu-ngay-1-7-kham-chua-benh-bhyt-khong-phan-biet-dia-gioi-20250327104813478.htm via JSON-LD+Tags
2025-05-14 16:48:22.940 INFO  [Worker-1] c.d.crawler.storage.ArticleStorage [ArticleStorage.java:52] - Saved article: https://tuoitre.vn/chi-phi-bao-hiem-y-te-tang-theo-luong-co-so-nguoi-thu-nhap-thap-co-duoc-giam-phi-20250313154001566.htm via JSON-LD+Tags
2025-05-14 16:48:23.008 INFO  [Worker-4] c.d.crawler.storage.ArticleStorage [ArticleStorage.java:52] - Saved article: https://tuoitre.vn/su-dung-sai-the-bao-hiem-y-te-bi-phat-nhu-the-nao-20250329122003191.htm via JSON-LD+Tags
2025-05-14 16:48:23.031 INFO  [Worker-2] c.d.crawler.storage.ArticleStorage [ArticleStorage.java:52] - Saved article: https://tuoitre.vn/nguoi-tham-gia-bhxh-bhyt-can-cap-nhat-can-cuoc-cong-dan-truoc-31-3-20250317094516337.htm via JSON-LD+Tags
2025-05-14 16:48:23.051 INFO  [Worker-0] c.d.crawler.storage.ArticleStorage [ArticleStorage.java:52] - Saved article: https://tuoitre.vn/kham-benh-bao-hiem-y-te-vao-cuoi-tuan-co-duoc-chi-tra-khong-20250317115023554.htm via JSON-LD+Tags
2025-05-14 16:48:23.123 INFO  [Worker-3] c.d.crawler.storage.ArticleStorage [ArticleStorage.java:52] - Saved article: https://tuoitre.vn/nguoi-co-the-bao-hiem-y-te-khong-phai-tra-tien-neu-chi-phi-kham-chua-benh-duoi-351-000-dong-20250301173930296.htm via JSON-LD+Tags
2025-05-14 16:48:23.277 INFO  [Worker-5] c.d.crawler.storage.ArticleStorage [ArticleStorage.java:52] - Saved article: https://tuoitre.vn/bo-quoc-phong-tra-loi-viec-cham-cap-the-bao-hiem-y-te-cho-than-nhan-cua-quan-nhan-tai-ngu-20250222114915206.htm via JSON-LD+Tags
2025-05-14 16:48:23.440 INFO  [Worker-2] c.d.crawler.storage.ArticleStorage [ArticleStorage.java:52] - Saved article: https://tuoitre.vn/de-xuat-ho-tro-dong-bao-hiem-y-te-bao-hiem-xa-hoi-tu-1-1-2026-2025021614373647.htm via JSON-LD+Tags
2025-05-14 16:48:23.574 INFO  [Worker-5] c.d.crawler.storage.ArticleStorage [ArticleStorage.java:52] - Saved article: https://tuoitre.vn/trung-quoc-bat-ngo-cong-bo-sach-trang-ve-dai-dich-neu-kha-nang-covid-19-bat-nguon-tu-my-202505010707278.htm via JSON-LD+Tags
2025-05-14 16:48:23.609 INFO  [Worker-3] c.d.crawler.storage.ArticleStorage [ArticleStorage.java:52] - Saved article: https://tuoitre.vn/canh-bao-lay-lan-covid-19-dip-tet-songkran-te-nuoc-tai-thai-lan-20250414222241818.htm via JSON-LD+Tags
2025-05-14 16:48:23.841 INFO  [Worker-2] c.d.crawler.storage.ArticleStorage [ArticleStorage.java:52] - Saved article: https://tuoitre.vn/nong-tham-phan-my-ra-phan-quyet-yeu-cau-trung-quoc-boi-thuong-24-ti-usd-vi-covid-19-20250308210148421.htm via JSON-LD+Tags
2025-05-14 16:48:23.842 INFO  [Worker-4] c.d.crawler.storage.ArticleStorage [ArticleStorage.java:52] - Saved article: https://tuoitre.vn/who-dat-thoa-thuan-ve-nguyen-tac-cach-ung-pho-voi-dai-dich-tuong-lai-20250412181222713.htm via JSON-LD+Tags
2025-05-14 16:48:24.015 INFO  [Worker-0] c.d.crawler.storage.ArticleStorage [ArticleStorage.java:52] - Saved article: https://tuoitre.vn/cu-tri-tp-hcm-thong-tuyen-bao-hiem-y-te-chat-luong-thuoc-giua-cac-tuyen-co-khac-nhau-20250216131421045.htm via JSON-LD+Tags
2025-05-14 16:48:24.126 INFO  [Worker-5] c.d.crawler.storage.ArticleStorage [ArticleStorage.java:52] - Saved article: https://tuoitre.vn/phat-thong-bao-tim-than-nhan-cua-16-nguoi-mat-vi-covid-19-chua-co-nguoi-nhan-tro-cot-20250123074117604.htm via JSON-LD+Tags
2025-05-14 16:48:24.241 INFO  [Worker-4] c.d.crawler.storage.ArticleStorage [ArticleStorage.java:52] - Saved article: https://tuoitre.vn/tieu-ban-dac-biet-cua-my-phat-hien-gi-trong-vu-covid-19-nghi-ro-ri-tu-phong-thi-nghiem-trung-quoc-20241203120831531.htm via JSON-LD+Tags
2025-05-14 16:48:24.264 INFO  [Worker-3] c.d.crawler.storage.ArticleStorage [ArticleStorage.java:52] - Saved article: https://tuoitre.vn/tinh-thong-bao-tra-lai-tien-xet-nghiem-covid-thu-thua-nhung-hon-400-nguoi-khong-den-nhan-20241209155249895.htm via JSON-LD+Tags
2025-05-14 16:48:26.578 INFO  [Worker-2] c.d.crawler.storage.ArticleStorage [ArticleStorage.java:52] - Saved article: https://vietnamnet.vn/tphcm-cong-bo-chi-tieu-lop-10-nam-2025-cua-110-truong-cong-lap-2390130.html via JSON-LD+Tags
2025-05-14 16:48:26.625 INFO  [Worker-3] c.d.crawler.storage.ArticleStorage [ArticleStorage.java:52] - Saved article: https://vietnamnet.vn/top-20-truong-co-ty-le-choi-lop-10-cao-nhat-tphcm-2401024.html via JSON-LD+Tags
2025-05-14 16:48:26.918 INFO  [Worker-4] c.d.crawler.storage.ArticleStorage [ArticleStorage.java:52] - Saved article: https://vietnamnet.vn/tphcm-cong-bo-ngay-thi-lop-10-nam-2025-2368918.html via JSON-LD+Tags
2025-05-14 16:48:27.554 INFO  [Worker-1] c.d.crawler.storage.ArticleStorage [ArticleStorage.java:52] - Saved article: https://tienphong.vn/cong-an-ha-noi-lap-chuyen-an-ngan-chan-sua-gia-thuoc-gia-post1740252.tpo via JSON-LD+Tags
2025-05-14 16:48:27.562 INFO  [Worker-4] c.d.crawler.storage.ArticleStorage [ArticleStorage.java:52] - Saved article: https://tienphong.vn/post-1738131.tpo via JSON-LD+Tags
2025-05-14 16:48:27.572 INFO  [Worker-5] c.d.crawler.storage.ArticleStorage [ArticleStorage.java:52] - Saved article: https://tienphong.vn/post-1739936.tpo via JSON-LD+Tags
2025-05-14 16:48:27.818 INFO  [Worker-3] c.d.crawler.storage.ArticleStorage [ArticleStorage.java:52] - Saved article: https://tienphong.vn/dai-bieu-quoc-hoi-vu-gan-600-loai-sua-gia-phoi-bay-su-buong-long-quan-ly-post1739879.tpo via JSON-LD+Tags
2025-05-14 16:48:27.821 INFO  [Worker-1] c.d.crawler.storage.ArticleStorage [ArticleStorage.java:52] - Saved article: https://tienphong.vn/bac-ninh-thu-hoi-12-san-pham-sua-bot-gia-post1738131.tpo via JSON-LD+Tags
2025-05-14 16:48:27.823 INFO  [Worker-0] c.d.crawler.storage.ArticleStorage [ArticleStorage.java:52] - Saved article: https://tienphong.vn/sua-gia-va-nhung-hiem-hoa-khon-luong-voi-suc-khoe-post1736423.tpo via JSON-LD+Tags
2025-05-14 16:48:27.873 INFO  [Worker-2] c.d.crawler.storage.ArticleStorage [ArticleStorage.java:52] - Saved article: https://tienphong.vn/so-y-te-thanh-pho-hue-thong-tin-ve-sua-gia-tren-dia-ban-post1736653.tpo via JSON-LD+Tags
2025-05-14 16:48:30.979 INFO  [Worker-4] c.d.crawler.storage.ArticleStorage [ArticleStorage.java:52] - Saved article: https://dantri.com.vn/noi-vu/quang-nam-yeu-cau-so-nganh-de-xuat-phuong-an-dat-tru-so-sau-hop-nhat-20250507161806482.htm via JSON-LD+Tags
2025-05-14 16:48:31.019 INFO  [Worker-2] c.d.crawler.storage.ArticleStorage [ArticleStorage.java:52] - Saved article: https://dantri.com.vn/noi-vu/hai-xa-dao-duoc-giu-nguyen-do-yeu-to-dac-thu-20250429142234651.htm via JSON-LD+Tags
2025-05-14 16:48:31.020 INFO  [Worker-5] c.d.crawler.storage.ArticleStorage [ArticleStorage.java:52] - Saved article: https://dantri.com.vn/xa-hoi/quang-nam-de-xuat-dieu-chinh-lang-dai-hoc-da-nang-vao-thanh-pho-tam-ky-20250429183330665.htm via JSON-LD+Tags
2025-05-14 16:48:31.068 INFO  [http-nio-8080-exec-1] o.a.c.c.C.[Tomcat].[localhost].[/] [DirectJDKLog.java:168] - Initializing Spring DispatcherServlet 'dispatcherServlet'
2025-05-14 16:48:31.068 INFO  [http-nio-8080-exec-1] o.s.web.servlet.DispatcherServlet [FrameworkServlet.java:532] - Initializing Servlet 'dispatcherServlet'
2025-05-14 16:48:31.069 INFO  [http-nio-8080-exec-1] o.s.web.servlet.DispatcherServlet [FrameworkServlet.java:554] - Completed initialization in 1 ms
2025-05-14 16:48:31.497 INFO  [Worker-3] c.d.crawler.storage.ArticleStorage [ArticleStorage.java:52] - Saved article: https://tuoitre.vn/sep-hose-da-giao-dich-thu-krx-quy-mo-toan-thi-truong-san-sang-mo-cua-ngay-5-5-20250504201441725.htm via JSON-LD+Tags
2025-05-14 16:48:31.758 INFO  [Worker-3] c.d.crawler.storage.ArticleStorage [ArticleStorage.java:52] - Saved article: https://tuoitre.vn/tin-tuc-sang-10-5-khoi-ngoai-ban-rong-hon-13-228-ti-dong-chung-khoan-20250509164150443.htm via JSON-LD+Tags
2025-05-14 16:48:31.765 INFO  [Worker-2] c.d.crawler.storage.ArticleStorage [ArticleStorage.java:52] - Saved article: https://tuoitre.vn/vpbank-lap-ky-luc-thu-xep-khoan-vay-quoc-te-lon-nhat-20250505164055383.htm via JSON-LD+Tags
2025-05-14 16:48:31.770 INFO  [Worker-5] c.d.crawler.storage.ArticleStorage [ArticleStorage.java:52] - Saved article: https://tuoitre.vn/chung-khoan-tang-41-diem-tuan-qua-chien-luoc-nao-truoc-ap-luc-ban-dang-rinh-rap-20250509200430164.htm via JSON-LD+Tags
2025-05-14 16:48:31.975 INFO  [Worker-1] c.d.crawler.storage.ArticleStorage [ArticleStorage.java:52] - Saved article: https://tuoitre.vn/chung-khoan-tuan-moi-tin-quan-trong-sap-ra-co-phieu-nao-se-duoc-chu-y-20250512094624243.htm via JSON-LD+Tags
2025-05-14 16:48:32.016 INFO  [Worker-5] c.d.crawler.storage.ArticleStorage [ArticleStorage.java:52] - Saved article: https://tuoitre.vn/co-dong-lon-o-at-ban-gan-19-trieu-co-phieu-chuyen-gi-dang-xay-ra-o-novaland-20250512134044248.htm via JSON-LD+Tags
2025-05-14 16:48:32.179 INFO  [Worker-4] c.d.crawler.storage.ArticleStorage [ArticleStorage.java:52] - Saved article: https://tuoitre.vn/hai-cong-ty-nha-ong-johnathan-hanh-nguyen-thoai-bot-von-tai-chuoi-ban-le-lon-nhat-san-bay-20250511155631937.htm via JSON-LD+Tags
2025-05-14 16:48:32.211 INFO  [Worker-3] c.d.crawler.storage.ArticleStorage [ArticleStorage.java:52] - Saved article: https://tuoitre.vn/nguoi-viet-don-dap-mo-tai-khoan-chung-khoan-gom-hang-20250509212628114.htm via JSON-LD+Tags
2025-05-14 16:48:32.217 INFO  [Worker-1] c.d.crawler.storage.ArticleStorage [ArticleStorage.java:52] - Saved article: https://tuoitre.vn/bien-dong-nhan-su-o-chung-khoan-ocbs-truoc-khi-hoa-hau-nguyen-thi-trieu-ve-lam-sep-20250507172906106.htm via JSON-LD+Tags
2025-05-14 16:48:32.290 INFO  [Worker-5] c.d.crawler.storage.ArticleStorage [ArticleStorage.java:52] - Saved article: https://tuoitre.vn/he-lo-nhung-dai-gia-tren-san-chung-khoan-dang-giu-hang-chuc-nghin-ti-dong-tien-mat-20250504195539982.htm via JSON-LD+Tags
2025-05-14 16:48:33.597 INFO  [Worker-4] c.d.crawler.storage.ArticleStorage [ArticleStorage.java:52] - Saved article: https://dantri.com.vn/kinh-doanh/tang-toc-dau-tu-vonta-huong-den-vi-the-dan-dau-nganh-thiet-bi-chieu-sang-20250509182936885.htm via JSON-LD+Tags
2025-05-14 16:48:33.663 INFO  [Worker-5] c.d.crawler.storage.ArticleStorage [ArticleStorage.java:52] - Saved article: https://dantri.com.vn/kinh-doanh/hanh-trinh-tao-nen-chat-rieng-cua-thuong-hieu-do-uong-viet-avia-3a-20250502142727673.htm via JSON-LD+Tags
2025-05-14 16:48:33.869 INFO  [Worker-4] c.d.crawler.storage.ArticleStorage [ArticleStorage.java:52] - Saved article: https://dantri.com.vn/kinh-doanh/tap-doan-amaccao-khat-vong-cung-dat-nuoc-vuon-minh-trong-ky-nguyen-moi-20250324104326771.htm via JSON-LD+Tags
2025-05-14 16:48:44.535 INFO  [Worker-3] c.d.crawler.storage.ArticleStorage [ArticleStorage.java:52] - Saved article: https://dantri.com.vn/xa-hoi/tuong-trinh-cua-vi-can-bo-xa-hanh-hung-co-gai-23-tuoi-o-bac-giang-20250513140727904.htm via JSON-LD+Tags
2025-05-14 16:48:44.563 INFO  [Worker-1] c.d.crawler.storage.ArticleStorage [ArticleStorage.java:52] - Saved article: https://dantri.com.vn/xa-hoi/chinh-phu-yeu-cau-chuan-bi-le-dieu-binh-duyet-binh-dip-quoc-khanh-29-20250513115709302.htm via JSON-LD+Tags
2025-05-14 16:48:44.565 INFO  [Worker-5] c.d.crawler.storage.ArticleStorage [ArticleStorage.java:52] - Saved article: https://dantri.com.vn/xa-hoi/co-gai-bi-xe-tong-ngoi-mot-cho-gan-2-nam-tai-xe-van-chua-bi-xet-xu-20250511230922254.htm via JSON-LD+Tags
2025-05-14 16:48:45.583 INFO  [Worker-5] c.d.crawler.storage.ArticleStorage [ArticleStorage.java:52] - Saved article: https://tienphong.vn/mien-bac-con-dot-gio-dong-bac-nao-trong-thang-5-khong-nhiet-do-ha-noi-ra-sao-post1742046.tpo via JSON-LD+Tags
2025-05-14 16:48:45.587 INFO  [Worker-2] c.d.crawler.storage.ArticleStorage [ArticleStorage.java:52] - Saved article: https://tienphong.vn/trung-quoc-mot-nguoi-dung-tay-khong-giat-bung-cua-o-to-bi-chay-de-cuu-nguoi-post1741783.tpo via JSON-LD+Tags
2025-05-14 16:48:45.587 INFO  [Worker-3] c.d.crawler.storage.ArticleStorage [ArticleStorage.java:52] - Saved article: https://tienphong.vn/voi-me-mat-con-tro-lai-noi-voi-con-bi-xe-dung-den-chuyen-gia-cung-dau-long-post1742071.tpo via JSON-LD+Tags
2025-05-14 16:48:45.865 INFO  [Worker-3] c.d.crawler.storage.ArticleStorage [ArticleStorage.java:52] - Saved article: https://tienphong.vn/sao-k-pop-cung-g-dragon-ve-ha-noi-hanbin-khong-phai-idol-nguoi-viet-duy-nhat-post1741909.tpo via JSON-LD+Tags
2025-05-14 16:48:45.886 INFO  [Worker-2] c.d.crawler.storage.ArticleStorage [ArticleStorage.java:52] - Saved article: https://tienphong.vn/lightstick-g-dragon-bi-doi-gia-gap-6-lan-that-gia-kho-luong-fanpage-canh-bao-post1742150.tpo via JSON-LD+Tags
2025-05-14 16:48:45.947 INFO  [Worker-0] c.d.crawler.storage.ArticleStorage [ArticleStorage.java:52] - Saved article: https://tienphong.vn/gia-ve-may-bay-ra-ha-noi-du-concert-co-g-dragon-cl-can-it-nhat-3-trieu-dong-post1741798.tpo via JSON-LD+Tags
2025-05-14 16:48:46.165 INFO  [Worker-5] c.d.crawler.storage.ArticleStorage [ArticleStorage.java:52] - Saved article: https://nhandan.vn/vo-dich-giai-ironman-703-da-nang-goi-ten-cac-van-dong-vien-den-tu-thai-lan-va-viet-nam-post879048.html via JSON-LD+Tags
2025-05-14 16:48:46.273 INFO  [Worker-0] c.d.crawler.storage.ArticleStorage [ArticleStorage.java:52] - Saved article: https://nhandan.vn/barca-thang-nghet-tho-real-madrid-tien-sat-ngoi-vuong-la-liga-post879037.html via JSON-LD+Tags
2025-05-14 16:48:46.373 INFO  [Worker-4] c.d.crawler.storage.ArticleStorage [ArticleStorage.java:52] - Saved article: https://nhandan.vn/giai-vo-dich-bong-ban-quoc-gia-bao-nhan-dan-lan-thu-43-tranh-cup-petrovietnam-pvcfc-nam-2025-post879138.html via JSON-LD+Tags
2025-05-14 16:48:46.378 INFO  [Worker-3] c.d.crawler.storage.ArticleStorage [ArticleStorage.java:52] - Saved article: https://nhandan.vn/anh-hop-bao-giai-vo-dich-bong-ban-quoc-gia-bao-nhan-dan-lan-thu-43-post879164.html via JSON-LD+Tags
2025-05-14 16:48:46.409 INFO  [Worker-5] c.d.crawler.storage.ArticleStorage [ArticleStorage.java:52] - Saved article: https://nhandan.vn/thua-0-2-nhat-ban-futsal-nu-viet-nam-chia-tay-giai-chau-a-post879388.html via JSON-LD+Tags
2025-05-14 16:48:46.420 INFO  [Worker-2] c.d.crawler.storage.ArticleStorage [ArticleStorage.java:52] - Saved article: https://nhandan.vn/ninh-binh-khoi-tranh-giai-bong-chuyen-hoi-nu-va-bong-chuyen-nam-nam-2025-post879049.html via JSON-LD+Tags
2025-05-14 16:48:46.448 INFO  [Worker-1] c.d.crawler.storage.ArticleStorage [ArticleStorage.java:52] - Saved article: https://nhandan.vn/manchester-united-tiep-tuc-truot-dai-tai-premier-league-post879035.html via JSON-LD+Tags
2025-05-14 16:48:46.519 INFO  [Worker-0] c.d.crawler.storage.ArticleStorage [ArticleStorage.java:52] - Saved article: https://nhandan.vn/hlv-nguyen-dinh-hoang-chung-toi-se-chuan-bi-ky-cho-tran-tu-ket-post878981.html via JSON-LD+Tags
2025-05-14 16:48:46.620 INFO  [Worker-3] c.d.crawler.storage.ArticleStorage [ArticleStorage.java:52] - Saved article: https://nhandan.vn/futsal-nu-viet-nam-gianh-ngoi-dau-bang-b-thang-tien-vao-tu-ket-chau-a-post878980.html via JSON-LD+Tags
2025-05-14 16:48:46.624 INFO  [Worker-4] c.d.crawler.storage.ArticleStorage [ArticleStorage.java:52] - Saved article: https://nhandan.vn/anh-khoanh-khac-lan-dau-nang-cup-bundesliga-cua-harry-kane-post878885.html via JSON-LD+Tags
2025-05-14 16:48:46.649 INFO  [Worker-5] c.d.crawler.storage.ArticleStorage [ArticleStorage.java:52] - Saved article: https://nhandan.vn/simone-inzaghi-vi-thuyen-truong-hoi-sinh-con-tau-dam-inter-milan-post878600.html via JSON-LD+Tags
2025-05-14 16:48:46.656 INFO  [Worker-2] c.d.crawler.storage.ArticleStorage [ArticleStorage.java:52] - Saved article: https://nhandan.vn/ha-noi-fc-va-shb-da-nang-tiep-tuc-hy-vong-post878867.html via JSON-LD+Tags
2025-05-14 16:48:46.860 INFO  [Worker-1] c.d.crawler.storage.ArticleStorage [ArticleStorage.java:52] - Saved article: https://nhandan.vn/post-878921.html via JSON-LD+Tags
2025-05-14 16:48:46.943 INFO  [Worker-4] c.d.crawler.storage.ArticleStorage [ArticleStorage.java:52] - Saved article: https://nhandan.vn/sau-lang-nhung-dong-cam-xuc-tu-khu-di-tich-chu-tich-ho-chi-minh-tai-phu-chu-tich-post851488.html via JSON-LD+Tags
2025-05-14 16:48:47.151 INFO  [Worker-5] c.d.crawler.storage.ArticleStorage [ArticleStorage.java:52] - Saved article: https://nhandan.vn/ha-nam-san-sang-cac-dieu-kien-cung-ruoc-ton-tri-xa-loi-duc-phat-post879333.html via JSON-LD+Tags
2025-05-14 16:48:47.160 INFO  [Worker-3] c.d.crawler.storage.ArticleStorage [ArticleStorage.java:52] - Saved article: https://nhandan.vn/ra-mat-cuon-sach-tieu-su-ho-chi-minh-bang-tieng-hy-lap-post879492.html via JSON-LD+Tags
2025-05-14 16:48:47.171 INFO  [Worker-4] c.d.crawler.storage.ArticleStorage [ArticleStorage.java:52] - Saved article: https://nhandan.vn/video-sao-cuc-ke-bau-vat-van-hoa-cua-dong-bao-xa-pho-post879347.html via JSON-LD+Tags
2025-05-14 16:48:47.207 INFO  [Worker-2] c.d.crawler.storage.ArticleStorage [ArticleStorage.java:52] - Saved article: https://nhandan.vn/lan-dau-tien-viet-nam-to-chuc-tuan-le-phim-tai-hy-lap-post879502.html via JSON-LD+Tags
2025-05-14 16:48:47.379 INFO  [Worker-0] c.d.crawler.storage.ArticleStorage [ArticleStorage.java:52] - Saved article: https://nhandan.vn/quy-i-nam-2025-thu-duoc-85-ty-dong-tien-tac-quyen-post879477.html via JSON-LD+Tags
2025-05-14 16:48:47.385 INFO  [Worker-5] c.d.crawler.storage.ArticleStorage [ArticleStorage.java:52] - Saved article: https://nhandan.vn/day-manh-lien-ket-giua-cac-dia-phuong-de-phat-trien-cac-san-pham-cong-nghiep-van-hoa-post879465.html via JSON-LD+Tags
2025-05-14 16:48:47.392 INFO  [Worker-3] c.d.crawler.storage.ArticleStorage [ArticleStorage.java:52] - Saved article: https://nhandan.vn/ben-bi-nghe-tam-tang-o-mien-xanh-hoa-tien-post879459.html via JSON-LD+Tags
2025-05-14 16:48:47.403 INFO  [Worker-1] c.d.crawler.storage.ArticleStorage [ArticleStorage.java:52] - Saved article: https://nhandan.vn/video-goc-da-lat-giua-long-ha-noi-post879437.html via JSON-LD+Tags
2025-05-14 16:48:47.406 INFO  [Worker-4] c.d.crawler.storage.ArticleStorage [ArticleStorage.java:52] - Saved article: https://nhandan.vn/thanh-hoa-nang-cao-chat-luong-phuc-vu-du-khach-kham-pha-di-san-post879420.html via JSON-LD+Tags
2025-05-14 16:48:47.454 INFO  [Worker-2] c.d.crawler.storage.ArticleStorage [ArticleStorage.java:52] - Saved article: https://nhandan.vn/thai-hoa-kaity-nguyen-dong-phim-hanh-dong-ve-khong-tac-cua-dien-anh-cong-an-nhan-dan-post879402.html via JSON-LD+Tags
2025-05-14 16:48:49.413 INFO  [Worker-0] c.d.crawler.storage.ArticleStorage [ArticleStorage.java:52] - Saved article: https://dantri.com.vn/xa-hoi/tong-bi-thu-lay-y-kien-nhan-dan-ve-sua-doi-hien-phap-2013-dam-bao-dung-tien-do-20250513205057746.htm via JSON-LD+Tags
2025-05-14 16:48:49.599 INFO  [Worker-5] c.d.crawler.storage.ArticleStorage [ArticleStorage.java:52] - Saved article: https://dantri.com.vn/xa-hoi/quoc-hoi-chot-sua-hien-phap-tap-trung-vao-phan-dinh-don-vi-hanh-chinh-20250505151835205.htm via JSON-LD+Tags
2025-05-14 16:48:49.628 INFO  [Worker-2] c.d.crawler.storage.ArticleStorage [ArticleStorage.java:52] - Saved article: https://dantri.com.vn/xa-hoi/tong-bi-thu-ky-dai-hoi-sau-se-tinh-sua-doi-hien-phap-mot-cach-can-ban-20250505124337980.htm via JSON-LD+Tags
2025-05-14 16:49:01.839 INFO  [Worker-4] c.d.crawler.storage.ArticleStorage [ArticleStorage.java:52] - Saved article: https://dantri.com.vn/lao-dong-viec-lam/muc-tro-cap-cao-nhat-nguoi-cao-tuoi-duoc-nhan-tu-17-20250508120428041.htm via JSON-LD+Tags
2025-05-14 16:49:02.072 INFO  [Worker-0] c.d.crawler.storage.ArticleStorage [ArticleStorage.java:52] - Saved article: https://dantri.com.vn/lao-dong-viec-lam/su-that-ve-tranh-cai-nhan-su-gioi-co-dac-quyen-khong-can-toi-van-phong-20250209012407525.htm via JSON-LD+Tags
2025-05-14 16:49:02.083 INFO  [Worker-4] c.d.crawler.storage.ArticleStorage [ArticleStorage.java:52] - Saved article: https://dantri.com.vn/lao-dong-viec-lam/vu-4-nguoi-viet-tu-vong-tai-dai-loan-nhung-loi-hua-mai-con-dang-do-20250509102536402.htm via JSON-LD+Tags
2025-05-14 16:49:05.320 INFO  [Worker-1] c.d.crawler.storage.ArticleStorage [ArticleStorage.java:52] - Saved article: https://vtcnews.vn/nga-cho-ukraine-o-tho-nhi-ky-ar943095.html via JSON-LD+Tags
2025-05-14 16:49:05.330 INFO  [Worker-5] c.d.crawler.storage.ArticleStorage [ArticleStorage.java:52] - Saved article: https://vtcnews.vn/nga-su-dung-may-bay-khong-nguoi-lai-tu-sat-moi-ukraine-khong-the-ngan-chan-ar942819.html via JSON-LD+Tags
2025-05-14 16:49:05.334 INFO  [Worker-2] c.d.crawler.storage.ArticleStorage [ArticleStorage.java:52] - Saved article: https://vtcnews.vn/ong-trump-de-nghi-tham-gia-cuoc-dam-phan-nga-ukraine-o-tho-nhi-ky-ar942923.html via JSON-LD+Tags
2025-05-14 16:49:06.739 INFO  [Worker-0] c.d.crawler.storage.ArticleStorage [ArticleStorage.java:52] - Saved article: https://vtcnews.vn/dau-doi-thai-lan-tranh-vo-dich-clb-cong-an-ha-noi-co-the-kiem-gan-20-ty-dong-ar943090.html via JSON-LD+Tags
2025-05-14 16:49:06.753 INFO  [Worker-5] c.d.crawler.storage.ArticleStorage [ArticleStorage.java:52] - Saved article: https://vtcnews.vn/hlv-polking-nham-lan-lo-ban-to-chuc-lam-kho-clb-cong-an-ha-noi-ar942968.html via JSON-LD+Tags
2025-05-14 16:49:06.758 INFO  [Worker-1] c.d.crawler.storage.ArticleStorage [ArticleStorage.java:52] - Saved article: https://vtcnews.vn/bunmathan-canh-bao-clb-cong-an-ha-noi-toi-hiem-khi-thua-doi-viet-nam-ar942973.html via JSON-LD+Tags
2025-05-14 16:49:07.422 INFO  [Worker-5] c.d.crawler.storage.ArticleStorage [ArticleStorage.java:52] - Saved article: https://vtcnews.vn/trao-luu-song-dai-ngay-trong-khach-san-vi-re-hon-thue-nha-ar936519.html via JSON-LD+Tags
2025-05-14 16:49:07.488 INFO  [Worker-2] c.d.crawler.storage.ArticleStorage [ArticleStorage.java:52] - Saved article: https://vtcnews.vn/trao-luu-dong-vi-chan-dung-bang-chatgpt-gay-sot-mang-ar935705.html via JSON-LD+Tags
2025-05-14 16:49:07.556 INFO  [Worker-3] c.d.crawler.storage.ArticleStorage [ArticleStorage.java:52] - Saved article: https://vtcnews.vn/trao-luu-ve-anh-phong-cach-snoopy-chibi-gay-sot-tiktok-ar932102.html via JSON-LD+Tags
2025-05-14 16:49:07.825 INFO  [Worker-0] c.d.crawler.storage.ArticleStorage [ArticleStorage.java:52] - Saved article: https://vtcnews.vn/ro-trao-luu-su-dung-ai-nhu-chuyen-gia-tri-lieu-tam-ly-ar937417.html via JSON-LD+Tags
2025-05-14 16:49:11.463 INFO  [Worker-4] c.d.crawler.storage.ArticleStorage [ArticleStorage.java:52] - Saved article: https://vtcnews.vn/5-dau-hieu-canh-bao-ung-thu-gan-som-mo-ho-cung-khong-nen-bo-qua-ar833038.html via JSON-LD+Tags
2025-05-14 16:49:11.538 INFO  [Worker-0] c.d.crawler.storage.ArticleStorage [ArticleStorage.java:52] - Saved article: https://vtcnews.vn/thoi-quen-dang-bao-mon-gan-moi-ngay-ma-ban-khong-biet-ar942848.html via JSON-LD+Tags
2025-05-14 16:49:11.538 INFO  [Worker-2] c.d.crawler.storage.ArticleStorage [ArticleStorage.java:52] - Saved article: https://vtcnews.vn/nhung-thoi-quen-hang-ngay-khien-ung-thu-gan-am-tham-phat-trien-ar942472.html via JSON-LD+Tags
2025-05-14 16:49:11.559 INFO  [Worker-1] c.d.crawler.storage.ArticleStorage [ArticleStorage.java:52] - Saved article: https://vtcnews.vn/ba-thoi-quen-am-tham-dau-doc-gan-nhieu-nguoi-khong-ngo-den-ar942660.html via JSON-LD+Tags
2025-05-14 16:49:22.256 INFO  [Worker-5] c.d.crawler.storage.ArticleStorage [ArticleStorage.java:52] - Saved article: https://baochinhphu.vn/kham-pha-thanh-pho-15-phut-lan-dau-tien-xuat-hien-tai-nghe-an-10225033111003014.htm via JSON-LD+Tags
2025-05-14 16:49:22.265 INFO  [Worker-1] c.d.crawler.storage.ArticleStorage [ArticleStorage.java:52] - Saved article: https://baochinhphu.vn/nghe-an-thanh-hoa-ninh-binh-hanh-trinh-ket-noi-du-lich-xanh-102250410182010356.htm via JSON-LD+Tags
2025-05-14 16:49:22.297 INFO  [Worker-4] c.d.crawler.storage.ArticleStorage [ArticleStorage.java:52] - Saved article: https://baochinhphu.vn/khong-gian-co-working-dat-gia-lan-dau-tien-xuat-hien-tai-nghe-an-102250325215830858.htm via JSON-LD+Tags
2025-05-14 16:49:22.358 INFO  [Worker-0] c.d.crawler.storage.ArticleStorage [ArticleStorage.java:52] - Saved article: https://baochinhphu.vn/quy-dinh-ve-thanh-toan-du-an-bt-tren-dia-ban-tinh-nghe-an-102250307180307997.htm via JSON-LD+Tags
2025-05-14 16:49:22.413 INFO  [Worker-3] c.d.crawler.storage.ArticleStorage [ArticleStorage.java:52] - Saved article: https://baochinhphu.vn/nghe-an-cong-bo-quyet-dinh-dieu-dong-bo-nhiem-lanh-dao-cac-so-sau-sap-xep-hop-nhat-10225030316351714.htm via JSON-LD+Tags
2025-05-14 16:49:22.533 INFO  [Worker-2] c.d.crawler.storage.ArticleStorage [ArticleStorage.java:52] - Saved article: https://baochinhphu.vn/nghe-an-phe-duyet-chu-truong-dau-tu-tba-500kv-tong-muc-dau-tu-gan-2300-ty-dong-102250103102425834.htm via JSON-LD+Tags
2025-05-14 16:49:22.589 INFO  [Worker-5] c.d.crawler.storage.ArticleStorage [ArticleStorage.java:52] - Saved article: https://baochinhphu.vn/dau-tu-du-an-wha-industrial-zone-2-nghe-an-102250101161527264.htm via JSON-LD+Tags
2025-05-14 16:49:32.815 INFO  [Worker-4] c.d.crawler.storage.ArticleStorage [ArticleStorage.java:52] - Saved article: https://vtcnews.vn/vn-index-chot-phien-tang-hon-50-diem-hang-chuc-nghin-ty-dong-do-vao-thi-truong-ar937029.html via JSON-LD+Tags
2025-05-14 16:49:32.850 INFO  [Worker-1] c.d.crawler.storage.ArticleStorage [ArticleStorage.java:52] - Saved article: https://vtcnews.vn/vn-index-tang-hon-73-diem-trang-ben-ban-nha-dau-tu-kho-mua-co-phieu-ar936812.html via JSON-LD+Tags
2025-05-14 16:49:32.862 INFO  [Worker-2] c.d.crawler.storage.ArticleStorage [ArticleStorage.java:52] - Saved article: https://vtcnews.vn/vn-index-hoi-phuc-ngoan-muc-sau-cu-roi-tu-do-70-diem-ar939263.html via JSON-LD+Tags
2025-05-14 16:49:32.915 INFO  [Worker-5] c.d.crawler.storage.ArticleStorage [ArticleStorage.java:52] - Saved article: https://vtcnews.vn/vn-index-van-giam-gan-40-diem-co-phieu-ho-vin-tro-thanh-diem-sang-ar936649.html via JSON-LD+Tags
2025-05-14 16:49:37.095 INFO  [SpringApplicationShutdownHook] org.quartz.core.QuartzScheduler [QuartzScheduler.java:585] - Scheduler quartzScheduler_$_NON_CLUSTERED paused.
2025-05-14 16:49:37.096 INFO  [SpringApplicationShutdownHook] o.s.b.w.e.tomcat.GracefulShutdown [GracefulShutdown.java:54] - Commencing graceful shutdown. Waiting for active requests to complete
2025-05-14 16:49:37.099 INFO  [tomcat-shutdown] o.s.b.w.e.tomcat.GracefulShutdown [GracefulShutdown.java:76] - Graceful shutdown complete
2025-05-14 16:49:37.247 INFO  [SpringApplicationShutdownHook] org.quartz.core.QuartzScheduler [QuartzScheduler.java:666] - Scheduler quartzScheduler_$_NON_CLUSTERED shutting down.
2025-05-14 16:49:37.247 INFO  [SpringApplicationShutdownHook] org.quartz.core.QuartzScheduler [QuartzScheduler.java:585] - Scheduler quartzScheduler_$_NON_CLUSTERED paused.
2025-05-14 16:49:37.468 INFO  [SpringApplicationShutdownHook] org.quartz.core.QuartzScheduler [QuartzScheduler.java:740] - Scheduler quartzScheduler_$_NON_CLUSTERED shutdown complete.
2025-05-14 16:49:37.468 INFO  [SpringApplicationShutdownHook] c.d.crawler.service.CrawlService [CrawlService.java:84] - Quartz scheduler shut down
2025-05-14 16:49:37.468 INFO  [SpringApplicationShutdownHook] c.d.crawler.service.CrawlService [CrawlService.java:88] - CrawlService stopped
2025-05-14 16:49:37.468 INFO  [SpringApplicationShutdownHook] o.s.s.quartz.SchedulerFactoryBean [SchedulerFactoryBean.java:845] - Shutting down Quartz Scheduler
